{
    "cumulative_timesteps": 672696968,
    "cumulative_model_updates": 80436,
    "policy_average_reward": 159.69358374627762,
    "epoch": 13417,
    "ts_since_last_save": 500386,
    "reward_running_stats": {
        "mean": [
            11.08430229673506
        ],
        "var": [
            5459750449.5747
        ],
        "shape": [
            1
        ],
        "count": 2016600
    },
    "obs_running_stats": {
        "mean": [
            -8.48003522152249e-13,
            4.775494122286458e-13,
            0.12160017641119436,
            7.279736699612304e-13,
            -9.819396499761858e-13,
            -0.010573353050561243,
            -9.935930570869533e-13,
            -6.153700733864264e-13,
            0.0005959851816543768,
            0.6331138549719448,
            0.34931948283045533,
            -0.12202523834439237,
            -0.13110584731610175,
            0.04226702841062237,
            0.13474746302950458,
            0.4969175563404944,
            0.20525800859663423,
            0.9794201375036673,
            0.9749951086201949,
            0.9765530129930662,
            0.9275734936804031,
            0.9377509332476941,
            0.9798384753006887,
            0.9798807607360742,
            0.9802502147475868,
            0.9759849332099984,
            0.9778564696189472,
            0.9801574697047891,
            0.9802019910176915,
            0.9795992985952908,
            0.979417196085155,
            0.9796414480007244,
            0.9289235529397378,
            0.9794686403901961,
            0.9794686378635256,
            0.9289235529396956,
            0.9796414505272831,
            0.9794171986120228,
            0.9795993011219806,
            0.980201993544404,
            0.9801574697048224,
            0.9778564721454017,
            0.9759849357365527,
            0.9802502147475503,
            0.9798807632627629,
            0.979838475300636,
            0.937750933247594,
            0.9275734911536881,
            0.9765530155196982,
            0.9749951111470476,
            0.9794201400304142,
            -0.01814200756094135,
            0.010325545778044483,
            0.05502116885297503,
            0.08857216147980572,
            0.0007726606644362172,
            -0.019246830590252346,
            0.012175687081883093,
            0.019628606316329764,
            0.5672725848678497,
            -0.0019007654001751753,
            0.0018563588491297615,
            -0.003660720051082759,
            0.05016276404408345,
            -0.07028304621458661,
            0.03564506877475058,
            0.1575605678293613,
            0.44100047765079586,
            0.5133006386822588,
            0.0008444494247577805,
            0.018142006850319314,
            -0.010325545797782743,
            0.05502116790545848,
            -0.0885721614008941,
            -0.0007726604078206957,
            -0.019246831379844342,
            -0.01217568668708938,
            -0.01962860613865791,
            0.5672725823416043,
            0.0019007652225189805,
            -0.0018563588947783035,
            -0.003660719656289769,
            -0.050162764280966776,
            0.0702830471620577,
            0.03564506877473574,
            0.15756057035601723,
            0.44100047701900197,
            0.5133006405769521,
            0.0008444494253745481
        ],
        "var": [
            34464016.70218927,
            29523876.399435006,
            2013741.646743126,
            5598958.475573239,
            9754790.114334641,
            2022008.5453787434,
            39163153.45264727,
            29890684.698215645,
            16612291.287064571,
            23326207.907950733,
            37327988.8107298,
            34340500.09083083,
            36233687.745003134,
            11144230.11174778,
            11198139.001185624,
            24020171.768567733,
            15686784.957546255,
            1837507.1876661896,
            2243126.1717576883,
            2101420.406385361,
            6315469.81973455,
            5467215.065659401,
            1795522.7416898806,
            1792278.186270482,
            1751491.899756708,
            2150866.808749381,
            1980973.9926583923,
            1762163.4573378915,
            1757443.3764107877,
            1808610.67942012,
            1822567.7659141726,
            1804664.0472946165,
            6200285.966841564,
            1817338.5782116088,
            1817338.5828413032,
            6200285.959028639,
            1804664.0438865866,
            1822567.745746213,
            1808610.672295414,
            1757443.370003489,
            1762163.4573378807,
            1980973.9854621992,
            2150866.8061512057,
            1751491.8997567638,
            1792277.9429901924,
            1795522.7416897921,
            5467215.05784692,
            6315469.778099917,
            2101420.400186541,
            2243125.318472396,
            1837507.1057711595,
            33416625.498841386,
            28109225.61270257,
            1060492.2210168566,
            38987426.56943577,
            45130892.09845999,
            11181153.44972684,
            15454630.195602935,
            15055654.787653716,
            34599239.97335876,
            8251824.265892597,
            12631943.67542624,
            1011152.6698423899,
            15232685.560004624,
            14966729.043907695,
            8626134.432405887,
            7545799.027472567,
            23685982.79242703,
            24014545.9757694,
            81077.42022699368,
            33416624.997658968,
            28109225.800203912,
            1060492.2107899867,
            38987426.320457555,
            45130891.72369875,
            11181153.504947854,
            15454630.135066131,
            15055654.9760721,
            34599240.62368725,
            8251824.140803624,
            12631943.737906236,
            1011152.6849409154,
            15232685.370768411,
            14966729.033730881,
            8626134.463656144,
            7545799.025889232,
            23685982.833829846,
            24014545.925248258,
            81077.42022690826
        ],
        "shape": [
            89
        ],
        "count": 96099638
    },
    "wandb_run_id": "qwkk58u3",
    "wandb_project": "rlgym-ppo",
    "wandb_entity": "gashfraude-epsi",
    "wandb_group": "unnamed-runs",
    "wandb_config": {
        "n_proc": 48,
        "min_inference_size": 36,
        "timestep_limit": 1e+16,
        "exp_buffer_size": 150000,
        "ts_per_iteration": 50000,
        "standardize_returns": true,
        "standardize_obs": true,
        "policy_layer_sizes": [
            512,
            512,
            256
        ],
        "critic_layer_sizes": [
            512,
            512,
            256
        ],
        "ppo_epochs": 2,
        "ppo_batch_size": 50000,
        "ppo_minibatch_size": 50000,
        "ppo_ent_coef": 0.01,
        "ppo_clip_range": 0.2,
        "gae_lambda": 0.95,
        "gae_gamma": 0.99,
        "policy_lr": 0.0002,
        "critic_lr": 0.0002,
        "shm_buffer_size": 8192
    }
}