{
    "cumulative_timesteps": 131595596,
    "cumulative_model_updates": 15702,
    "policy_average_reward": 529.1067802230384,
    "epoch": 2621,
    "ts_since_last_save": 500346,
    "reward_running_stats": {
        "mean": [
            17.0523298231722
        ],
        "var": [
            286176223.70358294
        ],
        "shape": [
            1
        ],
        "count": 394500
    },
    "obs_running_stats": {
        "mean": [
            -4.334849601255538e-12,
            2.4411512539658955e-12,
            0.13073926772915456,
            3.7212774310751935e-12,
            -5.019508282217326e-12,
            -0.019346640343915013,
            -5.079078548860284e-12,
            -3.1456670404047192e-12,
            0.010319274970970738,
            0.4666756123776454,
            0.24026860888171578,
            -0.1778160223938863,
            0.06933896368793796,
            0.04882009441976655,
            0.17275296303978807,
            0.619177321058589,
            0.4738663941802734,
            0.9795534373866476,
            0.9772266857768567,
            0.9772356246639127,
            0.9451034211132722,
            0.9437261080512849,
            0.9774696068327375,
            0.9772597399028314,
            0.9765735178920567,
            0.977562960581247,
            0.9764356926382451,
            0.9760536218397464,
            0.9755324091047659,
            0.9747975197195222,
            0.9735890283428007,
            0.9743876431915051,
            0.9413028441861933,
            0.973473587743675,
            0.9734735748277278,
            0.9413028441861815,
            0.9743876561075,
            0.9735890412588349,
            0.9747975326354827,
            0.9755324220206288,
            0.976053621839748,
            0.976435705554126,
            0.977562973497285,
            0.9765735178920273,
            0.9772597528186925,
            0.977469606832744,
            0.9437261080512387,
            0.9451034081973814,
            0.9772356375800728,
            0.9772266986926715,
            0.9795534503027735,
            -0.014316704095904543,
            0.004234480486968897,
            0.07355858656803409,
            0.0608400536203761,
            0.008816683599293908,
            -0.008449050805872675,
            0.007010047667032476,
            0.005589072322537513,
            0.5888161578878706,
            -0.0016766129302383482,
            0.0012837731448839048,
            -0.007547021401278508,
            0.024128306597476255,
            -0.026497350875700446,
            0.048374610634234184,
            0.11683606535444431,
            0.4247918961534902,
            0.49810258180369643,
            0.0007241848451258159,
            0.014316700463286987,
            -0.004234480587874974,
            0.07355858172456108,
            -0.06084005321675535,
            -0.008816682287517232,
            -0.00844905484211293,
            -0.007010045648912588,
            -0.0055890714143840385,
            0.5888161449718872,
            0.0016766120220841163,
            -0.0012837733782297023,
            -0.00754701938315818,
            -0.024128307808344074,
            0.026497355719187602,
            0.048374610634227586,
            0.1168360782704547,
            0.42479189292448105,
            0.4981025914906769,
            0.0007241848482792637
        ],
        "var": [
            6714713.427415444,
            4921068.124696233,
            504010.1809267965,
            917737.959120361,
            1024356.0854799699,
            478891.1254288504,
            6411692.471495586,
            6164013.716163526,
            2910776.237571149,
            5127338.612516701,
            4677676.671650707,
            3645216.0802902444,
            4627184.617411392,
            2001306.3658399752,
            2680445.174638763,
            4429027.228603936,
            4697349.697545883,
            277016.0001039062,
            318627.10264831595,
            319221.0629528694,
            834780.2683452724,
            855868.7963083724,
            311087.04688517883,
            315509.1957927744,
            321116.80479005363,
            310790.6838551252,
            332667.19889225403,
            332539.2281712976,
            341252.16076350206,
            349958.49568898557,
            368679.18766785157,
            357211.21490881755,
            894051.1773666311,
            370245.85480541183,
            370245.85652370844,
            894051.1695542047,
            357211.2140516586,
            368679.1703299867,
            349958.4908956717,
            341252.15662420815,
            332539.2281713021,
            332667.1923856624,
            310790.68049068854,
            321116.8047900433,
            315508.9537852761,
            311087.04688517674,
            855868.788495784,
            834780.2352258656,
            319221.0564220884,
            318626.2482796223,
            277015.91814472666,
            6421771.000260157,
            4797971.733726345,
            340666.16516528616,
            8052319.71047425,
            8687076.325253388,
            1977068.835075589,
            3059744.675646974,
            2851538.9511598945,
            6354656.368525007,
            1731422.9832328444,
            2034296.1681257505,
            286251.6894594002,
            2613800.507281854,
            2599482.4857776845,
            1186044.1638550193,
            1087913.1966599384,
            4589121.103235302,
            4706434.491661441,
            13599.089123935912,
            6421770.498541893,
            4797971.921238051,
            340666.15831491566,
            8052319.461090274,
            8687075.950883428,
            1977068.891935969,
            3059744.614720149,
            2851539.139097508,
            6354657.029315537,
            1731422.8581337063,
            2034296.230617137,
            286251.7048529646,
            2613800.319231564,
            2599482.4835741078,
            1186044.195104597,
            1087913.2148525375,
            4589121.142687309,
            4706434.446680086,
            13599.089123865588
        ],
        "shape": [
            89
        ],
        "count": 18799460
    },
    "wandb_run_id": "qwkk58u3",
    "wandb_project": "rlgym-ppo",
    "wandb_entity": "gashfraude-epsi",
    "wandb_group": "unnamed-runs",
    "wandb_config": {
        "n_proc": 48,
        "min_inference_size": 36,
        "timestep_limit": 1e+16,
        "exp_buffer_size": 150000,
        "ts_per_iteration": 50000,
        "standardize_returns": true,
        "standardize_obs": true,
        "policy_layer_sizes": [
            512,
            512,
            256
        ],
        "critic_layer_sizes": [
            512,
            512,
            256
        ],
        "ppo_epochs": 2,
        "ppo_batch_size": 50000,
        "ppo_minibatch_size": 50000,
        "ppo_ent_coef": 0.01,
        "ppo_clip_range": 0.2,
        "gae_lambda": 0.95,
        "gae_gamma": 0.99,
        "policy_lr": 0.0002,
        "critic_lr": 0.0002,
        "shm_buffer_size": 8192
    }
}