{
    "cumulative_timesteps": 970540168,
    "cumulative_model_updates": 116134,
    "policy_average_reward": 104.52932408524688,
    "epoch": 19368,
    "ts_since_last_save": 500370,
    "reward_running_stats": {
        "mean": [
            8.622088834899085
        ],
        "var": [
            8696625172.849758
        ],
        "shape": [
            1
        ],
        "count": 2909550
    },
    "obs_running_stats": {
        "mean": [
            -5.877650021020376e-13,
            3.309972427485722e-13,
            0.11981695324232085,
            5.045703598641368e-13,
            -6.805982988873815e-13,
            -0.010216925673646418,
            -6.886754694119863e-13,
            -4.265229828006482e-13,
            0.01607257468968759,
            0.6367705399759528,
            0.3216153118902403,
            0.059412117446750755,
            -0.2706066700864017,
            -0.01726201691381196,
            0.09920429827255753,
            0.38677177791013867,
            0.17483981181914288,
            0.979047823093295,
            0.9744894980755563,
            0.9756155893171758,
            0.9306371027209055,
            0.9346534072573786,
            0.979138188990565,
            0.9793999557754105,
            0.9797840157092816,
            0.9771937346253305,
            0.9779626852106147,
            0.9798064914755208,
            0.979991595905983,
            0.9795118687909982,
            0.9790359898079286,
            0.9795732075908847,
            0.9300535356560066,
            0.9791262739747036,
            0.9791262722231178,
            0.9300535356560098,
            0.9795732093418724,
            0.9790359915597137,
            0.9795118705424282,
            0.9799915976574574,
            0.9798064914755353,
            0.9779626869618735,
            0.9771937363763165,
            0.9797840157093578,
            0.9793999575266088,
            0.9791381889905072,
            0.9346534072573228,
            0.9306371009694657,
            0.9756155910682998,
            0.9744894998268557,
            0.9790478248444613,
            -0.02125936066981253,
            0.019578617389884295,
            0.05344886456184659,
            0.06043165732652624,
            0.000537853776590463,
            -0.005311285240180107,
            0.015982395045465867,
            0.007803871130012964,
            0.6356450505106948,
            -0.0013943543394193457,
            0.002779257672438453,
            -0.004070542263021016,
            0.03860216449188157,
            -0.054698875686032454,
            0.036201324971313176,
            0.19242226232943913,
            0.5692119706256095,
            0.6356141272485009,
            0.0006066865817658406,
            0.021259360177271067,
            -0.01957861740357306,
            0.05344886390511267,
            -0.06043165727181353,
            -0.000537853598725741,
            -0.005311285787457056,
            -0.015982394771823876,
            -0.007803871006861852,
            0.6356450487597608,
            0.0013943542162837737,
            -0.002779257704078262,
            -0.004070541989383686,
            -0.03860216465607645,
            0.05469887634274682,
            0.03620132497132122,
            0.1924222640807098,
            0.5692119701877767,
            0.6356141285616261,
            0.0006066865821933425
        ],
        "var": [
            48515705.19419128,
            43373336.630664125,
            2771331.9114957205,
            7989646.210217982,
            14669811.152373966,
            2841581.172034966,
            57456417.73184544,
            41972920.99257612,
            23793673.646751363,
            33035661.188329548,
            59042268.375571325,
            58330427.69514682,
            58694993.834614046,
            20158992.616747778,
            12383859.65249632,
            32880778.095703878,
            20013284.96439881,
            2744616.446113624,
            3347017.381771119,
            3199430.8345444845,
            8809413.917882085,
            8325646.6419897415,
            2729191.0024616634,
            2695057.562136579,
            2637284.1788551365,
            2988393.9828680987,
            2888220.3119348413,
            2636405.5389170367,
            2611161.6179188737,
            2670558.60362677,
            2730977.889183099,
            2662340.837123493,
            8874991.33119214,
            2718495.1576777394,
            2718495.162140686,
            8874991.323377773,
            2662340.833746637,
            2730977.86920039,
            2670558.59654575,
            2611161.611613177,
            2636405.5389172,
            2888220.3046867033,
            2988393.9796827356,
            2637284.178855016,
            2695057.319091699,
            2729191.002461532,
            8325646.63417728,
            8809413.877735648,
            3199430.8288019495,
            3347016.528731511,
            2744616.364399699,
            47435398.60093955,
            40769450.68235669,
            1619301.8111203446,
            55420909.174582355,
            67946457.29837565,
            14760398.50363221,
            19618073.72303047,
            19480282.041323736,
            43472048.504587494,
            11737061.344104176,
            18236618.170902573,
            1451262.847026656,
            17348811.36121451,
            17221670.28565478,
            11342672.581758596,
            12323309.516814934,
            33993588.45359975,
            32118889.04126416,
            84059.91616131889,
            47435398.10018347,
            40769450.86982282,
            1619301.8006068966,
            55420908.92514427,
            67946456.92358522,
            14760398.56096913,
            19618073.662788603,
            19480282.229337037,
            43472049.18808189,
            11737061.218999937,
            18236618.23337719,
            1451262.8621567632,
            17348811.17250245,
            17221670.278318077,
            11342672.613009034,
            12323309.498308972,
            33993588.51057223,
            32118888.946209975,
            84059.91616126118
        ],
        "shape": [
            89
        ],
        "count": 138648664
    },
    "wandb_run_id": "qwkk58u3",
    "wandb_project": "rlgym-ppo",
    "wandb_entity": "gashfraude-epsi",
    "wandb_group": "unnamed-runs",
    "wandb_config": {
        "n_proc": 48,
        "min_inference_size": 36,
        "timestep_limit": 1e+16,
        "exp_buffer_size": 150000,
        "ts_per_iteration": 50000,
        "standardize_returns": true,
        "standardize_obs": true,
        "policy_layer_sizes": [
            512,
            512,
            256
        ],
        "critic_layer_sizes": [
            512,
            512,
            256
        ],
        "ppo_epochs": 2,
        "ppo_batch_size": 50000,
        "ppo_minibatch_size": 50000,
        "ppo_ent_coef": 0.01,
        "ppo_clip_range": 0.2,
        "gae_lambda": 0.95,
        "gae_gamma": 0.99,
        "policy_lr": 0.0002,
        "critic_lr": 0.0002,
        "shm_buffer_size": 8192
    }
}