{
    "cumulative_timesteps": 278244234,
    "cumulative_model_updates": 33186,
    "policy_average_reward": 752.279374360352,
    "epoch": 5539,
    "ts_since_last_save": 500790,
    "reward_running_stats": {
        "mean": [
            18.880218551739603
        ],
        "var": [
            981312583.8714135
        ],
        "shape": [
            1
        ],
        "count": 834000
    },
    "obs_running_stats": {
        "mean": [
            -2.0501725975627493e-12,
            1.1545455798970595e-12,
            0.12986633630091227,
            1.7599828714885468e-12,
            -2.3739827977525236e-12,
            -0.013056694336654913,
            -2.4021566125738146e-12,
            -1.4877472121121e-12,
            0.0034293797551453124,
            0.5837044077995396,
            0.2787145423070277,
            -0.21091906508303102,
            0.024613610639496214,
            0.041089357381141764,
            0.13303093483334497,
            0.7315395725450988,
            0.29986374895833234,
            0.9790602526531758,
            0.9761549987880234,
            0.9767309101310273,
            0.9324073342631207,
            0.9365209022352666,
            0.9800105877424984,
            0.979823278945388,
            0.9802265166200806,
            0.9758131253213052,
            0.975757953754935,
            0.9798954722931117,
            0.9794951750207169,
            0.9790066746929561,
            0.9791874331722552,
            0.9788566729496577,
            0.9310087471619901,
            0.9789524798086915,
            0.9789524737001662,
            0.9310087471620964,
            0.978856679058306,
            0.9791874392809293,
            0.9790066808015471,
            0.9794951811293048,
            0.979895472293125,
            0.9757579598635352,
            0.9758131314298867,
            0.980226516620085,
            0.9798232850540254,
            0.9800105877424552,
            0.9365209022352536,
            0.9324073281543206,
            0.9767309162396348,
            0.9761550048965981,
            0.9790602587618848,
            -0.01205000142162557,
            0.008730893696675575,
            0.06335059053721849,
            0.06780872371843373,
            0.012095800535988546,
            0.0022277912983203574,
            0.010642991214770504,
            0.0064636806286689965,
            0.6155725432626131,
            -0.0014479237500947058,
            0.0016548946553300078,
            -0.004960285869530784,
            0.034981947306057595,
            -0.04821343102484842,
            0.05492195039449091,
            0.08869881226583,
            0.4931468464808122,
            0.5591016516314206,
            0.0012327598406890363,
            0.012049999703577443,
            -0.008730893744400184,
            0.06335058824649469,
            -0.067808723527552,
            -0.012095799915585282,
            0.002227789389375249,
            -0.010642990260299683,
            -0.0064636801991591495,
            0.6155725371539197,
            0.0014479233205818396,
            -0.0016548947656916354,
            -0.004960284915059426,
            -0.0349819478787453,
            0.048213433315595765,
            0.054921950394489355,
            0.0886988183744612,
            0.49314684495348565,
            0.5591016562129171,
            0.001232759842180304
        ],
        "var": [
            14674291.471016372,
            11364087.594785077,
            978121.3924729435,
            2350396.1906078313,
            3109727.9546109163,
            941531.0068722384,
            14246974.707186744,
            12995298.173309354,
            6758007.763722282,
            9475964.183182394,
            12181742.01082566,
            10302954.074752992,
            10572362.571542567,
            3782950.7038731663,
            4578254.8050291175,
            7802508.546048432,
            8355500.328559328,
            715401.363094713,
            825471.1576691351,
            804412.003487736,
            2364561.829162923,
            2220556.5743875806,
            675752.1308958187,
            683553.8376330418,
            661468.3631818186,
            836607.2132514681,
            840353.3841366096,
            676214.052390376,
            690868.2136832734,
            705056.9753367912,
            695346.64852102,
            710707.0081243004,
            2408499.7918870454,
            703806.2608762914,
            703806.2652552193,
            2408499.7840749347,
            710707.0050970244,
            695346.6284643225,
            705056.9684994799,
            690868.2076195582,
            676214.0523903967,
            840353.3779590129,
            836607.2107367556,
            661468.3631818416,
            683553.5943806896,
            675752.1308958133,
            2220556.566575013,
            2364561.7898787106,
            804411.9972020494,
            825470.3038209683,
            715401.2813751958,
            14256713.140674487,
            11073611.499780959,
            581093.9104764097,
            16622816.341727609,
            18670613.085041944,
            4256438.425459853,
            6037860.137175702,
            5577869.956939286,
            13051041.418366143,
            3728853.3124305904,
            4733002.819583491,
            532221.8395315589,
            5275897.036378165,
            5306564.119656966,
            2739385.4426634545,
            1864332.5925805743,
            9931037.363815034,
            9805106.321465872,
            48935.54156701283,
            14256712.6386433,
            11073611.687280025,
            581093.9017668848,
            16622816.092448542,
            18670612.710825842,
            4256438.4839407625,
            6037860.076524409,
            5577870.144907137,
            13051042.092151579,
            3728853.1873255596,
            4733002.882070664,
            532221.8547287143,
            5275896.847834481,
            5306564.113499153,
            2739385.473912929,
            1864332.6244371464,
            9931037.411566786,
            9805106.25426583,
            48935.541566880886
        ],
        "shape": [
            89
        ],
        "count": 39749254
    },
    "wandb_run_id": "qwkk58u3",
    "wandb_project": "rlgym-ppo",
    "wandb_entity": "gashfraude-epsi",
    "wandb_group": "unnamed-runs",
    "wandb_config": {
        "n_proc": 48,
        "min_inference_size": 36,
        "timestep_limit": 1e+16,
        "exp_buffer_size": 150000,
        "ts_per_iteration": 50000,
        "standardize_returns": true,
        "standardize_obs": true,
        "policy_layer_sizes": [
            512,
            512,
            256
        ],
        "critic_layer_sizes": [
            512,
            512,
            256
        ],
        "ppo_epochs": 2,
        "ppo_batch_size": 50000,
        "ppo_minibatch_size": 50000,
        "ppo_ent_coef": 0.01,
        "ppo_clip_range": 0.2,
        "gae_lambda": 0.95,
        "gae_gamma": 0.99,
        "policy_lr": 0.0002,
        "critic_lr": 0.0002,
        "shm_buffer_size": 8192
    }
}