{
    "cumulative_timesteps": 29015678,
    "cumulative_model_updates": 3460,
    "policy_average_reward": 364.2862550031276,
    "epoch": 578,
    "ts_since_last_save": 500240,
    "reward_running_stats": {
        "mean": [
            11.046047824914675
        ],
        "var": [
            17499006.658647113
        ],
        "shape": [
            1
        ],
        "count": 87000
    },
    "obs_running_stats": {
        "mean": [
            -1.9659603703162066e-11,
            1.1071218278979702e-11,
            0.1556556059332513,
            1.6876903720779052e-11,
            -2.276469828214675e-11,
            -0.03177481032437087,
            -2.3034864086622755e-11,
            -1.4266369826709337e-11,
            0.0008391870405742843,
            0.06857907910411085,
            0.04439355738692585,
            0.1470371824643441,
            0.11807975056794488,
            -0.04533412641805857,
            0.41873679640116723,
            0.27990821176677455,
            0.6386573463272475,
            0.963980839491774,
            0.9638161489729764,
            0.96419346472888,
            0.9334378144806313,
            0.9333418619126386,
            0.9615597479844543,
            0.9619359947413336,
            0.9588008918933627,
            0.963020717720475,
            0.9634301007832633,
            0.9597060936212848,
            0.9593947647465286,
            0.9572538449525174,
            0.9543784690241892,
            0.9569150289476549,
            0.92937918609439,
            0.9542254674440133,
            0.9542254088669455,
            0.9293791860943875,
            0.9569150875247114,
            0.9543785276012539,
            0.9572539035295948,
            0.9593948233235833,
            0.9597060936212848,
            0.9634301593603578,
            0.9630207762975481,
            0.958800891893364,
            0.9619360533183952,
            0.9615597479844533,
            0.933341861912638,
            0.9334377559035432,
            0.9641935233059606,
            0.9638162075500527,
            0.9639808980688667,
            -0.02666522689442261,
            0.007320956944985336,
            0.11078571046196371,
            0.020336956589209847,
            -0.003941560512154239,
            0.028742909518600042,
            -0.013585410172797562,
            -0.007039421504401598,
            0.5138914556928275,
            -0.004531420336640894,
            0.00030246451955691454,
            -0.010622149722632663,
            0.01191187099824647,
            -0.014282825493218037,
            0.0077929620790340775,
            0.21913267662555988,
            0.10075703611837586,
            0.20433108104897976,
            0.0001325111185566006,
            0.026665210419618817,
            -0.00732095740261861,
            0.11078568849555799,
            -0.020336954758675953,
            0.003941566461388529,
            0.028742891213263358,
            0.01358541932546608,
            0.007039425623102194,
            0.5138913971157659,
            0.004531416217940211,
            -0.00030246557783418683,
            -0.010622140569964498,
            -0.011911876489847402,
            0.014282847459621821,
            0.007792962079034072,
            0.219132735202633,
            0.10075702147410669,
            0.20433112498179518,
            0.00013251113285764508
        ],
        "var": [
            1340164.574507722,
            975671.1995176744,
            149851.21875618093,
            175951.14398338334,
            181905.4321847486,
            141993.1786997763,
            1234024.9117653102,
            1228972.41767412,
            544538.7721147834,
            473676.1251492621,
            480201.9695152857,
            414100.9534318437,
            580769.3338122178,
            362263.9657917214,
            1002750.4232023425,
            831678.616469215,
            966927.197600463,
            44419.449616425256,
            44812.77081025009,
            44115.67497065226,
            116956.59232004346,
            115375.6412887338,
            50287.847466137566,
            49502.923718742204,
            54771.039567146676,
            46068.307293552054,
            46155.495044719835,
            53436.25509187903,
            54011.17103414681,
            57723.02011977933,
            65763.06420397914,
            58945.744742235605,
            127410.69817121212,
            65850.65186379121,
            65850.64423477047,
            127410.69035871311,
            58945.752370087605,
            65763.05619523601,
            57723.02384617509,
            54011.17473169456,
            53436.255091879066,
            46155.49485394276,
            46068.31099123197,
            54771.03956714679,
            49502.689152991894,
            50287.84746613731,
            115375.63347623372,
            116956.55353561803,
            44115.67477350338,
            44811.92295399589,
            44419.37521969686,
            1314508.4605175774,
            1003221.359292105,
            93461.13082518367,
            1727435.2076087878,
            1786829.588700491,
            615118.441785802,
            838027.434080107,
            810755.2550418664,
            1386605.9911973001,
            335529.85558493005,
            380103.1159862967,
            95138.0723442535,
            616925.3790330004,
            626362.416559994,
            231489.09668064787,
            353886.47076803143,
            371166.0683026779,
            680562.0343050264,
            543.8755958657956,
            1314507.9604852775,
            1003221.546792365,
            93461.13075431077,
            1727434.9576130146,
            1786829.2137005506,
            615118.5042901044,
            838027.371590596,
            810755.4425482408,
            1386606.6156035787,
            335529.73058306606,
            380103.1784859788,
            95138.08797111864,
            616925.1915385604,
            626362.4165809574,
            231489.12793064385,
            353886.43928249896,
            371166.06841466564,
            680562.0963220586,
            543.875595865302
        ],
        "shape": [
            89
        ],
        "count": 4145192
    },
    "wandb_run_id": "qwkk58u3",
    "wandb_project": "rlgym-ppo",
    "wandb_entity": "gashfraude-epsi",
    "wandb_group": "unnamed-runs",
    "wandb_config": {
        "n_proc": 48,
        "min_inference_size": 36,
        "timestep_limit": 1e+16,
        "exp_buffer_size": 150000,
        "ts_per_iteration": 50000,
        "standardize_returns": true,
        "standardize_obs": true,
        "policy_layer_sizes": [
            512,
            512,
            256
        ],
        "critic_layer_sizes": [
            512,
            512,
            256
        ],
        "ppo_epochs": 2,
        "ppo_batch_size": 50000,
        "ppo_minibatch_size": 50000,
        "ppo_ent_coef": 0.01,
        "ppo_clip_range": 0.2,
        "gae_lambda": 0.95,
        "gae_gamma": 0.99,
        "policy_lr": 0.0002,
        "critic_lr": 0.0002,
        "shm_buffer_size": 8192
    }
}