{
    "cumulative_timesteps": 49526410,
    "cumulative_model_updates": 5910,
    "policy_average_reward": 569.4700693343019,
    "epoch": 987,
    "ts_since_last_save": 500326,
    "reward_running_stats": {
        "mean": [
            11.882245341623277
        ],
        "var": [
            37520721.37443054
        ],
        "shape": [
            1
        ],
        "count": 148500
    },
    "obs_running_stats": {
        "mean": [
            -1.151794285414028e-11,
            6.486278214730845e-12,
            0.15036298621662025,
            9.887646544296995e-12,
            -1.3337120014344418e-11,
            -0.029502028091341084,
            -1.3495401629351199e-11,
            -8.358216909994538e-12,
            0.0008707412147041201,
            0.21942944776226658,
            0.066719855462798,
            0.05490150313744934,
            0.1433730752289497,
            -0.0602751367911945,
            0.3231693861128357,
            0.3807575035256663,
            0.6135437372266312,
            0.9729730897421013,
            0.9724340769716583,
            0.9727587343291341,
            0.9457922117557163,
            0.9453447756750848,
            0.9698094206215826,
            0.9700540203578615,
            0.9675731901274398,
            0.9721766720830493,
            0.9720855057508748,
            0.9679197813731919,
            0.9677154763701726,
            0.9661410508264486,
            0.9627739843420487,
            0.9657178235524702,
            0.9406128094698402,
            0.9629723901006941,
            0.9629723557822577,
            0.9406128094698267,
            0.965717857870905,
            0.9627740186603879,
            0.9661410851449724,
            0.9677155106885962,
            0.9679197813731786,
            0.9720855400693341,
            0.9721767064015068,
            0.9675731901274501,
            0.9700540546763035,
            0.9698094206215956,
            0.9453447756751252,
            0.9457921774373621,
            0.9727587686475959,
            0.9724341112902324,
            0.9729731240607228,
            -0.017040513132943125,
            0.012892185305544658,
            0.09872828836647937,
            0.032823442377128975,
            -0.0008554572214707306,
            0.004372885635085132,
            -0.006164785072951358,
            -0.0023529788895111387,
            0.5170563118456377,
            -0.002484084659045105,
            0.002282211838306984,
            -0.010673754793886296,
            0.014818770920553411,
            -0.015086967859638976,
            0.012301264676263803,
            0.190738205230306,
            0.18756086461730617,
            0.2901819433249861,
            0.0003013703781852569,
            0.01704050348087297,
            -0.012892185573657783,
            0.09872827549705299,
            -0.03282344130467499,
            0.0008554607069401191,
            0.004372874910565625,
            0.0061647904352123825,
            0.002352981302528308,
            0.5170562775272051,
            0.0024840822460286075,
            -0.0022822124583185303,
            -0.010673749431626783,
            -0.014818774137908322,
            0.015086980729064602,
            0.012301264676264403,
            0.19073823954876354,
            0.18756085603769662,
            0.29018196906382226,
            0.00030137038656380513
        ],
        "var": [
            2331211.870636011,
            1702924.0308605602,
            243092.75730791118,
            302205.8539008374,
            315543.4826362202,
            231396.72548877908,
            2166405.176910295,
            2148566.060685673,
            954283.427121967,
            1450554.8246692314,
            873615.8560441964,
            955769.6800480721,
            1161101.9690050078,
            634803.7319866479,
            1541411.7267385516,
            1664396.8562771038,
            1687931.6117182758,
            86546.16255630544,
            89911.57559679745,
            88494.77811068809,
            222154.32682204898,
            223049.73089309115,
            104229.07687076411,
            103257.90916650627,
            113018.29216051006,
            89831.47093069577,
            92099.8953350423,
            112835.91313774358,
            113577.19048433147,
            119556.93667404613,
            138860.77783663673,
            122286.16175872047,
            250575.59300227475,
            137072.566478215,
            137072.56309693432,
            250575.585189786,
            122286.16511171403,
            138860.7657508223,
            119556.93608458793,
            113577.19014112414,
            112835.9131377447,
            92099.89094098583,
            89831.47018202214,
            113018.29216050511,
            103257.67065842403,
            104229.07687076424,
            223049.72308059246,
            222154.29403724705,
            88494.77375401364,
            89910.72355544547,
            86546.08379270378,
            2280095.176294742,
            1722077.7157382902,
            158121.86012852483,
            2984228.4034191025,
            3104760.5491153547,
            967936.4440379434,
            1367368.6994687065,
            1317968.4373733415,
            2483936.355955465,
            620435.9990468454,
            722171.3165321781,
            143732.7405949047,
            1129722.994361627,
            1133444.4744819934,
            434372.5961539404,
            569024.1822629231,
            1073736.656893827,
            1463980.640838151,
            2126.3057748627007,
            2280094.6749480874,
            1722077.90321751,
            158121.85786186095,
            2984228.153612487,
            3104760.174267519,
            967936.5028439135,
            1367368.637542255,
            1317968.6250398792,
            2483936.981898637,
            620435.8739750424,
            722171.3790144362,
            143732.75622569438,
            1129722.806734816,
            1133444.474356433,
            434372.62740392936,
            569024.1645665186,
            1073736.6675442716,
            1463980.6715865873,
            2126.305774842219
        ],
        "shape": [
            89
        ],
        "count": 7075294
    },
    "wandb_run_id": "qwkk58u3",
    "wandb_project": "rlgym-ppo",
    "wandb_entity": "gashfraude-epsi",
    "wandb_group": "unnamed-runs",
    "wandb_config": {
        "n_proc": 48,
        "min_inference_size": 36,
        "timestep_limit": 1e+16,
        "exp_buffer_size": 150000,
        "ts_per_iteration": 50000,
        "standardize_returns": true,
        "standardize_obs": true,
        "policy_layer_sizes": [
            512,
            512,
            256
        ],
        "critic_layer_sizes": [
            512,
            512,
            256
        ],
        "ppo_epochs": 2,
        "ppo_batch_size": 50000,
        "ppo_minibatch_size": 50000,
        "ppo_ent_coef": 0.01,
        "ppo_clip_range": 0.2,
        "gae_lambda": 0.95,
        "gae_gamma": 0.99,
        "policy_lr": 0.0002,
        "critic_lr": 0.0002,
        "shm_buffer_size": 8192
    }
}