{
    "cumulative_timesteps": 221681004,
    "cumulative_model_updates": 26422,
    "policy_average_reward": 511.4421034263058,
    "epoch": 4411,
    "ts_since_last_save": 500724,
    "reward_running_stats": {
        "mean": [
            20.60077723656876
        ],
        "var": [
            836089164.2563903
        ],
        "shape": [
            1
        ],
        "count": 664500
    },
    "obs_running_stats": {
        "mean": [
            -2.5732851244575693e-12,
            1.4491340700477834e-12,
            0.13102463248518584,
            2.2090519345589824e-12,
            -2.979717230941677e-12,
            -0.01457855288638471,
            -3.0150797507876387e-12,
            -1.867353892664501e-12,
            0.008055856290742102,
            0.5546325303778272,
            0.2636303875626406,
            -0.2083845858687435,
            0.046203424938048195,
            0.049925663285820314,
            0.1323013968625106,
            0.7157713587606374,
            0.33570233189624965,
            0.9792790221999175,
            0.9765366797127271,
            0.976906603714047,
            0.9366536924137808,
            0.9380909198958114,
            0.9793205492292582,
            0.9791120984315087,
            0.9793054243012427,
            0.9764723509166201,
            0.9757500300713764,
            0.978827295389981,
            0.9783147239615155,
            0.9778114675187226,
            0.9778071103808532,
            0.9776247077144434,
            0.9344730979054731,
            0.9775372794088404,
            0.9775372717417219,
            0.9344730979055073,
            0.9776247153817261,
            0.9778071180480925,
            0.9778114751859202,
            0.9783147316286679,
            0.9788272953899873,
            0.9757500377385775,
            0.9764723585838353,
            0.9793054243012371,
            0.9791121060988559,
            0.9793205492292328,
            0.9380909198957684,
            0.9366536847464889,
            0.9769066113813826,
            0.9765366873799776,
            0.9792790298673518,
            -0.01400260940072233,
            0.0060958083530893116,
            0.06638254569793527,
            0.05847739423271852,
            0.0076999797849710006,
            0.0008038008088044016,
            0.010546221086848,
            0.004715524995787723,
            0.6257594966462889,
            -0.0015271573016066276,
            0.0016266921077096905,
            -0.005709016072623036,
            0.024483463457161677,
            -0.035687519597340255,
            0.057115958910298546,
            0.09416332259935889,
            0.5069957597391931,
            0.5734962534256581,
            0.0012990480984735118,
            0.014002607244301274,
            -0.006095808412989052,
            0.06638254282272762,
            -0.058477393993116404,
            -0.007699979006266037,
            0.0008037984127821742,
            -0.010546219888839942,
            -0.004715524456683299,
            0.6257594889788709,
            0.001527156762501571,
            -0.001626692246230592,
            -0.005709014874611105,
            -0.024483464175967272,
            0.035687522472568706,
            0.05711595891028753,
            0.09416333026665825,
            0.5069957578223004,
            0.5734962591761198,
            0.0012990481003454762
        ],
        "var": [
            11653850.442719476,
            8757815.651155602,
            805813.8681636538,
            1829716.0153570182,
            2228443.3740897975,
            771171.389456039,
            11149275.191822344,
            10425458.80051377,
            5284808.167901932,
            7536514.920876929,
            8870030.528663728,
            7352476.767622823,
            8011983.839518602,
            3030090.3901433684,
            3629331.7249122183,
            6438960.562309411,
            7072663.454818839,
            543102.060135013,
            625871.4131106109,
            615456.135065074,
            1738430.873743342,
            1696690.9413151585,
            538421.1705478159,
            545403.5275153365,
            532838.2997608088,
            626012.4534738533,
            649453.9159662925,
            549457.7898262887,
            564383.4146232842,
            575198.7277305953,
            572504.9009814152,
            580788.4276695678,
            1794526.3474230187,
            580179.86188256,
            580179.8655741512,
            1794526.3396108202,
            580788.425240486,
            572504.8815950493,
            575198.7214736522,
            564383.409132826,
            549457.7898263072,
            649453.9097925675,
            626012.4506390255,
            532838.2997608003,
            545403.2846083236,
            538421.1705477873,
            1696690.9335024098,
            1738430.836520522,
            615456.12869409,
            625870.559077003,
            543101.9783091482,
            11255572.712801298,
            8518524.492718594,
            509483.1346655718,
            13400794.065911045,
            14845194.449278442,
            3302005.3416472906,
            4796879.675469152,
            4360600.949695081,
            10092227.198141828,
            3031407.25913027,
            3670138.2773485202,
            456430.43322663894,
            3988481.676724815,
            4038215.1669030953,
            2053442.6219508613,
            1553524.670834842,
            7911238.824476543,
            7752769.882847099,
            41080.50647341612,
            11255572.211035185,
            8518524.68022674,
            509483.1265082278,
            13400793.816489745,
            14845194.074848156,
            3302005.3999125524,
            4796879.614810785,
            4360601.137603219,
            10092227.87686919,
            3031407.1340274485,
            3670138.339836505,
            456430.44848067086,
            3988481.4886573204,
            4038215.1630259533,
            2053442.6532002739,
            1553524.700037672,
            7911238.87390773,
            7752769.810404585,
            41080.50647327749
        ],
        "shape": [
            89
        ],
        "count": 31668792
    },
    "wandb_run_id": "qwkk58u3",
    "wandb_project": "rlgym-ppo",
    "wandb_entity": "gashfraude-epsi",
    "wandb_group": "unnamed-runs",
    "wandb_config": {
        "n_proc": 48,
        "min_inference_size": 36,
        "timestep_limit": 1e+16,
        "exp_buffer_size": 150000,
        "ts_per_iteration": 50000,
        "standardize_returns": true,
        "standardize_obs": true,
        "policy_layer_sizes": [
            512,
            512,
            256
        ],
        "critic_layer_sizes": [
            512,
            512,
            256
        ],
        "ppo_epochs": 2,
        "ppo_batch_size": 50000,
        "ppo_minibatch_size": 50000,
        "ppo_ent_coef": 0.01,
        "ppo_clip_range": 0.2,
        "gae_lambda": 0.95,
        "gae_gamma": 0.99,
        "policy_lr": 0.0002,
        "critic_lr": 0.0002,
        "shm_buffer_size": 8192
    }
}