{"y_vel":-19.971708344494473,"Policy Update Magnitude":0.06222797557711601,"Value Function Update Magnitude":0.10465598106384277,"total_touches":0,"Value Function Loss":0.2565801640351613,"_runtime":132393,"PPO Batch Consumption Time":0.05678478876749674,"Collected Steps per Second":11246.142905839175,"Policy Reward":-338.6464515967737,"_step":24906,"episode_touches":0,"z_vel":-6.804234310122477,"total_goals":0,"x_vel":-37.53818819448262,"Total Iteration Time":5.961127411574125,"Timesteps Collected":50020,"Cumulative Model Updates":73786,"Timestep Collection Time":4.447747144848108,"Overall Steps per Second":8391.030177090523,"SB3 Clip Fraction":0.0842766643812259,"Policy Entropy":0.46903302272160846,"_wandb":{"runtime":132393},"Timestep Consumption Time":1.513380266726017,"Mean KL Divergence":0.007080193220948179,"episode_goals":0,"Cumulative Timesteps":617160248,"_timestamp":1.7631051490641153e+09}