{
    "cumulative_timesteps": 148610138,
    "cumulative_model_updates": 17710,
    "policy_average_reward": 3518.819691708537,
    "epoch": 2957,
    "ts_since_last_save": 500422,
    "reward_running_stats": {
        "mean": [
            17.844060735355367
        ],
        "var": [
            361200967.4936176
        ],
        "shape": [
            1
        ],
        "count": 445500
    },
    "obs_running_stats": {
        "mean": [
            -3.838550748871643e-12,
            2.161662768139936e-12,
            0.13049375620454132,
            3.295226732854365e-12,
            -4.444822558708693e-12,
            -0.018255698428389436,
            -4.497572591981891e-12,
            -2.785518230001455e-12,
            0.010419955694630587,
            0.49172010681756867,
            0.24905758735379574,
            -0.17648606836290587,
            0.0715162604937186,
            0.0543626291350751,
            0.1582945810603719,
            0.6439586108550676,
            0.42990356159993925,
            0.9796640969828969,
            0.977084379341413,
            0.9771500901005435,
            0.9436212352554864,
            0.9422107032196193,
            0.9779356132625032,
            0.9777126098823109,
            0.9772841332605577,
            0.9774988749433989,
            0.9762944989022051,
            0.9766924844847171,
            0.9761367868792702,
            0.9755013437554053,
            0.9745859462002584,
            0.9751301040575837,
            0.9401476397460533,
            0.9743734544985712,
            0.9743734430613842,
            0.940147639746069,
            0.975130115494703,
            0.9745859576375407,
            0.9755013551925888,
            0.976136798316398,
            0.9766924844847077,
            0.9762945103394449,
            0.977498886380528,
            0.977284133260544,
            0.977712621319426,
            0.9779356132625058,
            0.9422107032196038,
            0.943621223818344,
            0.9771501015379793,
            0.9770843907785478,
            0.9796641084202571,
            -0.014087263257160731,
            0.003563491535509615,
            0.07163142984104903,
            0.05954262573288381,
            0.005995510371111735,
            -0.006386067283143607,
            0.00813779781885991,
            0.00545669292705934,
            0.5992831060727959,
            -0.001649386248211459,
            0.0012549021400631284,
            -0.007159841847361486,
            0.02257218062993036,
            -0.030617286521565597,
            0.0518985627212384,
            0.11098150656291918,
            0.4507612049409782,
            0.5217896983696749,
            0.0008657180402201074,
            0.014087260040442024,
            -0.0035634916248627425,
            0.07163142555210616,
            -0.05954262537547723,
            -0.005995509209521921,
            -0.006386070857273543,
            -0.008137796031795617,
            -0.005456692122881122,
            0.5992830946355197,
            0.0016493854440324542,
            -0.0012549023466929777,
            -0.007159840060296822,
            -0.02257218170216867,
            0.03061729081052056,
            0.05189856272122925,
            0.11098151800018197,
            0.4507612020816677,
            0.5217897069475276,
            0.000865718043012503
        ],
        "var": [
            7642181.505306998,
            5621327.604925934,
            560180.5489270194,
            1076385.01253862,
            1221064.2326389633,
            533777.6446728874,
            7297614.589728559,
            6973239.853645346,
            3353655.1512240437,
            5568212.614705387,
            5524829.091906682,
            4345791.887896782,
            5370003.837503931,
            2221502.9832018795,
            2822470.062084869,
            4863726.946819006,
            5213535.734718931,
            323444.6512473678,
            375603.47820602456,
            375026.6311044026,
            988854.6992603957,
            1013455.8882282883,
            355164.3991745873,
            360344.179851405,
            362333.9909006437,
            365402.90687497787,
            391449.82522302633,
            376428.3365965168,
            387058.15681583923,
            395473.2828418368,
            411111.57720322505,
            402904.45748309,
            1049966.3032628868,
            414903.8747394763,
            414903.876894759,
            1049966.2954504534,
            402904.4562654322,
            411111.55938122823,
            395473.277706756,
            387058.15238307475,
            376428.3365965322,
            391449.818785034,
            365402.9035416805,
            362333.9909006284,
            360343.9376239806,
            355164.39917458076,
            1013455.8804156958,
            988854.6654211784,
            375026.62461515196,
            375602.6239064236,
            323444.569234446,
            7311912.384703163,
            5471491.747258895,
            377031.4482410647,
            9078793.007727789,
            9859364.72561608,
            2204444.4111401523,
            3385158.67650029,
            3125455.9675589064,
            7078714.4583161175,
            1986173.1791316667,
            2341388.955530585,
            320403.44340113905,
            2872238.493367704,
            2872529.0365367816,
            1345569.3384238342,
            1181680.3465165324,
            5251645.200462191,
            5304083.312044398,
            18358.037104355968,
            7311911.882952815,
            5471491.934773254,
            377031.44103971263,
            9078792.758324865,
            9859364.351106366,
            2204444.4683136432,
            3385158.615658953,
            3125456.1554918773,
            7078715.124189309,
            1986173.0540314505,
            2341389.018022275,
            320403.4587653422,
            2872238.3053880082,
            2872529.033583496,
            1345569.3696732288,
            1181680.3675522238,
            5251645.243066879,
            5304083.258436397,
            18358.037104268664
        ],
        "shape": [
            89
        ],
        "count": 21230104
    },
    "wandb_run_id": "qwkk58u3",
    "wandb_project": "rlgym-ppo",
    "wandb_entity": "gashfraude-epsi",
    "wandb_group": "unnamed-runs",
    "wandb_config": {
        "n_proc": 48,
        "min_inference_size": 36,
        "timestep_limit": 1e+16,
        "exp_buffer_size": 150000,
        "ts_per_iteration": 50000,
        "standardize_returns": true,
        "standardize_obs": true,
        "policy_layer_sizes": [
            512,
            512,
            256
        ],
        "critic_layer_sizes": [
            512,
            512,
            256
        ],
        "ppo_epochs": 2,
        "ppo_batch_size": 50000,
        "ppo_minibatch_size": 50000,
        "ppo_ent_coef": 0.01,
        "ppo_clip_range": 0.2,
        "gae_lambda": 0.95,
        "gae_gamma": 0.99,
        "policy_lr": 0.0002,
        "critic_lr": 0.0002,
        "shm_buffer_size": 8192
    }
}