{
    "cumulative_timesteps": 139102098,
    "cumulative_model_updates": 16576,
    "policy_average_reward": 1407.9190540689985,
    "epoch": 2768,
    "ts_since_last_save": 500450,
    "reward_running_stats": {
        "mean": [
            16.935639635414255
        ],
        "var": [
            300313965.90444136
        ],
        "shape": [
            1
        ],
        "count": 417000
    },
    "obs_running_stats": {
        "mean": [
            -4.100925641856485e-12,
            2.3094180211334078e-12,
            0.13006153945942614,
            3.5204640211777115e-12,
            -4.748637701426326e-12,
            -0.019069222706148387,
            -4.8049933425495075e-12,
            -2.975915622610187e-12,
            0.009480719484491444,
            0.47690646191987757,
            0.2449123103318141,
            -0.1754905643430576,
            0.06804867074300094,
            0.05158261716720588,
            0.16732128322799197,
            0.628805668176504,
            0.45403013145839827,
            0.9798320708926258,
            0.9774143915696206,
            0.9774685409416696,
            0.9452349423702755,
            0.9438389579967796,
            0.9777979893968185,
            0.9775470115568292,
            0.976955188221426,
            0.9778104693879058,
            0.9766681967899539,
            0.976394003166034,
            0.9758350950582186,
            0.9751621054859972,
            0.9739925602549174,
            0.9747638299489475,
            0.9415828452885405,
            0.9738729324783186,
            0.9738729202593693,
            0.9415828452885213,
            0.974763842167931,
            0.9739925724739702,
            0.975162117704961,
            0.975835107277094,
            0.9763940031660284,
            0.9766682090088428,
            0.9778104816069119,
            0.9769551882213969,
            0.9775470237757268,
            0.9777979893968233,
            0.9438389579967501,
            0.9452349301513397,
            0.9774685531608258,
            0.9774144037884285,
            0.979832083111738,
            -0.01468219248931022,
            0.0038694157572288475,
            0.07262051910143061,
            0.06107136446845771,
            0.007792030044320374,
            -0.007946701969852499,
            0.007551345723806612,
            0.00568757413256135,
            0.5918950641689584,
            -0.001717969404968469,
            0.0011884523119097994,
            -0.007469565820829423,
            0.02366393372598733,
            -0.028509211327229184,
            0.049621086206273333,
            0.11394412800298355,
            0.4319456321432089,
            0.5048159449618634,
            0.0007303955254688573,
            0.014682189052721256,
            -0.0038694158526895333,
            0.07262051451933364,
            -0.061071364086620214,
            -0.007792028803332345,
            -0.007946705788283114,
            -0.007551343814591457,
            -0.005687573273414854,
            0.5918950519499536,
            0.001717968545821474,
            -0.0011884525326633121,
            -0.007469563911614435,
            -0.023663934871513893,
            0.02850921590934497,
            0.04962108620626004,
            0.11394414022200354,
            0.43194562908843726,
            0.5048159541260461,
            0.0007303955284521024
        ],
        "var": [
            7113350.494231614,
            5217312.804377006,
            527711.9221190007,
            970122.5001349394,
            1086183.3297430095,
            501425.1499143023,
            6792147.871021751,
            6518899.820910655,
            3080081.0206809626,
            5425626.345316098,
            5114198.59908015,
            3968643.838124302,
            4989231.519930715,
            2099473.5217444994,
            2762463.992020288,
            4634437.573365607,
            4936283.887457591,
            293181.570268946,
            338931.1455563544,
            338658.00147423375,
            888090.1933901772,
            910828.0573616045,
            328469.6038925863,
            333889.6512840612,
            338417.75752874167,
            329612.33212053595,
            352937.41895589506,
            351160.953258882,
            361125.70261787943,
            369420.9154889385,
            388654.5170575472,
            376877.8772203921,
            948388.1751988743,
            390419.1347718049,
            390419.1366840355,
            948388.167386473,
            376877.8761805569,
            388654.4995237211,
            369420.91051856865,
            361125.6983316089,
            351160.9532588888,
            352937.41233643884,
            329612.3286359007,
            338417.75752873387,
            333889.40913706017,
            328469.6038925809,
            910828.0495490055,
            888090.1603346394,
            338657.9948303304,
            338930.2910965047,
            293181.48817443737,
            6792207.727074442,
            5073861.718032502,
            357181.8587632969,
            8510856.910296913,
            9201019.01387389,
            2072755.1893492911,
            3206191.6091458444,
            2983279.2804060755,
            6704528.298334945,
            1817866.2654458568,
            2137619.963970225,
            298278.9339166598,
            2752333.3668089113,
            2739371.013765048,
            1261397.9704016033,
            1127009.5349616555,
            4871509.956443792,
            4974129.7799407905,
            14498.34721399655,
            6792207.225405511,
            5073861.905545555,
            357181.85174208466,
            8510856.660917016,
            9201018.639452513,
            2072755.246285943,
            3206191.5482601994,
            2983279.4683469296,
            6704528.960620316,
            1817866.1403480757,
            2137620.02646231,
            298278.94930434594,
            2752333.178779631,
            2739371.0111953733,
            1261398.0016510338,
            1127009.5545586129,
            4871509.996764775,
            4974129.732514528,
            14498.347213925485
        ],
        "shape": [
            89
        ],
        "count": 19871814
    },
    "wandb_run_id": "qwkk58u3",
    "wandb_project": "rlgym-ppo",
    "wandb_entity": "gashfraude-epsi",
    "wandb_group": "unnamed-runs",
    "wandb_config": {
        "n_proc": 48,
        "min_inference_size": 36,
        "timestep_limit": 1e+16,
        "exp_buffer_size": 150000,
        "ts_per_iteration": 50000,
        "standardize_returns": true,
        "standardize_obs": true,
        "policy_layer_sizes": [
            512,
            512,
            256
        ],
        "critic_layer_sizes": [
            512,
            512,
            256
        ],
        "ppo_epochs": 2,
        "ppo_batch_size": 50000,
        "ppo_minibatch_size": 50000,
        "ppo_ent_coef": 0.01,
        "ppo_clip_range": 0.2,
        "gae_lambda": 0.95,
        "gae_gamma": 0.99,
        "policy_lr": 0.0002,
        "critic_lr": 0.0002,
        "shm_buffer_size": 8192
    }
}