{"x_vel":-2.247188707231672,"episode_touches":0,"total_touches":0,"total_goals":0,"Value Function Loss":0.3049016147851944,"z_vel":-7.6810319776318465,"PPO Batch Consumption Time":0.05658904711405436,"Timesteps Collected":50006,"Total Iteration Time":7.983545742928982,"Timestep Collection Time":6.58520694822073,"Cumulative Model Updates":21500,"Timestep Consumption Time":1.398338794708252,"Cumulative Timesteps":180484494,"_step":7412,"Policy Entropy":-0.5286649664243063,"Value Function Update Magnitude":0.06919189542531967,"episode_goals":0,"Overall Steps per Second":6263.632928300093,"Mean KL Divergence":0.011465021719535192,"SB3 Clip Fraction":0.1565366635719935,"Policy Reward":1399.1635796073049,"_runtime":79173,"Policy Update Magnitude":0.07141899317502975,"Collected Steps per Second":7593.686940015032,"y_vel":26.542262057604177,"_timestamp":1.7630505810557122e+09,"_wandb":{"runtime":79173}}