{"Cumulative Timesteps":50426798,"Collected Steps per Second":14031.465869593654,"z_vel":-28.672694121360752,"y_vel":-11.671383448802874,"_wandb":{"runtime":17179},"SB3 Clip Fraction":0.15753000229597092,"Value Function Update Magnitude":0.09759204834699631,"Timestep Consumption Time":16.489787199068815,"Cumulative Model Updates":6012,"x_vel":-21.26319061623793,"Value Function Loss":2.460919658342997,"episode_goals":0,"Policy Entropy":0.16269588967164358,"total_touches":0,"_timestamp":1.7629847913795435e+09,"Policy Update Magnitude":0.07154481112957001,"Overall Steps per Second":2495.1707829126503,"PPO Batch Consumption Time":2.415926456451416,"Mean KL Divergence":0.01132520226140817,"episode_touches":0,"_step":2057,"Policy Reward":378.74305835305535,"Timestep Collection Time":3.5665553738363087,"Timesteps Collected":50044,"Total Iteration Time":20.056342572905123,"total_goals":0,"_runtime":17179}