{
    "cumulative_timesteps": 141104014,
    "cumulative_model_updates": 16816,
    "policy_average_reward": 2026.7904214072214,
    "epoch": 2808,
    "ts_since_last_save": 500480,
    "reward_running_stats": {
        "mean": [
            17.069200941690056
        ],
        "var": [
            309672283.28970945
        ],
        "shape": [
            1
        ],
        "count": 423000
    },
    "obs_running_stats": {
        "mean": [
            -4.0427439258216485e-12,
            2.2766532469670933e-12,
            0.13008697355562268,
            3.470517580469442e-12,
            -4.6812665964285746e-12,
            -0.01889392246931857,
            -4.736822693463056e-12,
            -2.933694940432789e-12,
            0.009707678735429647,
            0.4805237107713488,
            0.24574593191649363,
            -0.17566675856993882,
            0.06878319741870663,
            0.052137075109271555,
            0.16539622814769367,
            0.6314787336510779,
            0.4487132735372983,
            0.9798158878638078,
            0.977350903148667,
            0.9774115767405636,
            0.9449114025965216,
            0.9435275839729711,
            0.9778482681229995,
            0.9775897883069108,
            0.9770162335492195,
            0.9777333746472512,
            0.9765902426428008,
            0.9764483757520163,
            0.9759099481019349,
            0.9752219502933116,
            0.9741012931255988,
            0.9748484741874714,
            0.9413179654788029,
            0.97397998917956,
            0.97397997713398,
            0.9413179654787808,
            0.9748484862330938,
            0.974101305171275,
            0.9752219623389001,
            0.975909960147468,
            0.9764483757520119,
            0.9765902546883063,
            0.9777333866928024,
            0.9770162335491956,
            0.9775898003524303,
            0.9778482681230063,
            0.9435275839729442,
            0.9449113905509351,
            0.9774115887863589,
            0.9773509151943571,
            0.9798158999095764,
            -0.014548610268373478,
            0.0037814783095516218,
            0.07246064001245249,
            0.060870116491391055,
            0.007436297486634977,
            -0.007582210513188643,
            0.007666150818523542,
            0.005681693925908852,
            0.593179904989965,
            -0.0017002248070433013,
            0.0012057302788516682,
            -0.007399570890408594,
            0.02350234909564872,
            -0.02911229488033077,
            0.05001920085294588,
            0.11326005477810457,
            0.43560231716048853,
            0.508144765114607,
            0.0007541141652522261,
            0.014548606880540334,
            -0.0037814784036578836,
            0.07246063549536318,
            -0.06087011611497128,
            -0.0074362962632535876,
            -0.00758221427744571,
            -0.007666148936395279,
            -0.005681693078951601,
            0.5931798929443086,
            0.0017002239600854418,
            -0.0012057304964732778,
            -0.007399569008280167,
            -0.023502350224923464,
            0.029112299397437615,
            0.050019200852932925,
            0.11326006682377036,
            0.4356023141490582,
            0.5081447741487646,
            0.0007541141681931231
        ],
        "var": [
            7224939.375679839,
            5302082.384610962,
            534206.5761416724,
            991084.8791495934,
            1112698.3044981174,
            507937.14809794043,
            6896836.8645629985,
            6615648.848026921,
            3136901.79909684,
            5467691.356879916,
            5214875.762627347,
            4047614.4713082034,
            5075451.677956575,
            2126230.0170709877,
            2776415.4170159735,
            4687164.838165001,
            4996752.9400901105,
            299146.0825631437,
            346466.36951263517,
            346053.00495856296,
            908700.005744271,
            931557.076339881,
            333709.58493495657,
            339343.1591164945,
            343682.51977309515,
            337302.43114533596,
            360952.2858459074,
            356708.2746764453,
            366433.5126263398,
            375201.3371719188,
            393820.8472204105,
            382292.7152719282,
            968832.9840585802,
            395650.44744134304,
            395650.44940556464,
            968832.976246174,
            382292.71419099125,
            393820.82963377214,
            375201.33217249514,
            366433.5083037251,
            356708.2746764533,
            360952.279264307,
            337302.427698153,
            343682.5197730844,
            339342.9169487224,
            333709.584934951,
            931557.0685273001,
            908699.9725316105,
            346052.9983423225,
            346465.51508361654,
            299146.00047649804,
            6901060.574495285,
            5157400.583503846,
            361795.2809493365,
            8630187.963373313,
            9339012.521615125,
            2101034.530257593,
            3245862.603067018,
            3015482.5153635773,
            6787696.744512572,
            1853221.069930295,
            2180242.465380262,
            302938.15489446995,
            2779833.538723687,
            2769744.4782500835,
            1279740.1554532165,
            1138184.633778999,
            4951445.57016842,
            5044750.4612804735,
            15184.48487849042,
            6901060.0728078345,
            5157400.771017313,
            361795.2738989983,
            8630187.713989967,
            9339012.14717632,
            2101034.5872496134,
            3245862.542189994,
            3015482.703304275,
            6787697.407421726,
            1853220.9448318284,
            2180242.527872311,
            302938.1702768326,
            2779833.350701753,
            2769744.4755707555,
            1279740.1867025755,
            1138184.653708184,
            4951445.610933041,
            5044750.412641841,
            15184.484878416515
        ],
        "shape": [
            89
        ],
        "count": 20157802
    },
    "wandb_run_id": "qwkk58u3",
    "wandb_project": "rlgym-ppo",
    "wandb_entity": "gashfraude-epsi",
    "wandb_group": "unnamed-runs",
    "wandb_config": {
        "n_proc": 48,
        "min_inference_size": 36,
        "timestep_limit": 1e+16,
        "exp_buffer_size": 150000,
        "ts_per_iteration": 50000,
        "standardize_returns": true,
        "standardize_obs": true,
        "policy_layer_sizes": [
            512,
            512,
            256
        ],
        "critic_layer_sizes": [
            512,
            512,
            256
        ],
        "ppo_epochs": 2,
        "ppo_batch_size": 50000,
        "ppo_minibatch_size": 50000,
        "ppo_ent_coef": 0.01,
        "ppo_clip_range": 0.2,
        "gae_lambda": 0.95,
        "gae_gamma": 0.99,
        "policy_lr": 0.0002,
        "critic_lr": 0.0002,
        "shm_buffer_size": 8192
    }
}