{
    "cumulative_timesteps": 29516048,
    "cumulative_model_updates": 3520,
    "policy_average_reward": 298.2380842599476,
    "epoch": 588,
    "ts_since_last_save": 500370,
    "reward_running_stats": {
        "mean": [
            11.058576045053147
        ],
        "var": [
            17815475.085319646
        ],
        "shape": [
            1
        ],
        "count": 88500
    },
    "obs_running_stats": {
        "mean": [
            -1.932632971112471e-11,
            1.0883536512639127e-11,
            0.15551173281499792,
            1.6590802676969552e-11,
            -2.237878602874586e-11,
            -0.031703639432407435,
            -2.2644371922087395e-11,
            -1.4024523134559771e-11,
            0.0007498172917084192,
            0.07023731823432017,
            0.04563961847508791,
            0.149434448110551,
            0.12158277625215928,
            -0.046100508121039704,
            0.41621368371084466,
            0.27929246608818226,
            0.6398496356931939,
            0.9643770573714165,
            0.9641995065764102,
            0.9646135879715722,
            0.9339953624782505,
            0.9339830917128936,
            0.9619365345452854,
            0.9623199208460977,
            0.9591758306829624,
            0.9633518680669277,
            0.9637905956984132,
            0.9600678216125317,
            0.9597688850665668,
            0.9576732704653935,
            0.954732330450824,
            0.9573181428475653,
            0.9299106753723317,
            0.9546023178090485,
            0.9546022602249963,
            0.9299106753723285,
            0.9573182004316008,
            0.9547323880348565,
            0.9576733280494621,
            0.9597689426506035,
            0.9600678216125331,
            0.963790653282503,
            0.9633519256509723,
            0.9591758306829666,
            0.9623199784301474,
            0.9619365345452847,
            0.9339830917128983,
            0.9339953048941881,
            0.9646136455556285,
            0.96419956416048,
            0.9643771149554952,
            -0.026387395818279896,
            0.007504770737562113,
            0.11037331366279744,
            0.020254472592402643,
            -0.004006002964341199,
            0.02872407778944379,
            -0.013351171287877337,
            -0.006782951596181838,
            0.5127690833283959,
            -0.004421154233018349,
            0.00040566340564750366,
            -0.010621624766647126,
            0.01180825076898651,
            -0.014108019093821943,
            0.008083763933840903,
            0.21954692408027315,
            0.10165506274888618,
            0.20558088259030402,
            0.0001345335277405527,
            0.026387379622760727,
            -0.007504771187437581,
            0.11037329206877089,
            -0.020254470792900124,
            0.00400600881272273,
            0.028724059794423308,
            0.013351180285387775,
            0.006782955645061188,
            0.5127690257443535,
            0.004421150184138716,
            -0.00040566444598463434,
            -0.010621615769136877,
            -0.01180825616749278,
            0.014108040687846287,
            0.008083763933840958,
            0.21954698166433262,
            0.10165504835287234,
            0.2055809257783565,
            0.00013453354179916507
        ],
        "var": [
            1363750.5362500355,
            992681.8250931688,
            152246.5072047311,
            178904.1630393002,
            184965.0979108706,
            144357.58090886852,
            1256139.0850013152,
            1251299.881136891,
            554284.4361782577,
            482015.6902726538,
            487307.596552419,
            420639.531230771,
            594308.7708577296,
            367193.53879756946,
            1018392.8913720971,
            844942.0093079335,
            982023.2020797696,
            45350.404316149936,
            45805.54375897028,
            44938.147254958094,
            119358.55391989455,
            117477.75914749294,
            51462.76991867802,
            50623.97713440532,
            56143.38677679371,
            47320.36785956726,
            47264.52911155348,
            54797.56496180696,
            55345.8354283354,
            59029.86405328171,
            67518.90443278552,
            60338.83809873529,
            130176.54392489682,
            67528.75274555413,
            67528.74529954558,
            130176.53611239842,
            60338.845530825136,
            67518.89625219698,
            59029.867575994394,
            55345.83894419986,
            54797.5649618072,
            47264.528745711614,
            47320.371396432034,
            56143.3867767938,
            50623.742382210985,
            51462.769918677826,
            117477.75133499324,
            119358.51540622671,
            44938.14685378651,
            45804.69571654833,
            45350.32972700849,
            1338167.6066778693,
            1020931.6819917571,
            94940.36831248677,
            1757711.5283132126,
            1818347.2683676109,
            624733.2333856667,
            852819.7040720959,
            824993.7974976223,
            1415063.5686242203,
            341539.51911973004,
            387528.1711768863,
            96370.93659180978,
            631539.344979405,
            641655.4193389786,
            237301.49694492755,
            360655.0986810551,
            380662.91347616457,
            695293.337322329,
            561.8720633852357,
            1338167.1066075973,
            1020931.8694913192,
            94940.3681665153,
            1757711.2783161583,
            1818346.8933644507,
            624733.295887101,
            852819.6416003603,
            824993.9850127412,
            1415064.1924854545,
            341539.3941141123,
            387528.2336756677,
            96370.95221863552,
            631539.1574896588,
            641655.4193917655,
            237301.52819491984,
            360655.06699436594,
            380662.91369718465,
            695293.398884174,
            561.8720633845003
        ],
        "shape": [
            89
        ],
        "count": 4216674
    },
    "wandb_run_id": "qwkk58u3",
    "wandb_project": "rlgym-ppo",
    "wandb_entity": "gashfraude-epsi",
    "wandb_group": "unnamed-runs",
    "wandb_config": {
        "n_proc": 48,
        "min_inference_size": 36,
        "timestep_limit": 1e+16,
        "exp_buffer_size": 150000,
        "ts_per_iteration": 50000,
        "standardize_returns": true,
        "standardize_obs": true,
        "policy_layer_sizes": [
            512,
            512,
            256
        ],
        "critic_layer_sizes": [
            512,
            512,
            256
        ],
        "ppo_epochs": 2,
        "ppo_batch_size": 50000,
        "ppo_minibatch_size": 50000,
        "ppo_ent_coef": 0.01,
        "ppo_clip_range": 0.2,
        "gae_lambda": 0.95,
        "gae_gamma": 0.99,
        "policy_lr": 0.0002,
        "critic_lr": 0.0002,
        "shm_buffer_size": 8192
    }
}