{
    "cumulative_timesteps": 178634250,
    "cumulative_model_updates": 21278,
    "policy_average_reward": 2247.5279373272397,
    "epoch": 3553,
    "ts_since_last_save": 500064,
    "reward_running_stats": {
        "mean": [
            22.53496973357017
        ],
        "var": [
            693123024.1448501
        ],
        "shape": [
            1
        ],
        "count": 535500
    },
    "obs_running_stats": {
        "mean": [
            -3.1933856266868696e-12,
            1.7983409012250463e-12,
            0.1333415467362244,
            2.7413808896408948e-12,
            -3.697758187182244e-12,
            -0.01615369744692513,
            -3.741642236978543e-12,
            -2.317341743955006e-12,
            0.01245172510168795,
            0.5283811803700422,
            0.25569064439903627,
            -0.1886492179096061,
            0.07813387668963155,
            0.056477291130582905,
            0.13461639121906444,
            0.6858853921280961,
            0.3750656983340281,
            0.9790427160544432,
            0.9761294779884863,
            0.9765048825653432,
            0.9386032290234154,
            0.938164119790126,
            0.9783047679076943,
            0.9782366865804942,
            0.9781718883312069,
            0.9764779122861422,
            0.9752077723546422,
            0.9776010345452681,
            0.9770479809276817,
            0.9764906558046023,
            0.9762058518617132,
            0.9761789908888371,
            0.9357653411068232,
            0.9759060695982726,
            0.9759060600834815,
            0.935765341106835,
            0.9761790004036576,
            0.9762058613767324,
            0.9764906653194272,
            0.9770479904425409,
            0.9776010345452837,
            0.9752077818694952,
            0.9764779218009618,
            0.9781718883312096,
            0.9782366960953568,
            0.9783047679076742,
            0.938164119790134,
            0.93860321950859,
            0.9765048920803608,
            0.9761294875033457,
            0.9790427255694101,
            -0.013907753884985692,
            0.002173608008010413,
            0.069089948564135,
            0.053383191178424,
            0.00476483701937515,
            -0.0026777996401798182,
            0.009942547203399422,
            0.005311617684366649,
            0.6248056802502006,
            -0.001505348129281018,
            0.001595011916514939,
            -0.00640733862965634,
            0.01906227287009345,
            -0.0300827265079086,
            0.05845337031914843,
            0.10353652487369883,
            0.5103177866716049,
            0.5754773733043533,
            0.0014008355583282179,
            0.013907751208917123,
            -0.0021736080823447266,
            0.06908994499607048,
            -0.0533831908810833,
            -0.004764836053019472,
            -0.0026778026135869954,
            -0.009942545716699322,
            -0.00531161701535102,
            0.6248056707351698,
            0.0015053474602646213,
            -0.0015950120884155568,
            -0.006407337142952689,
            -0.019062273762114435,
            0.0300827300759968,
            0.05845337031912759,
            0.10353653438864567,
            0.5103177842929152,
            0.5754773804405025,
            0.0014008355606511755
        ],
        "var": [
            9330787.827890424,
            6905735.825216559,
            674731.6600587647,
            1454754.9936942647,
            1708788.96038595,
            646226.7499664741,
            8861202.678525884,
            8374559.295492588,
            4238069.472992379,
            5927483.963190892,
            6646392.970568339,
            5520841.847602147,
            6384835.632232065,
            2566120.1291778954,
            2966687.389133888,
            5494213.261684295,
            5991819.204169526,
            424097.08259980456,
            494868.03111520206,
            486496.10399833956,
            1330012.5040483754,
            1337911.6270379524,
            438705.51940580446,
            441022.7742445053,
            435906.87914413516,
            484597.2070822087,
            517103.570690361,
            451942.0240629121,
            464804.2798659019,
            473943.0349963312,
            478041.5311440988,
            481458.8658297752,
            1389273.2205184025,
            484836.72971953417,
            484836.73261898366,
            1389273.2127061458,
            481458.86410274653,
            478041.5125354013,
            473943.02938084013,
            464804.27499064355,
            451942.0240629246,
            517103.56478009076,
            484597.20424470346,
            435906.8791441209,
            441022.53176260245,
            438705.51940578927,
            1337911.6192252592,
            1330012.467772381,
            486496.0978224215,
            494867.1772793175,
            424097.0008886313,
            8988540.59596598,
            6744438.362156261,
            439953.2051729701,
            10871549.486072525,
            11947931.027503628,
            2615685.9325259794,
            3911341.0847094725,
            3533960.72208605,
            8094298.883789249,
            2522414.586737317,
            3003637.6159192794,
            393175.39895358746,
            3169696.576041536,
            3198593.658870718,
            1597275.136373203,
            1351972.24634448,
            6372688.519328552,
            6241072.699808187,
            35692.870914690364,
            8988540.09418846,
            6744438.549677383,
            439953.197508789,
            10871549.236574307,
            11947930.652932275,
            2615685.9902622867,
            3911341.0240048347,
            3533960.910014059,
            8094299.562056665,
            2522414.4616326634,
            3003637.6784078884,
            393175.4142606578,
            3169696.38822162,
            3198593.6560146357,
            1597275.1676226486,
            1351972.2709954432,
            6372688.569164043,
            6241072.626645815,
            35692.87091453918
        ],
        "shape": [
            89
        ],
        "count": 25519258
    },
    "wandb_run_id": "qwkk58u3",
    "wandb_project": "rlgym-ppo",
    "wandb_entity": "gashfraude-epsi",
    "wandb_group": "unnamed-runs",
    "wandb_config": {
        "n_proc": 48,
        "min_inference_size": 36,
        "timestep_limit": 1e+16,
        "exp_buffer_size": 150000,
        "ts_per_iteration": 50000,
        "standardize_returns": true,
        "standardize_obs": true,
        "policy_layer_sizes": [
            512,
            512,
            256
        ],
        "critic_layer_sizes": [
            512,
            512,
            256
        ],
        "ppo_epochs": 2,
        "ppo_batch_size": 50000,
        "ppo_minibatch_size": 50000,
        "ppo_ent_coef": 0.01,
        "ppo_clip_range": 0.2,
        "gae_lambda": 0.95,
        "gae_gamma": 0.99,
        "policy_lr": 0.0002,
        "critic_lr": 0.0002,
        "shm_buffer_size": 8192
    }
}