{
    "cumulative_timesteps": 674197788,
    "cumulative_model_updates": 80616,
    "policy_average_reward": 113.82528565907754,
    "epoch": 13447,
    "ts_since_last_save": 500260,
    "reward_running_stats": {
        "mean": [
            11.069414305091511
        ],
        "var": [
            5478275687.212423
        ],
        "shape": [
            1
        ],
        "count": 2021100
    },
    "obs_running_stats": {
        "mean": [
            -8.461157877611286e-13,
            4.764863433404243e-13,
            0.12159703751809904,
            7.263531329378136e-13,
            -9.797537611195768e-13,
            -0.010569070917218683,
            -9.913812268696928e-13,
            -6.140002024860531e-13,
            0.000697255286265136,
            0.6331511046479265,
            0.349130478942758,
            -0.12137954895326757,
            -0.13175431385231828,
            0.04225768448716053,
            0.13448186940958992,
            0.4960108857249102,
            0.20495631698996994,
            0.9794184181784362,
            0.9749799514194554,
            0.976546296711779,
            0.927559586390131,
            0.9377547898910182,
            0.979832772202303,
            0.9798787531926166,
            0.980243356276805,
            0.9759883172064847,
            0.9778618131958214,
            0.9801552926376556,
            0.9802045635638384,
            0.9796018215086555,
            0.9794150991478434,
            0.9796439809126205,
            0.928932617812707,
            0.9794684847080749,
            0.9794684821870381,
            0.9289326178126653,
            0.9796439834335552,
            0.9794151016690856,
            0.9796018240297139,
            0.9802045660849277,
            0.9801552926376885,
            0.9778618157166472,
            0.975988319727411,
            0.9802433562767701,
            0.9798787557136797,
            0.9798327722022542,
            0.937754789890921,
            0.9275595838690474,
            0.976546299232781,
            0.9749799539406947,
            0.9794184206995676,
            -0.018159489299549934,
            0.010360030779211616,
            0.054999132169620886,
            0.08838163495803743,
            0.0007455666705260087,
            -0.019164776847557956,
            0.012178738152076447,
            0.019564138927551888,
            0.5678282724464199,
            -0.0018968506381827938,
            0.00185997657681555,
            -0.0036646442965382175,
            0.05006391395098786,
            -0.07016797388012022,
            0.035686926559944966,
            0.15809266896990345,
            0.441980404685629,
            0.5142129489543644,
            0.0008425696019333394,
            0.01815948859050958,
            -0.010360030798906093,
            0.0549991312242131,
            -0.088381634879299,
            -0.0007455664144817493,
            -0.01916477763539243,
            -0.012178737758162098,
            -0.019564138750275104,
            0.5678282699258218,
            0.0018968504609220979,
            -0.0018599766223623942,
            -0.003664643902624103,
            -0.05006391418734407,
            0.07016797482548294,
            0.03568692655992926,
            0.15809267149093612,
            0.44198040405524663,
            0.5142129508448292,
            0.0008425696025487369
        ],
        "var": [
            34533653.15533778,
            29594251.97630875,
            2017680.409695284,
            5611860.125870254,
            9780973.211956091,
            2026415.285854665,
            39256815.11546119,
            29950802.641498793,
            16650131.879477918,
            23367793.815366615,
            37432620.28892821,
            34419614.86962057,
            36343756.99848532,
            11169844.842981163,
            11204443.086431263,
            24073153.206830293,
            15704622.589062113,
            1841987.5648453194,
            2249740.087843861,
            2106946.196632505,
            6331019.097858012,
            5479405.504933624,
            1800285.4371160774,
            1796690.6183229664,
            1756277.1739702201,
            2155581.8101230916,
            1985124.6527664633,
            1766534.7192020128,
            1761366.1485300432,
            1812662.360716519,
            1827083.6188546866,
            1808706.1156541326,
            6213692.929726118,
            1821664.5833390064,
            1821664.5879686018,
            6213692.921913169,
            1808706.1122448433,
            1827083.5986877857,
            1812662.3535904833,
            1761366.1421214882,
            1766534.719202009,
            1985124.6455676632,
            2155581.8075232725,
            1756277.1739702548,
            1796690.3750436578,
            1800285.437115985,
            5479405.497121175,
            6331019.056216488,
            2106946.190436916,
            2249739.234565977,
            1841987.4829511389,
            33486225.697616324,
            28174455.522958282,
            1063148.8825212356,
            39070767.13846824,
            45248124.966079354,
            11196777.15201188,
            15473974.907356719,
            15074943.84300562,
            34645386.008588426,
            8270328.874083746,
            12661828.456053415,
            1013174.7538537087,
            15242871.31281008,
            14977730.897699168,
            8639689.640082508,
            7583893.803530798,
            23749881.81435653,
            24065691.474309213,
            81077.57277702917,
            33486225.196436778,
            28174455.710459605,
            1063148.8722903817,
            39070766.889487706,
            45248124.59131659,
            11196777.207245255,
            15473974.846820109,
            15074944.031421931,
            34645386.65918656,
            8270328.748994562,
            12661828.518533075,
            1013174.768952518,
            15242871.123578036,
            14977730.887543477,
            8639689.671332113,
            7583893.801688955,
            23749881.85587906,
            24065691.423456576,
            81077.57277694387
        ],
        "shape": [
            89
        ],
        "count": 96314042
    },
    "wandb_run_id": "qwkk58u3",
    "wandb_project": "rlgym-ppo",
    "wandb_entity": "gashfraude-epsi",
    "wandb_group": "unnamed-runs",
    "wandb_config": {
        "n_proc": 48,
        "min_inference_size": 36,
        "timestep_limit": 1e+16,
        "exp_buffer_size": 150000,
        "ts_per_iteration": 50000,
        "standardize_returns": true,
        "standardize_obs": true,
        "policy_layer_sizes": [
            512,
            512,
            256
        ],
        "critic_layer_sizes": [
            512,
            512,
            256
        ],
        "ppo_epochs": 2,
        "ppo_batch_size": 50000,
        "ppo_minibatch_size": 50000,
        "ppo_ent_coef": 0.01,
        "ppo_clip_range": 0.2,
        "gae_lambda": 0.95,
        "gae_gamma": 0.99,
        "policy_lr": 0.0002,
        "critic_lr": 0.0002,
        "shm_buffer_size": 8192
    }
}