{
    "cumulative_timesteps": 120085520,
    "cumulative_model_updates": 14328,
    "policy_average_reward": 82.2713845071544,
    "epoch": 2392,
    "ts_since_last_save": 500290,
    "reward_running_stats": {
        "mean": [
            17.74863491759146
        ],
        "var": [
            274389032.07467896
        ],
        "shape": [
            1
        ],
        "count": 360000
    },
    "obs_running_stats": {
        "mean": [
            -4.750338249477244e-12,
            2.6751318331631942e-12,
            0.13185783644745314,
            4.077956132268335e-12,
            -5.500620405479753e-12,
            -0.01982776778422896,
            -5.565900394575025e-12,
            -3.4471743778741035e-12,
            0.01040282931376753,
            0.44788292959773035,
            0.2249766253305711,
            -0.17928901241652628,
            0.07738497044345809,
            0.03747207666008047,
            0.18037492492335877,
            0.6013905947007216,
            0.5045984009676141,
            0.9791488827511331,
            0.976866032303427,
            0.9769126098966128,
            0.9447620530519664,
            0.9435024473835901,
            0.9770228238487273,
            0.9769443410692006,
            0.9760814170398224,
            0.977154854067818,
            0.9762076157549229,
            0.97560291592849,
            0.9751578302410352,
            0.9742717108426366,
            0.9729993251460214,
            0.9739159895337498,
            0.9409428069101667,
            0.9728843031662915,
            0.9728842890124092,
            0.940942806910137,
            0.9739160036877218,
            0.9729993393000406,
            0.9742717249966516,
            0.9751578443948865,
            0.9756029159284989,
            0.976207629908837,
            0.9771548682217719,
            0.9760814170398074,
            0.9769443552230134,
            0.977022823848743,
            0.9435024473835495,
            0.9447620388980302,
            0.9769126240507873,
            0.9768660464571781,
            0.9791488969052528,
            -0.014455868533310288,
            0.0045540799866439,
            0.07474206492084214,
            0.06157493003267068,
            0.010713788895974623,
            -0.008859030651246604,
            0.00561040958153842,
            0.0049458898427067665,
            0.5888418002214665,
            -0.0016865853224261877,
            0.0013207754212801225,
            -0.007693128424469281,
            0.024532887110295797,
            -0.025014071814409365,
            0.04637636370328934,
            0.12186483704634234,
            0.4174877174046172,
            0.49134491296704524,
            0.0007107646437277174,
            0.014455864552512916,
            -0.004554080097222259,
            0.07474205961312813,
            -0.0615749295903619,
            -0.010713787458466928,
            -0.00885903507435325,
            -0.005610407369984257,
            -0.004945888847508024,
            0.5888417860674637,
            0.001686584327226925,
            -0.0013207756769915795,
            -0.0076931262129162755,
            -0.02453288843722664,
            0.02501407712213718,
            0.04637636370328387,
            0.12186485120032697,
            0.41748771386609296,
            0.4913449235825098,
            0.0007107646471832962
        ],
        "var": [
            6106539.303748646,
            4473572.804470265,
            467019.7571467597,
            836667.7107040253,
            930263.9340185837,
            443822.92236057046,
            5831632.631997767,
            5613988.827920562,
            2644260.324791639,
            4665972.801404941,
            4021553.131091408,
            3203458.531231757,
            4014881.2198038995,
            1811724.0286575565,
            2530042.2718396313,
            4108610.3654366117,
            4298752.326440234,
            250736.80344715956,
            287936.84221206914,
            287929.0830812662,
            754680.602718944,
            771949.175419243,
            282190.9232202553,
            284130.7043655775,
            291541.50414751633,
            281409.42990566447,
            298560.94560020644,
            301465.32677590346,
            308113.67730643816,
            318123.48224778514,
            335974.81243118556,
            323848.57067885343,
            808650.053060229,
            337352.58183003,
            337352.58326217183,
            808650.0452477819,
            323848.57005072606,
            335974.79537968914,
            318123.4777098221,
            308113.67334905284,
            301465.3267759024,
            298560.9392043503,
            281409.42673940863,
            291541.5041475053,
            284130.462511355,
            282190.92322025227,
            771949.1676066528,
            754680.5694338009,
            287929.0767073749,
            287935.98801843676,
            250736.72168444123,
            5846652.168522144,
            4372489.385600377,
            314193.26084066264,
            7346960.208258886,
            7913214.511904265,
            1816025.0924941087,
            2800165.323583496,
            2612973.1400271426,
            5778623.684056109,
            1578924.281804025,
            1852275.1593838455,
            265428.2599012259,
            2375710.2654048814,
            2362561.135587235,
            1069793.9886295914,
            1026700.0573514609,
            4167584.6111753555,
            4294143.0709440755,
            12179.281826928265,
            5846651.666824181,
            4372489.573110136,
            314193.2542058557,
            7346959.958886347,
            7913214.13762759,
            1816025.1492922269,
            2800165.2625506497,
            2612973.3279430442,
            5778624.344859281,
            1578924.15670515,
            1852275.2218747968,
            265428.2753058477,
            2375710.0773359886,
            2362561.13365392,
            1069794.019879406,
            1026700.0731019403,
            4167584.649741034,
            4294143.028424528,
            12179.281826859637
        ],
        "shape": [
            89
        ],
        "count": 17155164
    },
    "wandb_run_id": "qwkk58u3",
    "wandb_project": "rlgym-ppo",
    "wandb_entity": "gashfraude-epsi",
    "wandb_group": "unnamed-runs",
    "wandb_config": {
        "n_proc": 48,
        "min_inference_size": 36,
        "timestep_limit": 1e+16,
        "exp_buffer_size": 150000,
        "ts_per_iteration": 50000,
        "standardize_returns": true,
        "standardize_obs": true,
        "policy_layer_sizes": [
            512,
            512,
            256
        ],
        "critic_layer_sizes": [
            512,
            512,
            256
        ],
        "ppo_epochs": 2,
        "ppo_batch_size": 50000,
        "ppo_minibatch_size": 50000,
        "ppo_ent_coef": 0.01,
        "ppo_clip_range": 0.2,
        "gae_lambda": 0.95,
        "gae_gamma": 0.99,
        "policy_lr": 0.0002,
        "critic_lr": 0.0002,
        "shm_buffer_size": 8192
    }
}