{
    "cumulative_timesteps": 49026084,
    "cumulative_model_updates": 5850,
    "policy_average_reward": 560.5189099138614,
    "epoch": 977,
    "ts_since_last_save": 500296,
    "reward_running_stats": {
        "mean": [
            11.848568434267317
        ],
        "var": [
            36871290.57625572
        ],
        "shape": [
            1
        ],
        "count": 147000
    },
    "obs_running_stats": {
        "mean": [
            -1.1635483487266387e-11,
            6.552470701268611e-12,
            0.15056658270769172,
            9.988550000337734e-12,
            -1.3473225355746135e-11,
            -0.02958108872652613,
            -1.363312223551798e-11,
            -8.443512532411528e-12,
            0.0008633932086689308,
            0.2155105408401104,
            0.0658652055467082,
            0.05861784478760282,
            0.14349939741715279,
            -0.06067748482844245,
            0.3251945964556216,
            0.37646602570455984,
            0.615055972703061,
            0.972871042375979,
            0.9723408069015336,
            0.9726762019078626,
            0.9455945414191095,
            0.9452400574636772,
            0.9697130672785989,
            0.9699800094682458,
            0.9674491615531913,
            0.9720143828552444,
            0.9719868223806652,
            0.967799289763452,
            0.9675871886583308,
            0.9660176846443956,
            0.9626395302522678,
            0.965594136153389,
            0.940483074545764,
            0.962828538404046,
            0.9628285037354074,
            0.9404830745457537,
            0.9655941708220562,
            0.9626395649208241,
            0.9660177193131343,
            0.9675872233269832,
            0.9677992897634374,
            0.9719868570493438,
            0.9720144175239176,
            0.9674491615532061,
            0.9699800441368951,
            0.9697130672786081,
            0.9452400574637237,
            0.9455945067505241,
            0.9726762365765892,
            0.9723408415703343,
            0.9728710770448319,
            -0.01702278051406637,
            0.012890422423401876,
            0.09901298753973536,
            0.03217703166714581,
            -0.0010110942434495074,
            0.004820875998200921,
            -0.0063088591130533375,
            -0.002410189939781037,
            0.516193287408413,
            -0.0024818659257635728,
            0.0023100090280525967,
            -0.010672185545596917,
            0.014567501050781213,
            -0.01499816443955109,
            0.012093475563828057,
            0.19187986700475207,
            0.18473379670831488,
            0.2876889415369918,
            0.0002991630322526696,
            0.01702277076349661,
            -0.012890422694251218,
            0.09901297453897416,
            -0.03217703058374708,
            0.0010110977644881473,
            0.004820865164237664,
            0.0063088645300362,
            0.0024101923774230037,
            0.5161932527397546,
            0.002481863488122245,
            -0.002310009654391334,
            -0.010672180128615575,
            -0.014567504300969368,
            0.014998177440309225,
            0.012093475563828933,
            0.19187990167342986,
            0.184733788041152,
            0.28768896753849565,
            0.0002991630407167181
        ],
        "var": [
            2306858.299224915,
            1684779.0086145152,
            241132.96098618075,
            299053.8573907024,
            312352.8633746462,
            229533.9755905375,
            2143535.02900694,
            2125315.6600867924,
            943998.5806132859,
            1417641.4916362052,
            858031.1131550793,
            936873.6065706038,
            1145044.733540874,
            626902.4263016051,
            1530765.8306211377,
            1640247.560034666,
            1668563.3707106593,
            85342.66465995548,
            88612.8116385275,
            87147.2770944128,
            219723.98271599822,
            220009.98947193372,
            102770.41062176743,
            101668.92041474555,
            111588.00254720182,
            88971.36670716737,
            90812.93423195696,
            111406.22314537689,
            112184.55633612453,
            118024.25930497286,
            137170.58729299216,
            120726.65946724471,
            247383.6292074096,
            135456.80405990264,
            135456.8006087611,
            247383.62139492037,
            120726.66288030331,
            137170.57527246955,
            118024.25877542455,
            112184.55605521669,
            111406.22314537804,
            90812.92988582402,
            88971.3660373062,
            111588.00254719722,
            101668.68194260579,
            102770.41062176727,
            220009.98165943607,
            219723.94983519957,
            87147.27277781941,
            88611.95964246857,
            85342.58594591056,
            2257272.4382154024,
            1704844.4106591984,
            156597.00719881474,
            2953008.03776116,
            3072003.85930587,
            960781.3209200286,
            1356777.8986837782,
            1307684.6364539855,
            2458679.394007706,
            613521.9337227376,
            714181.1017949616,
            142729.29856521866,
            1119364.034791309,
            1123566.6274483034,
            429836.9615612938,
            565285.440572054,
            1050416.5828970142,
            1441888.084313106,
            2089.321550583369,
            2257271.9368662485,
            1704844.598138452,
            156597.00498399662,
            2953007.787944701,
            3072003.4844503305,
            960781.3797939672,
            1356777.8367463718,
            1307684.8241185627,
            2458680.0195317254,
            613521.8086508649,
            714181.1642769809,
            142729.3141958855,
            1119363.8471759306,
            1123566.627338906,
            429836.9928112772,
            565285.4223212405,
            1050416.5932042398,
            1441888.1159695268,
            2089.321550563159
        ],
        "shape": [
            89
        ],
        "count": 7003820
    },
    "wandb_run_id": "qwkk58u3",
    "wandb_project": "rlgym-ppo",
    "wandb_entity": "gashfraude-epsi",
    "wandb_group": "unnamed-runs",
    "wandb_config": {
        "n_proc": 48,
        "min_inference_size": 36,
        "timestep_limit": 1e+16,
        "exp_buffer_size": 150000,
        "ts_per_iteration": 50000,
        "standardize_returns": true,
        "standardize_obs": true,
        "policy_layer_sizes": [
            512,
            512,
            256
        ],
        "critic_layer_sizes": [
            512,
            512,
            256
        ],
        "ppo_epochs": 2,
        "ppo_batch_size": 50000,
        "ppo_minibatch_size": 50000,
        "ppo_ent_coef": 0.01,
        "ppo_clip_range": 0.2,
        "gae_lambda": 0.95,
        "gae_gamma": 0.99,
        "policy_lr": 0.0002,
        "critic_lr": 0.0002,
        "shm_buffer_size": 8192
    }
}