{
    "cumulative_timesteps": 103071818,
    "cumulative_model_updates": 12320,
    "policy_average_reward": 4057.6628242916577,
    "epoch": 2056,
    "ts_since_last_save": 500350,
    "reward_running_stats": {
        "mean": [
            17.57566772545184
        ],
        "var": [
            196675373.31475046
        ],
        "shape": [
            1
        ],
        "count": 309000
    },
    "obs_running_stats": {
        "mean": [
            -5.534454007195261e-12,
            3.116703129096115e-12,
            0.1335407541862719,
            4.751084966117218e-12,
            -6.408581669975152e-12,
            -0.02082335897627882,
            -6.484637119471061e-12,
            -4.016183067420729e-12,
            0.009593056717913231,
            0.4186382762437583,
            0.19365458863648013,
            -0.15493980158592,
            0.09333718784282469,
            0.019842244360761506,
            0.19594956552058965,
            0.5747191394551556,
            0.5296855734408072,
            0.978350073123141,
            0.9762130648097626,
            0.9762745974769922,
            0.9445957830054301,
            0.9433436814721959,
            0.9760355925128841,
            0.9759228301513462,
            0.9749638521958907,
            0.9765137706563418,
            0.9757107608571215,
            0.97454436717776,
            0.9741011292549093,
            0.9730576045445978,
            0.971657571124662,
            0.9727263599059993,
            0.940945452592095,
            0.9715016269903252,
            0.9715016105001045,
            0.9409454525920697,
            0.9727263763963095,
            0.9716575876149607,
            0.9730576210349324,
            0.9741011457449862,
            0.9745443671777658,
            0.9757107773474044,
            0.9765137871465854,
            0.9749638521958831,
            0.9759228466414809,
            0.976035592512904,
            0.9433436814721545,
            0.9445957665153104,
            0.9762746139675257,
            0.9762130812998193,
            0.9783500896136355,
            -0.01521622732436489,
            0.006346673527138994,
            0.07745186782475866,
            0.06101337397842748,
            0.012714487641400993,
            -0.005832217374385703,
            0.003561663147163008,
            0.0036406930355782686,
            0.5830670183419753,
            -0.0017432924327625923,
            0.0015360111042235466,
            -0.007982844875330072,
            0.02469485326619296,
            -0.023479945691118928,
            0.04243815410696692,
            0.129963813141018,
            0.3949237502519218,
            0.4695293400431941,
            0.0006684907315583782,
            0.015216222686476093,
            -0.00634667365596976,
            0.07745186164091117,
            -0.0610133734631059,
            -0.012714485966609384,
            -0.005832222527593562,
            -0.003561660570558258,
            -0.0036406918761065525,
            0.5830670018516234,
            0.001743291273290644,
            -0.0015360114021439912,
            -0.00798284229872612,
            -0.024694854812153447,
            0.023479951874968742,
            0.042438154106968176,
            0.12996382963132744,
            0.3949237461292971,
            0.4695293524109519,
            0.0006684907355843137
        ],
        "var": [
            5202544.638207536,
            3810438.265976856,
            411745.0984042676,
            705751.5794192317,
            777376.5241815211,
            390783.4829774118,
            4954348.742881343,
            4784700.639623201,
            2250005.9275747077,
            3962597.848226861,
            3182756.949580986,
            2612592.607198142,
            3182431.026532835,
            1523841.2878092418,
            2313741.8602791857,
            3595127.940536536,
            3678507.736481391,
            212376.61598388938,
            242173.48136538808,
            242064.83760738868,
            630016.8169939513,
            644461.82209491,
            241481.74878503283,
            243717.7403347116,
            250447.41848373826,
            236154.56784493895,
            249073.04623290166,
            258423.97720511834,
            264004.12885278015,
            274134.7480959573,
            290784.3494898115,
            278686.5824745178,
            673552.7263576682,
            292461.3834069386,
            292461.3841676376,
            673552.7185451724,
            278686.582424066,
            290784.33308989264,
            274134.74414760905,
            264004.12540855416,
            258423.977205113,
            249073.04007836626,
            236154.56499001753,
            250447.4184837286,
            243717.49897657143,
            241481.74878503376,
            644461.8142823451,
            630016.7836280852,
            242064.83154331113,
            242172.62748885452,
            212376.53460907217,
            4986976.728500295,
            3739879.1895769113,
            277108.5079104997,
            6310935.859193604,
            6762799.840112923,
            1582601.347880539,
            2437995.065382029,
            2280042.9915782628,
            4986172.629552687,
            1366585.9296755765,
            1598452.207871776,
            235984.04103285147,
            2058488.114272332,
            2052902.4442341814,
            895875.205734921,
            924190.357976747,
            3514175.218831699,
            3674125.419535394,
            9831.368237965557,
            4986976.226906127,
            3739879.3770802184,
            277108.50176914135,
            6310935.609813325,
            6762799.4659349555,
            1582601.4051379221,
            2437995.004193859,
            2280043.179449773,
            4986173.2875519125,
            1366585.8045787378,
            1598452.2703606791,
            235984.05645942423,
            2058487.9261961903,
            2052902.4425800107,
            895875.2369848283,
            924190.3697941331,
            3514175.2546578026,
            3674125.3849616502,
            9831.368237901821
        ],
        "shape": [
            89
        ],
        "count": 14724638
    },
    "wandb_run_id": "qwkk58u3",
    "wandb_project": "rlgym-ppo",
    "wandb_entity": "gashfraude-epsi",
    "wandb_group": "unnamed-runs",
    "wandb_config": {
        "n_proc": 48,
        "min_inference_size": 36,
        "timestep_limit": 1e+16,
        "exp_buffer_size": 150000,
        "ts_per_iteration": 50000,
        "standardize_returns": true,
        "standardize_obs": true,
        "policy_layer_sizes": [
            512,
            512,
            256
        ],
        "critic_layer_sizes": [
            512,
            512,
            256
        ],
        "ppo_epochs": 2,
        "ppo_batch_size": 50000,
        "ppo_minibatch_size": 50000,
        "ppo_ent_coef": 0.01,
        "ppo_clip_range": 0.2,
        "gae_lambda": 0.95,
        "gae_gamma": 0.99,
        "policy_lr": 0.0002,
        "critic_lr": 0.0002,
        "shm_buffer_size": 8192
    }
}