{
    "cumulative_timesteps": 173630858,
    "cumulative_model_updates": 20694,
    "policy_average_reward": 2890.303138347171,
    "epoch": 3455,
    "ts_since_last_save": 500358,
    "reward_running_stats": {
        "mean": [
            21.391085349191258
        ],
        "var": [
            593420528.5590087
        ],
        "shape": [
            1
        ],
        "count": 520500
    },
    "obs_running_stats": {
        "mean": [
            -3.285406456426003e-12,
            1.850162024456553e-12,
            0.132838790290574,
            2.82037672123331e-12,
            -3.804313058425761e-12,
            -0.01646266746421531,
            -3.849461674460283e-12,
            -2.3841184317982138e-12,
            0.012399788936856128,
            0.5236456469182629,
            0.25501661301684536,
            -0.1872833876686729,
            0.07757385908340991,
            0.05711752103533133,
            0.1380702614142969,
            0.680227986148764,
            0.3828367494246704,
            0.9791440446473133,
            0.9762614748456057,
            0.9766354009473376,
            0.9393928261004971,
            0.9387096134315612,
            0.9782561453537933,
            0.978161429237718,
            0.9780657770698453,
            0.9766570397106051,
            0.9753694490926095,
            0.9774685559601324,
            0.9769024278940333,
            0.976363270523467,
            0.975976849141805,
            0.9760159762475399,
            0.9364657030708078,
            0.9756932625441472,
            0.9756932527551841,
            0.9364657030708333,
            0.9760159860365166,
            0.9759768589310203,
            0.9763632803125079,
            0.9769024376830346,
            0.9774685559601476,
            0.9753694588816639,
            0.9766570494996258,
            0.978065777069848,
            0.978161439026757,
            0.9782561453537817,
            0.9387096134315751,
            0.939392816311471,
            0.976635410736566,
            0.9762614846346808,
            0.9791440544364878,
            -0.013877369565317597,
            0.0024675007091755304,
            0.06942507446927333,
            0.05447501707044536,
            0.004689940159580146,
            -0.0033413720797804553,
            0.009524244549932528,
            0.005237274201319849,
            0.6207956627041703,
            -0.001510340113515899,
            0.0015452804611505338,
            -0.00651815057454997,
            0.01946665908590895,
            -0.030432076349158413,
            0.05749239234677858,
            0.10453994955307179,
            0.5011788293192684,
            0.5672346644706703,
            0.001300784012432868,
            0.013877366812134601,
            -0.002467500785651849,
            0.06942507079838825,
            -0.05447501676454151,
            -0.004689939165377965,
            -0.0033413751388692765,
            -0.009524243020390732,
            -0.005237273513026004,
            0.6207956529149848,
            0.0015103394252210494,
            -0.0015452806380046285,
            -0.0065181490450055045,
            -0.01946666000363366,
            0.030432080020063746,
            0.05749239234676366,
            0.10453995934220005,
            0.5011788268720537,
            0.567234671812459,
            0.001300784014822783
        ],
        "var": [
            9050327.43781183,
            6691521.052533394,
            655030.6236420075,
            1389585.8924658543,
            1623436.7808991515,
            626964.6039024567,
            8602139.349219268,
            8143835.850633495,
            4089929.030376766,
            5878981.881653538,
            6477267.073964582,
            5327975.830676732,
            6228285.124908537,
            2510547.593456634,
            2945730.6379852737,
            5391595.261192566,
            5870949.705455912,
            407023.1078108969,
            475095.18470553705,
            467011.37622766884,
            1271626.3821069153,
            1284581.6518836953,
            424688.5585776617,
            427590.9257449581,
            423162.2580942113,
            463944.9091890141,
            496010.10671004764,
            439428.9887380903,
            452219.56019697734,
            460545.1108778387,
            466847.5888601075,
            468688.15470997756,
            1331157.036421506,
            473053.17870435637,
            473053.1815004657,
            1331157.0286091936,
            468688.15306211624,
            466847.57036261656,
            460545.1053241985,
            452219.5553924044,
            439428.9887381015,
            496010.10072127514,
            463944.90626452357,
            423162.2580941995,
            427590.68329960125,
            424688.5585776525,
            1284581.6440709725,
            1271626.3462143112,
            467011.3699883712,
            475094.3308055579,
            407023.02605053084,
            8706094.117083495,
            6531735.764478422,
            429156.4169356018,
            10574250.000817752,
            11598458.746718043,
            2546745.4261510326,
            3825281.3156079925,
            3467524.8392766714,
            7935266.985005708,
            2432225.6391680017,
            2890093.683932099,
            380862.89697109204,
            3124298.7118401923,
            3150701.6258085463,
            1556920.9163991963,
            1323059.1144354746,
            6196678.746601998,
            6095630.973712236,
            32217.978216484917,
            8706093.615303323,
            6531735.95199762,
            429156.4093324316,
            10574249.751336847,
            11598458.372142663,
            2546745.483786627,
            3825281.254871758,
            3467525.027202282,
            7935267.661325768,
            2432225.514063579,
            2890093.7464212016,
            380862.9122866179,
            3124298.524001717,
            3150701.6228889534,
            1556920.9476487467,
            1323059.1385991592,
            6196678.795328162,
            6095630.903552002,
            32217.978216345906
        ],
        "shape": [
            89
        ],
        "count": 24804490
    },
    "wandb_run_id": "qwkk58u3",
    "wandb_project": "rlgym-ppo",
    "wandb_entity": "gashfraude-epsi",
    "wandb_group": "unnamed-runs",
    "wandb_config": {
        "n_proc": 48,
        "min_inference_size": 36,
        "timestep_limit": 1e+16,
        "exp_buffer_size": 150000,
        "ts_per_iteration": 50000,
        "standardize_returns": true,
        "standardize_obs": true,
        "policy_layer_sizes": [
            512,
            512,
            256
        ],
        "critic_layer_sizes": [
            512,
            512,
            256
        ],
        "ppo_epochs": 2,
        "ppo_batch_size": 50000,
        "ppo_minibatch_size": 50000,
        "ppo_ent_coef": 0.01,
        "ppo_clip_range": 0.2,
        "gae_lambda": 0.95,
        "gae_gamma": 0.99,
        "policy_lr": 0.0002,
        "critic_lr": 0.0002,
        "shm_buffer_size": 8192
    }
}