{
    "cumulative_timesteps": 48525788,
    "cumulative_model_updates": 5790,
    "policy_average_reward": 573.6966002744468,
    "epoch": 967,
    "ts_since_last_save": 500278,
    "reward_running_stats": {
        "mean": [
            11.86950330122427
        ],
        "var": [
            36591099.855645165
        ],
        "shape": [
            1
        ],
        "count": 145500
    },
    "obs_running_stats": {
        "mean": [
            -1.1755444469473078e-11,
            6.620026195571838e-12,
            0.15073161800938303,
            1.0091531219330713e-11,
            -1.3612133322083996e-11,
            -0.029639381229287175,
            -1.3773678729068731e-11,
            -8.530564530240102e-12,
            0.000988553585414216,
            0.21151222694623764,
            0.06510054416457756,
            0.06230155493046953,
            0.14361598481335439,
            -0.06099613617144018,
            0.32713381073018766,
            0.37207758181644374,
            0.6166110418486224,
            0.9727622825648604,
            0.9722342257187634,
            0.9725719246128933,
            0.945454838834113,
            0.9450799670278011,
            0.9695854528461636,
            0.9698607729897473,
            0.9673592247056138,
            0.9718714027237441,
            0.971879620920073,
            0.9676865647297331,
            0.9674528029563625,
            0.9658822638543428,
            0.9625393870549267,
            0.9654480015535611,
            0.9402755267284731,
            0.9626824524454045,
            0.9626824174193387,
            0.9402755267284645,
            0.965448036579655,
            0.9625394220809257,
            0.9658822988805058,
            0.9674528379824476,
            0.9676865647297173,
            0.9718796559462148,
            0.9718714377498577,
            0.9673592247056281,
            0.9698608080158185,
            0.9695854528461725,
            0.9450799670278461,
            0.945454803808084,
            0.9725719596390444,
            0.9722342607450084,
            0.9727623175911109,
            -0.01696967722436095,
            0.012895592303393835,
            0.09930294230999791,
            0.031527569595955235,
            -0.0011801170378135527,
            0.0052593001764351215,
            -0.006539338498664501,
            -0.00244815789114198,
            0.5153555529928385,
            -0.002490032423103294,
            0.002299144274393551,
            -0.01068519843222533,
            0.01433951770126927,
            -0.014884715593131247,
            0.011882111261600272,
            0.19306599669768879,
            0.18195325163445542,
            0.2852426858137541,
            0.0002956118227982616,
            0.016969667373263234,
            -0.012895592577035622,
            0.09930292917519913,
            -0.031527568501387104,
            0.0011801205951538342,
            0.00525928923077443,
            0.006539343971496197,
            0.002448160353915817,
            0.5153555179667358,
            0.0024900299603300455,
            -0.0022991449071898336,
            -0.01068519295939565,
            -0.014339520984966724,
            0.014884728727925933,
            0.011882111261601188,
            0.19306603172380138,
            0.18195324287793638,
            0.28524271208333396,
            0.0002956118313495753
        ],
        "var": [
            2281293.509619172,
            1665969.845850534,
            239077.02553068276,
            295907.57297972334,
            308779.7275208283,
            227500.4355928151,
            2119205.572739467,
            2102120.247713367,
            933207.0982494229,
            1384469.1830574279,
            843161.6664000128,
            918293.0563141783,
            1129216.7216786023,
            619179.1289550207,
            1519755.6518321945,
            1615820.4069518342,
            1649144.0728501198,
            84169.27630189789,
            87388.53875931818,
            85931.05798072372,
            216910.02146996342,
            217298.58595470854,
            101502.2711295297,
            100364.60403587585,
            109920.08596583114,
            87962.72346598683,
            89568.30494266187,
            109909.91691802155,
            110814.1268359732,
            116552.8637685757,
            135242.4053937744,
            119295.40724045588,
            244650.2381569208,
            133836.12176440132,
            133836.11824231842,
            244650.23034443002,
            119295.41072447917,
            135242.39342188297,
            116552.86330478762,
            110814.1266203247,
            109909.91691802288,
            89568.30064858664,
            87962.72286555957,
            109920.08596582616,
            100364.365621643,
            101502.27112952997,
            217298.57814221093,
            216909.98852132077,
            85931.0537147704,
            87387.68681501845,
            84169.19764066768,
            2234213.12791945,
            1687361.7343347252,
            155107.7349333266,
            2922339.2340831123,
            3038820.890384634,
            953490.4394880325,
            1345889.8142167423,
            1297412.5595227876,
            2433383.801489932,
            606840.5080111527,
            706118.7821332178,
            141722.21890960092,
            1109067.0299734343,
            1113485.7623428556,
            425272.32934705133,
            561556.4103145931,
            1027444.8292794261,
            1419999.4032889768,
            2043.3425895196688,
            2234212.62656303,
            1687361.9218139728,
            155107.7327713193,
            2922338.9842568156,
            3038820.51552069,
            953490.4984285019,
            1345889.7522618258,
            1297412.7471860647,
            2433384.426607165,
            606840.3829395492,
            706118.8446153267,
            141722.2345412539,
            1109066.842368464,
            1113485.7622541522,
            425272.3605970278,
            561556.3914877558,
            1027444.8392490486,
            1419999.4358364241,
            2043.3425894998775
        ],
        "shape": [
            89
        ],
        "count": 6932348
    },
    "wandb_run_id": "qwkk58u3",
    "wandb_project": "rlgym-ppo",
    "wandb_entity": "gashfraude-epsi",
    "wandb_group": "unnamed-runs",
    "wandb_config": {
        "n_proc": 48,
        "min_inference_size": 36,
        "timestep_limit": 1e+16,
        "exp_buffer_size": 150000,
        "ts_per_iteration": 50000,
        "standardize_returns": true,
        "standardize_obs": true,
        "policy_layer_sizes": [
            512,
            512,
            256
        ],
        "critic_layer_sizes": [
            512,
            512,
            256
        ],
        "ppo_epochs": 2,
        "ppo_batch_size": 50000,
        "ppo_minibatch_size": 50000,
        "ppo_ent_coef": 0.01,
        "ppo_clip_range": 0.2,
        "gae_lambda": 0.95,
        "gae_gamma": 0.99,
        "policy_lr": 0.0002,
        "critic_lr": 0.0002,
        "shm_buffer_size": 8192
    }
}