{
    "cumulative_timesteps": 332478388,
    "cumulative_model_updates": 39670,
    "policy_average_reward": 193.45958272175488,
    "epoch": 6621,
    "ts_since_last_save": 350166,
    "reward_running_stats": {
        "mean": [
            16.642285175939865
        ],
        "var": [
            1455506997.8837166
        ],
        "shape": [
            1
        ],
        "count": 996600
    },
    "obs_running_stats": {
        "mean": [
            -1.7157473533960909e-12,
            9.662154889688362e-13,
            0.12667173666534448,
            1.4728935281137516e-12,
            -1.9867374547688382e-12,
            -0.012500717010081848,
            -2.010315543343029e-12,
            -1.245065090135813e-12,
            0.0025670047018611104,
            0.5958354067393765,
            0.3021822200162236,
            -0.20128843248326914,
            0.009147534651610664,
            0.034127681375648984,
            0.13673133164883008,
            0.7322919145977497,
            0.27680105363179897,
            0.9795195784628649,
            0.976275779638745,
            0.976969719352526,
            0.9323694791149072,
            0.9371910113386284,
            0.9803465174437116,
            0.9801631924514457,
            0.9805474356956458,
            0.9762323197195106,
            0.9764013824692136,
            0.9802544957509285,
            0.9799181898371194,
            0.9794666343909347,
            0.9794782775440193,
            0.9792745283694715,
            0.9314603521209883,
            0.9793166205369785,
            0.979316615424934,
            0.931460352121002,
            0.9792745334817085,
            0.9794782826562393,
            0.9794666395030615,
            0.9799181949492854,
            0.9802544957509365,
            0.9764013875814004,
            0.9762323248316546,
            0.98054743569563,
            0.9801631975636519,
            0.9803465174436801,
            0.9371910113385743,
            0.9323694740025483,
            0.9769697244646356,
            0.9762757847509247,
            0.9795195835750614,
            -0.01173444111292922,
            0.009198201870200495,
            0.061512252038623,
            0.07279755302357305,
            0.009442498007625933,
            -0.0036874212784990847,
            0.010562552102497484,
            0.008822138306767199,
            0.5981655739136972,
            -0.0014479924031405983,
            0.0015448158692656887,
            -0.0046186404175721256,
            0.03978216959418733,
            -0.05168224469013326,
            0.05015514323298479,
            0.08702865251531414,
            0.4665554636867658,
            0.5379914103713667,
            0.0011339726221913204,
            0.01173443967513504,
            -0.009198201910140688,
            0.061512250121560294,
            -0.0727975528638389,
            -0.009442497488423287,
            -0.0036874228760556747,
            -0.010562551303718132,
            -0.008822137947318752,
            0.5981655688015417,
            0.0014479920436905331,
            -0.0015448159616251126,
            -0.0046186396187935,
            -0.03978217007346163,
            0.05168224660721765,
            0.0501551432329811,
            0.0870286576274712,
            0.46655546240856444,
            0.537991414205444,
            0.001133972623439282
        ],
        "var": [
            17425272.304220412,
            13785318.092499284,
            1122151.9907919914,
            2744561.5968216076,
            3869354.4786866596,
            1081038.7220696306,
            17397004.912461035,
            15414749.64605062,
            8025140.818260405,
            11533437.984843288,
            15556054.120062623,
            13330034.41948974,
            13503163.29794973,
            4699066.204889861,
            5600174.581024292,
            9307507.036031285,
            9518377.069660977,
            853326.8377223351,
            1000346.8110586413,
            969682.1494408536,
            2854409.094380391,
            2653346.85552211,
            812205.8457823094,
            821224.7476862378,
            796993.9821324616,
            1000512.5486357879,
            994522.2755463426,
            812474.0240033235,
            827200.1594188102,
            843353.617443938,
            839997.6187458249,
            852040.4237233544,
            2887648.2027465994,
            846870.7898259079,
            846870.7943817566,
            2887648.194934607,
            852040.420493199,
            839997.5985478575,
            843353.6103832322,
            827200.15314965,
            812474.0240033309,
            994522.2690563406,
            1000512.5459174778,
            796993.9821324582,
            821224.5042687908,
            812205.8457822981,
            2653346.8477094807,
            2854409.0550778056,
            969682.1430393204,
            1000345.957151842,
            853326.755779768,
            16924221.21842436,
            13381542.695741583,
            648763.2367878738,
            19652707.49032945,
            22276093.22744146,
            5300991.878290189,
            7381376.008801841,
            6940497.880604928,
            16157446.3644479,
            4301315.243230904,
            5687690.181819442,
            601333.4441868291,
            6760034.655330628,
            6741146.218165749,
            3549513.784695633,
            2203068.9248845805,
            11816710.576973956,
            11812329.525816964,
            53793.87229459465,
            16924220.7163524,
            13381542.883239936,
            648763.2277433362,
            19652707.24112677,
            22276092.85309864,
            5300991.935874343,
            7381375.948143943,
            6940498.068653504,
            16157447.029780684,
            4301315.118125689,
            5687690.244307451,
            601333.4593582179,
            6760034.46656877,
            6741146.211377306,
            3549513.8159452626,
            2203068.9575522603,
            11816710.621497236,
            11812329.466304371,
            53793.872294473906
        ],
        "shape": [
            89
        ],
        "count": 47496988
    },
    "wandb_run_id": "qwkk58u3",
    "wandb_project": "rlgym-ppo",
    "wandb_entity": "gashfraude-epsi",
    "wandb_group": "unnamed-runs",
    "wandb_config": {
        "n_proc": 48,
        "min_inference_size": 36,
        "timestep_limit": 1e+16,
        "exp_buffer_size": 150000,
        "ts_per_iteration": 50000,
        "standardize_returns": true,
        "standardize_obs": true,
        "policy_layer_sizes": [
            512,
            512,
            256
        ],
        "critic_layer_sizes": [
            512,
            512,
            256
        ],
        "ppo_epochs": 2,
        "ppo_batch_size": 50000,
        "ppo_minibatch_size": 50000,
        "ppo_ent_coef": 0.01,
        "ppo_clip_range": 0.2,
        "gae_lambda": 0.95,
        "gae_gamma": 0.99,
        "policy_lr": 0.0002,
        "critic_lr": 0.0002,
        "shm_buffer_size": 8192
    }
}