{
    "cumulative_timesteps": 972091288,
    "cumulative_model_updates": 116320,
    "policy_average_reward": 181.24267185515703,
    "epoch": 19399,
    "ts_since_last_save": 50028,
    "reward_running_stats": {
        "mean": [
            8.612376980827504
        ],
        "var": [
            8714331233.733164
        ],
        "shape": [
            1
        ],
        "count": 2914200
    },
    "obs_running_stats": {
        "mean": [
            -5.868271360637711e-13,
            3.3046908778021893e-13,
            0.11981626439911758,
            5.037652432277742e-13,
            -6.795123037332962e-13,
            -0.010218361590983712,
            -6.875765860819913e-13,
            -4.258424023765637e-13,
            0.016086128241192838,
            0.6367719710685126,
            0.3215012960399063,
            0.06014484320266473,
            -0.2713221351119855,
            -0.01795779425471188,
            0.09907590877380702,
            0.3864006690226642,
            0.1747329033631716,
            0.9790461578768812,
            0.9744880061872738,
            0.9756147633144425,
            0.9306521886421202,
            0.9346537314505975,
            0.9791352490303072,
            0.9793966989410937,
            0.9797795123655887,
            0.9771998453273895,
            0.9779637956320942,
            0.9798040189457109,
            0.9799924717036916,
            0.9795117098225727,
            0.9790317871302308,
            0.9795705888304351,
            0.9300611276141798,
            0.9791226473318979,
            0.9791226455831007,
            0.9300611276141733,
            0.979570590578613,
            0.9790317888792607,
            0.9795117115711774,
            0.979992473452358,
            0.9798040189457274,
            0.9779637973805659,
            0.9771998470755671,
            0.9797795123656594,
            0.9793967006895221,
            0.9791352490302375,
            0.9346537314505418,
            0.9306521868934762,
            0.9756147650627763,
            0.9744880079357757,
            0.9790461596252661,
            -0.021285212609465053,
            0.019623173978069616,
            0.05344570310845192,
            0.06032405110057911,
            0.0005421525196951335,
            -0.005263239093760311,
            0.016008915426187428,
            0.007758470374479418,
            0.6358861307814926,
            -0.001395901925186767,
            0.002785444513034965,
            -0.004073493572747295,
            0.03855948555503277,
            -0.05464166536372808,
            0.03619573888167226,
            0.1925074429409157,
            0.5696740959327381,
            0.6360535556782159,
            0.0006057977343380963,
            0.02128521211771088,
            -0.01962317399173629,
            0.053445702452766,
            -0.060324051045953724,
            -0.0005421523421142314,
            -0.005263239640163876,
            -0.016008915152981487,
            -0.00775847025152495,
            0.6358861290333316,
            0.00139590180224767,
            -0.00278544454462444,
            -0.004073493299546361,
            -0.038559485718963116,
            0.05464166601939385,
            0.036195738881681185,
            0.1925074446893849,
            0.5696740954955941,
            0.6360535569892511,
            0.0006057977347649178
        ],
        "var": [
            48586914.30983043,
            43444017.176500335,
            2775494.893472551,
            8002572.688763206,
            14694954.261530451,
            2846177.3750381563,
            57549482.07208602,
            42035667.127606265,
            23831593.81959664,
            33085985.47567059,
            59153765.68795445,
            58447227.652535334,
            58805192.759145364,
            20242879.660213776,
            12389367.129182253,
            32921644.416572,
            20035597.147569444,
            2749383.4796478767,
            3352722.6046831985,
            3204811.484204158,
            8821913.408092495,
            8339141.3058642475,
            2734108.528175622,
            2699961.8933074987,
            2642273.330757245,
            2992522.4306132467,
            2892848.495555249,
            2641119.3120840015,
            2615389.775041013,
            2675026.684473202,
            2736085.0307605155,
            2667123.520586967,
            8888499.690867878,
            2723506.581817323,
            2723506.586278685,
            8888499.683053613,
            2667123.517211591,
            2736085.0107799466,
            2675026.677392128,
            2615389.768734837,
            2641119.3120841742,
            2892848.4883065857,
            2992522.4274251144,
            2642273.330757122,
            2699961.650264279,
            2734108.528175492,
            8339141.29805173,
            8821913.367953409,
            3204811.4784619706,
            3352721.7516442384,
            2749383.3979348456,
            47507425.62139236,
            40833377.8763566,
            1622498.6954152377,
            55507734.723060824,
            68063939.01238833,
            14778738.090575458,
            19640571.506657936,
            19502363.813804056,
            43516866.27082231,
            11755863.689210905,
            18265649.15713957,
            1453620.0066838886,
            17359711.73815561,
            17234001.824821282,
            11357518.622836728,
            12345367.321952902,
            34039010.90438426,
            32153632.65108133,
            84070.98426408785,
            47507425.12064144,
            40833378.06382199,
            1622498.684901258,
            55507734.47362276,
            68063938.63759893,
            14778738.147919435,
            19640571.44641819,
            19502364.001815908,
            43516866.95443553,
            11755863.564106977,
            18265649.219613522,
            1453620.021814189,
            17359711.54944559,
            17234001.8174949,
            11357518.654086828,
            12345367.30340567,
            34039010.961412266,
            32153632.55586743,
            84070.98426403024
        ],
        "shape": [
            89
        ],
        "count": 138870252
    },
    "wandb_run_id": "qwkk58u3",
    "wandb_project": "rlgym-ppo",
    "wandb_entity": "gashfraude-epsi",
    "wandb_group": "unnamed-runs",
    "wandb_config": {
        "n_proc": 48,
        "min_inference_size": 36,
        "timestep_limit": 1e+16,
        "exp_buffer_size": 150000,
        "ts_per_iteration": 50000,
        "standardize_returns": true,
        "standardize_obs": true,
        "policy_layer_sizes": [
            512,
            512,
            256
        ],
        "critic_layer_sizes": [
            512,
            512,
            256
        ],
        "ppo_epochs": 2,
        "ppo_batch_size": 50000,
        "ppo_minibatch_size": 50000,
        "ppo_ent_coef": 0.01,
        "ppo_clip_range": 0.2,
        "gae_lambda": 0.95,
        "gae_gamma": 0.99,
        "policy_lr": 0.0002,
        "critic_lr": 0.0002,
        "shm_buffer_size": 8192
    }
}