{
    "cumulative_timesteps": 179134326,
    "cumulative_model_updates": 21338,
    "policy_average_reward": 1506.2245419996352,
    "epoch": 3563,
    "ts_since_last_save": 500076,
    "reward_running_stats": {
        "mean": [
            22.67789987676526
        ],
        "var": [
            707784455.1319702
        ],
        "shape": [
            1
        ],
        "count": 537000
    },
    "obs_running_stats": {
        "mean": [
            -3.184471094793229e-12,
            1.7933207214741211e-12,
            0.13338554905773095,
            2.7337281567313196e-12,
            -3.687435667972606e-12,
            -0.01612171588438061,
            -3.731197213134131e-12,
            -2.31087274205339e-12,
            0.012367372873717596,
            0.5288542656070466,
            0.2557868630013488,
            -0.18865956659415814,
            0.07818700349804233,
            0.056362835284917374,
            0.1342815146000027,
            0.6863856801764143,
            0.3743575916315905,
            0.9790383451866278,
            0.9761113566506071,
            0.976491770151337,
            0.9385486413140776,
            0.9380904770728817,
            0.9783102333311641,
            0.9782419903668472,
            0.978188939709623,
            0.9764622570222958,
            0.9751926538583972,
            0.9776159672104108,
            0.9770625427175836,
            0.9765073595523508,
            0.9762172546916581,
            0.976195587750794,
            0.9356973396566841,
            0.9759264372428148,
            0.9759264277545899,
            0.9356973396566972,
            0.9761955972390537,
            0.9762172641801151,
            0.9765073690406105,
            0.9770625522058727,
            0.9776159672104279,
            0.9751926633466863,
            0.9764622665105576,
            0.9781889397096267,
            0.9782419998551452,
            0.9783102333311404,
            0.9380904770728927,
            0.9385486318258243,
            0.9764917796397896,
            0.9761113661389096,
            0.9790383546750371,
            -0.01393302161388915,
            0.0021264582899914106,
            0.06905549314588004,
            0.05326707620518314,
            0.004762604309422362,
            -0.002610014937678388,
            0.010022920230481576,
            0.0053269344637187094,
            0.6251816133918426,
            -0.0015066652997086636,
            0.0015939427850056992,
            -0.006397017832585475,
            0.01903106188261384,
            -0.03005029954328411,
            0.0585631676363472,
            0.10344451599363993,
            0.5111945083502779,
            0.5762645753173848,
            0.0014093514310260103,
            0.013933018945290698,
            -0.0021264583641182164,
            0.06905548958777658,
            -0.053267075908673,
            -0.004762603345764283,
            -0.0026100179027851067,
            -0.010022918747931908,
            -0.005326933796570734,
            0.6251816039033793,
            0.0015066646325598962,
            -0.0015939429564264197,
            -0.006397016350032132,
            -0.019031062772144627,
            0.030050303101411487,
            0.05856316763632698,
            0.10344452548202428,
            0.5111945059782416,
            0.5762645824335936,
            0.001409351433342485
        ],
        "var": [
            9359397.694625149,
            6926804.95068669,
            676714.7383669496,
            1461273.232045925,
            1716998.1078947585,
            648125.1454641832,
            8886699.372570584,
            8398443.141529823,
            4252832.244051992,
            5932919.917456014,
            6663754.693091296,
            5541024.835739533,
            6401202.901148457,
            2571524.68837574,
            2968744.2015265413,
            5504838.255331332,
            6004022.9720813185,
            425670.0176944421,
            496974.17788966635,
            488454.8965089364,
            1335354.6028159717,
            1343707.2645909411,
            440087.9627458683,
            442413.84526484413,
            437014.88357574254,
            486619.8277129421,
            519198.471278462,
            453141.29589671135,
            466050.7472172083,
            475175.6434739503,
            479422.9689397332,
            482715.5567360567,
            1395083.7795873592,
            486020.36467839516,
            486020.3675877357,
            1395083.771775101,
            482715.5550009685,
            479422.9503254988,
            475175.63785034796,
            466050.7423348769,
            453141.29589672317,
            519198.46537553414,
            486619.8248830396,
            437014.883575729,
            442413.6027803655,
            440087.96274585166,
            1343707.256778255,
            1335354.5665134753,
            488454.89033938665,
            496973.324062583,
            425669.93598539225,
            9017169.16567569,
            6765492.61322431,
            441001.591008105,
            10901562.163202506,
            11982602.094578203,
            2622561.0971820806,
            3920071.3009590483,
            3540621.983778299,
            8110377.608249547,
            2531262.132377134,
            3014537.678535925,
            394318.60420183005,
            3174377.2821556707,
            3203576.4934785585,
            1601483.914062178,
            1354933.2201253443,
            6390057.766187152,
            6255468.380641024,
            36010.11831309944,
            9017168.663901553,
            6765492.800745731,
            441001.5833376498,
            10901561.913702395,
            11982601.720006444,
            2622561.154928735,
            3920071.2402604735,
            3540622.171706807,
            8110378.286699455,
            2531262.007272507,
            3014537.741024531,
            394318.6195081087,
            3174377.094337227,
            3203576.490628266,
            1601483.9453116711,
            1354933.2448209985,
            6390057.816129004,
            6255468.307191739,
            36010.11831294738
        ],
        "shape": [
            89
        ],
        "count": 25590696
    },
    "wandb_run_id": "qwkk58u3",
    "wandb_project": "rlgym-ppo",
    "wandb_entity": "gashfraude-epsi",
    "wandb_group": "unnamed-runs",
    "wandb_config": {
        "n_proc": 48,
        "min_inference_size": 36,
        "timestep_limit": 1e+16,
        "exp_buffer_size": 150000,
        "ts_per_iteration": 50000,
        "standardize_returns": true,
        "standardize_obs": true,
        "policy_layer_sizes": [
            512,
            512,
            256
        ],
        "critic_layer_sizes": [
            512,
            512,
            256
        ],
        "ppo_epochs": 2,
        "ppo_batch_size": 50000,
        "ppo_minibatch_size": 50000,
        "ppo_ent_coef": 0.01,
        "ppo_clip_range": 0.2,
        "gae_lambda": 0.95,
        "gae_gamma": 0.99,
        "policy_lr": 0.0002,
        "critic_lr": 0.0002,
        "shm_buffer_size": 8192
    }
}