{"SB3 Clip Fraction":0.15857666482528052,"_timestamp":1.7630491362309427e+09,"Policy Update Magnitude":0.0791388675570488,"Cumulative Model Updates":21108,"Overall Steps per Second":2490.302454283421,"Total Iteration Time":20.101172816939652,"Policy Reward":2957.726259506766,"Timestep Collection Time":4.3488114981446415,"x_vel":-14.590174233157416,"_runtime":78623,"total_touches":0,"z_vel":-5.909601107739117,"Policy Entropy":-0.6641348997751871,"PPO Batch Consumption Time":2.3199609915415444,"Value Function Loss":0.36788056790828705,"_step":7278,"Timesteps Collected":50058,"_wandb":{"runtime":78623},"total_goals":0,"Collected Steps per Second":11510.731155249321,"Mean KL Divergence":0.011478985038896402,"episode_touches":0,"y_vel":-4.311321507515365,"episode_goals":0,"Timestep Consumption Time":15.75236131879501,"Cumulative Timesteps":177184182,"Value Function Update Magnitude":0.13527536392211914}