{
    "cumulative_timesteps": 315318404,
    "cumulative_model_updates": 37622,
    "policy_average_reward": 279.8278560685329,
    "epoch": 6279,
    "ts_since_last_save": 500262,
    "reward_running_stats": {
        "mean": [
            17.23984336900995
        ],
        "var": [
            1261976027.4835188
        ],
        "shape": [
            1
        ],
        "count": 945150
    },
    "obs_running_stats": {
        "mean": [
            -1.8091200146764853e-12,
            1.0187978856573805e-12,
            0.12728349958638346,
            1.553049845856961e-12,
            -2.094857666351933e-12,
            -0.012702320824630369,
            -2.1197189004209355e-12,
            -1.3128227630293508e-12,
            0.003267471371112963,
            0.5913957054819265,
            0.29696366241111616,
            -0.2032970376645804,
            0.017211208392535756,
            0.033742134625294316,
            0.13641284230668624,
            0.7341116270660337,
            0.2832337790850401,
            0.9794993057255269,
            0.9764020046500621,
            0.9770642018479408,
            0.9328013955178152,
            0.9371396086695157,
            0.9803238066874808,
            0.9801515281262758,
            0.980522916455589,
            0.9762312616383649,
            0.9762624738437344,
            0.9802204945559116,
            0.9798651539510806,
            0.9793684674492379,
            0.97944743226589,
            0.9791986514514304,
            0.9316207510947218,
            0.9792421685261804,
            0.979242163135903,
            0.9316207510947409,
            0.9791986568418873,
            0.9794474376562948,
            0.9793684728395865,
            0.9798651593414341,
            0.9802204945559181,
            0.9762624792340915,
            0.9762312670286781,
            0.9805229164555668,
            0.9801515335167044,
            0.9803238066874669,
            0.9371396086694834,
            0.932801390127257,
            0.9770642072382553,
            0.9764020100404143,
            0.9794993111159613,
            -0.011207969692046236,
            0.008229856893243164,
            0.06212397334452077,
            0.07063027035663523,
            0.00950156707206419,
            -0.0028708980829783236,
            0.010278064742984969,
            0.00804243749633,
            0.6015892465819577,
            -0.001382654202618386,
            0.0014826486969512801,
            -0.004716616451694414,
            0.03801632855699093,
            -0.049961104242569665,
            0.051552822082753344,
            0.08688187031903585,
            0.4710054748135244,
            0.5416860484312013,
            0.0011537048138313582,
            0.011207968176003011,
            -0.008229856935357212,
            0.06212397132312579,
            -0.07063027018821641,
            -0.0095015665246066,
            -0.0028708997674755893,
            -0.010278063900737865,
            -0.008042437117320276,
            0.6015892411915429,
            0.0013826538236064968,
            -0.0014826487943370278,
            -0.004716615609445353,
            -0.03801632906234501,
            0.049961106263986164,
            0.05155282208275415,
            0.08688187570941047,
            0.47100547346582566,
            0.5416860524739964,
            0.0011537048151473315
        ],
        "var": [
            16576928.990060426,
            12988950.27274813,
            1075669.1863251198,
            2609220.300834183,
            3576490.0862408928,
            1033998.4565610096,
            16349989.033335896,
            14694234.871559707,
            7603285.433804717,
            10925033.808700923,
            14512561.455111612,
            12304743.77478337,
            12568641.984941872,
            4397706.487552335,
            5300390.7447830085,
            8788697.64530179,
            9155132.380786862,
            805024.6579709608,
            938151.6354782596,
            910465.0020234273,
            2682997.8560192194,
            2511070.664645257,
            765956.4962896476,
            774065.5287344055,
            751296.6093752718,
            943678.0988162857,
            943998.2681593535,
            766496.260673964,
            781252.6886274639,
            798291.1540597859,
            792054.943744594,
            805562.4857830226,
            2724908.4913441604,
            800430.5316228791,
            800430.5361425559,
            2724908.4835321847,
            805562.4825897266,
            792054.923561617,
            798291.1470467637,
            781252.68238407,
            766496.2606739922,
            943998.2617367689,
            943678.0960985338,
            751296.6093752747,
            774065.2853226545,
            765956.4962896535,
            2511070.65683261,
            2682997.8169265236,
            910464.9955759372,
            938150.7815101639,
            805024.5760382389,
            16094617.83925274,
            12613078.778136844,
            627743.5981761462,
            18716875.53746004,
            21100973.218027513,
            4987956.179533403,
            6975497.263888182,
            6527822.562739608,
            15217996.936294956,
            4104527.898443321,
            5335216.072211177,
            580266.7621393193,
            6333460.176458855,
            6318067.123788579,
            3297983.8467719727,
            2081052.0974876347,
            11219112.69893517,
            11189751.297102943,
            51903.991168951914,
            16094617.337109301,
            12613078.965638084,
            627743.58924317,
            18716875.288221296,
            21100972.84368439,
            4987956.237241535,
            6975497.203207907,
            6527822.750760769,
            15217997.603291573,
            4104527.773336103,
            5335216.13469926,
            580266.7773180892,
            6333459.987777369,
            6318067.117313325,
            3297983.8780214842,
            2081052.1302266102,
            11219112.743997533,
            11189751.23624568,
            51903.991168828754
        ],
        "shape": [
            89
        ],
        "count": 45045564
    },
    "wandb_run_id": "qwkk58u3",
    "wandb_project": "rlgym-ppo",
    "wandb_entity": "gashfraude-epsi",
    "wandb_group": "unnamed-runs",
    "wandb_config": {
        "n_proc": 48,
        "min_inference_size": 36,
        "timestep_limit": 1e+16,
        "exp_buffer_size": 150000,
        "ts_per_iteration": 50000,
        "standardize_returns": true,
        "standardize_obs": true,
        "policy_layer_sizes": [
            512,
            512,
            256
        ],
        "critic_layer_sizes": [
            512,
            512,
            256
        ],
        "ppo_epochs": 2,
        "ppo_batch_size": 50000,
        "ppo_minibatch_size": 50000,
        "ppo_ent_coef": 0.01,
        "ppo_clip_range": 0.2,
        "gae_lambda": 0.95,
        "gae_gamma": 0.99,
        "policy_lr": 0.0002,
        "critic_lr": 0.0002,
        "shm_buffer_size": 8192
    }
}