{
    "cumulative_timesteps": 104072394,
    "cumulative_model_updates": 12440,
    "policy_average_reward": 3413.668402400371,
    "epoch": 2076,
    "ts_since_last_save": 500310,
    "reward_running_stats": {
        "mean": [
            17.883234460945094
        ],
        "var": [
            209544687.40994638
        ],
        "shape": [
            1
        ],
        "count": 312000
    },
    "obs_running_stats": {
        "mean": [
            -5.481245347817794e-12,
            3.0867389084216425e-12,
            0.13350931360346754,
            4.7054076759393946e-12,
            -6.346969080476697e-12,
            -0.020678291074357185,
            -6.422293328491375e-12,
            -3.977571178894037e-12,
            0.009812057775536114,
            0.42070605789896753,
            0.1951329661417409,
            -0.1573606385528683,
            0.09220428469971839,
            0.020887619206456993,
            0.19439748742821197,
            0.5753176092826977,
            0.5281423362314163,
            0.9783614803120415,
            0.9761782949819343,
            0.9762553113193733,
            0.9443582438106614,
            0.9430947734361967,
            0.9760814254366512,
            0.9759703525251098,
            0.9750336427854785,
            0.9765001890644155,
            0.975697231769591,
            0.9745994923201721,
            0.9741558074880317,
            0.97313395136277,
            0.9717656728151143,
            0.9728080436698963,
            0.9407380306759195,
            0.9716059816236174,
            0.9716059652919242,
            0.9407380306758958,
            0.9728080600016605,
            0.9717656891468686,
            0.9731339676945766,
            0.974155823819572,
            0.9745994923201772,
            0.9756972481013547,
            0.9765002053961195,
            0.9750336427854708,
            0.9759703688567182,
            0.9760814254366673,
            0.9430947734361442,
            0.9443582274790837,
            0.976255327651365,
            0.9761783113134581,
            0.9783614966439939,
            -0.015275739459421029,
            0.006242786282510028,
            0.0772729795074974,
            0.06116184943254876,
            0.012765897846794712,
            -0.005768944145311713,
            0.0037623907660424357,
            0.003666233379909568,
            0.5840123971500337,
            -0.0017233247789387566,
            0.0015405721006640197,
            -0.007930928488814293,
            0.024817376081663664,
            -0.02370207699324375,
            0.042955527843346816,
            0.12970952996581944,
            0.3980396172222111,
            0.47230883921595274,
            0.0006868829208307027,
            0.01527573486612102,
            -0.006242786410102145,
            0.07727297338310259,
            -0.06116184892218443,
            -0.012765896188105119,
            -0.005768949248976143,
            -0.003762388214209323,
            -0.0036662322315851735,
            0.5840123808182393,
            0.0017233236306140644,
            -0.0015405723957202114,
            -0.007930925936981999,
            -0.024817377612760847,
            0.02370208311764097,
            0.04295552784334764,
            0.1297095462975935,
            0.3980396131392162,
            0.4723088514648099,
            0.0006868829248179107
        ],
        "var": [
            5259783.510511385,
            3853089.5233957423,
            414818.04473178805,
            716728.9984147563,
            790895.3413141703,
            393940.6700445872,
            5007963.530747483,
            4835058.897324464,
            2279815.058069304,
            3980193.43250547,
            3214221.7483497965,
            2642969.2258518967,
            3221876.6391618443,
            1540110.3253798818,
            2322194.0873141405,
            3628729.4285283946,
            3715443.089682696,
            215241.95978116337,
            245984.99347521467,
            245648.76706253047,
            640636.8770967217,
            655381.7473456736,
            244176.28915306221,
            246403.86724246826,
            252950.70714621615,
            239625.23514715393,
            252651.94348364617,
            261192.0354543141,
            266839.3166066331,
            276808.06799005053,
            293204.4590894162,
            281330.40301219735,
            684214.3670167334,
            294955.56384225236,
            294955.56465362565,
            684214.3592042349,
            281330.4029220785,
            293204.442637004,
            276808.0640046265,
            266839.3131358559,
            261192.03545430806,
            252651.93733568312,
            239625.23229883015,
            252950.70714620737,
            246403.62586124876,
            244176.28915306262,
            655381.7395331108,
            640636.8436154908,
            245648.7610078202,
            245984.1396155677,
            215241.87840080663,
            5043025.273643889,
            3782079.6607077396,
            279172.6302744824,
            6371117.649637775,
            6831403.836276926,
            1595915.2266865764,
            2458178.200781705,
            2296802.2032750747,
            5027141.844312493,
            1383936.5827659457,
            1619160.5909509964,
            238167.23560784105,
            2071920.5840789839,
            2066197.2410771654,
            904763.2431232692,
            932564.5741194307,
            3557922.590299755,
            3712130.710388829,
            10199.933738624773,
            5043024.772057957,
            3782079.8482115786,
            279172.62410054205,
            6371117.400259787,
            6831403.462101763,
            1595915.283953547,
            2458178.1396087916,
            2296802.3911474375,
            5027142.502770761,
            1383936.4576684495,
            1619160.6534398543,
            238167.25103047525,
            2071920.3959973096,
            2066197.239382533,
            904763.2743731447,
            932564.5860603116,
            3557922.62650413,
            3712130.6748026726,
            10199.933738558866
        ],
        "shape": [
            89
        ],
        "count": 14867576
    },
    "wandb_run_id": "qwkk58u3",
    "wandb_project": "rlgym-ppo",
    "wandb_entity": "gashfraude-epsi",
    "wandb_group": "unnamed-runs",
    "wandb_config": {
        "n_proc": 48,
        "min_inference_size": 36,
        "timestep_limit": 1e+16,
        "exp_buffer_size": 150000,
        "ts_per_iteration": 50000,
        "standardize_returns": true,
        "standardize_obs": true,
        "policy_layer_sizes": [
            512,
            512,
            256
        ],
        "critic_layer_sizes": [
            512,
            512,
            256
        ],
        "ppo_epochs": 2,
        "ppo_batch_size": 50000,
        "ppo_minibatch_size": 50000,
        "ppo_ent_coef": 0.01,
        "ppo_clip_range": 0.2,
        "gae_lambda": 0.95,
        "gae_gamma": 0.99,
        "policy_lr": 0.0002,
        "critic_lr": 0.0002,
        "shm_buffer_size": 8192
    }
}