{
    "cumulative_timesteps": 272737782,
    "cumulative_model_updates": 32532,
    "policy_average_reward": 752.2412810026478,
    "epoch": 5430,
    "ts_since_last_save": 500562,
    "reward_running_stats": {
        "mean": [
            19.01376327426567
        ],
        "var": [
            966493363.7759783
        ],
        "shape": [
            1
        ],
        "count": 817500
    },
    "obs_running_stats": {
        "mean": [
            -2.091564568795485e-12,
            1.177855282927046e-12,
            0.12997692611701883,
            1.7955160556748962e-12,
            -2.4219123374570115e-12,
            -0.013182247456482705,
            -2.4506549703938087e-12,
            -1.517784090843481e-12,
            0.0038620078557591673,
            0.5813338661343938,
            0.27833078917767845,
            -0.21174739073716753,
            0.025842779329955795,
            0.04167489433772312,
            0.13296155865471068,
            0.7327209963187357,
            0.30269676238741244,
            0.9790935420205821,
            0.9762047301388878,
            0.9767699910834631,
            0.9328149345890263,
            0.9367023083320472,
            0.9799633529468207,
            0.9797779089154884,
            0.9801522522605302,
            0.9758759736045107,
            0.975742896597075,
            0.979831232635063,
            0.9794102774015968,
            0.978925953591357,
            0.979087236765539,
            0.9787647873834018,
            0.9313237413143864,
            0.9788524932756397,
            0.9788524870437442,
            0.9313237413145047,
            0.9787647936153681,
            0.9790872429975617,
            0.9789259598232727,
            0.9794102836335181,
            0.9798312326350684,
            0.9757429028289937,
            0.9758759798364189,
            0.9801522522605303,
            0.9797779151474537,
            0.9799633529467829,
            0.9367023083320288,
            0.9328149283569173,
            0.9767699973154133,
            0.9762047363707778,
            0.9790935482526266,
            -0.012284669244736451,
            0.00882954587650491,
            0.06364149675137072,
            0.06705278589978157,
            0.011694677687996598,
            0.002174856751143626,
            0.010731427735745695,
            0.006177574689955526,
            0.6164958647651866,
            -0.0014666320520509246,
            0.0016664081976983038,
            -0.005027292721230462,
            0.033955722417336506,
            -0.04721353298150453,
            0.055179868533309404,
            0.0886178696234861,
            0.49430295623527254,
            0.5603462930164403,
            0.0012290058134324863,
            0.012284667492000875,
            -0.008829545925192413,
            0.06364149441439695,
            -0.0670527857050413,
            -0.011694677055067097,
            0.0021748548036576985,
            -0.01073142676200479,
            -0.006177574251773702,
            0.6164958585331562,
            0.0014666316138665677,
            -0.0016664083102880959,
            -0.00502729174748853,
            -0.033955723001588556,
            0.04721353531850135,
            0.05517986853330809,
            0.08861787585544788,
            0.4943029546771113,
            0.5603462976904707,
            0.0012290058149538475
        ],
        "var": [
            14382762.536760388,
            11106040.338190774,
            962326.7680356982,
            2298892.1346839806,
            3017000.828918738,
            925146.7389303843,
            13936953.924232498,
            12744462.720318198,
            6612333.566441197,
            9291136.195142278,
            11838836.809725974,
            10005230.381823802,
            10322256.067151837,
            3700548.187910576,
            4485545.081287332,
            7626651.0064069005,
            8234219.6697721705,
            698031.5579965333,
            805315.73719812,
            785081.7319793624,
            2301244.215751671,
            2167619.465055307,
            662108.7886246946,
            669698.6628057187,
            649000.2851245268,
            815710.6997004012,
            822304.2190524908,
            663119.2025425935,
            678241.0191749478,
            691902.3550046963,
            683056.4979683837,
            697854.9465972157,
            2347389.609321225,
            691329.3584030576,
            691329.362733413,
            2347389.601509134,
            697854.9436145058,
            683056.4779603537,
            691902.3482065764,
            678241.0131524709,
            663119.2025426065,
            822304.2128822281,
            815710.6971551584,
            649000.2851245499,
            669698.4195753818,
            662108.7886246825,
            2167619.4572427194,
            2301244.176665863,
            785081.7256747136,
            805314.8833257841,
            698031.4762608242,
            13966273.685487084,
            10818599.77050711,
            575063.7116872098,
            16311854.517280456,
            18294367.89560039,
            4165098.417517287,
            5917684.497301107,
            5456159.312414022,
            12760236.878570946,
            3660995.31459089,
            4622494.14538431,
            525361.4483574042,
            5146921.112439889,
            5182586.825958871,
            2670039.4511015136,
            1823688.6048587973,
            9734980.633159077,
            9605402.47834565,
            47821.09708965521,
            13966273.183487957,
            10818599.958006453,
            575063.7030306768,
            16311854.267990626,
            18294367.521365885,
            4165098.4759904174,
            5917684.436656989,
            5456159.500372136,
            12760237.552803947,
            3660995.18948636,
            4622494.207870948,
            525361.4635596895,
            5146920.923943102,
            5182586.81998288,
            2670039.4823511117,
            1823688.6367547228,
            9734980.681050867,
            9605402.41069225,
            47821.09708952431
        ],
        "shape": [
            89
        ],
        "count": 38962618
    },
    "wandb_run_id": "qwkk58u3",
    "wandb_project": "rlgym-ppo",
    "wandb_entity": "gashfraude-epsi",
    "wandb_group": "unnamed-runs",
    "wandb_config": {
        "n_proc": 48,
        "min_inference_size": 36,
        "timestep_limit": 1e+16,
        "exp_buffer_size": 150000,
        "ts_per_iteration": 50000,
        "standardize_returns": true,
        "standardize_obs": true,
        "policy_layer_sizes": [
            512,
            512,
            256
        ],
        "critic_layer_sizes": [
            512,
            512,
            256
        ],
        "ppo_epochs": 2,
        "ppo_batch_size": 50000,
        "ppo_minibatch_size": 50000,
        "ppo_ent_coef": 0.01,
        "ppo_clip_range": 0.2,
        "gae_lambda": 0.95,
        "gae_gamma": 0.99,
        "policy_lr": 0.0002,
        "critic_lr": 0.0002,
        "shm_buffer_size": 8192
    }
}