{
    "cumulative_timesteps": 119084696,
    "cumulative_model_updates": 14218,
    "policy_average_reward": 71.41079903468523,
    "epoch": 2373,
    "ts_since_last_save": 500498,
    "reward_running_stats": {
        "mean": [
            17.8762229408719
        ],
        "var": [
            273107573.1279862
        ],
        "shape": [
            1
        ],
        "count": 357000
    },
    "obs_running_stats": {
        "mean": [
            -4.790261648245735e-12,
            2.6976145182403184e-12,
            0.13176440130080605,
            4.112228610910745e-12,
            -5.5468494207805024e-12,
            -0.019770942816230902,
            -5.612678045310474e-12,
            -3.476145559958017e-12,
            0.010441915275848111,
            0.4465592719527894,
            0.2219892775555398,
            -0.1804832287196455,
            0.0784234001097407,
            0.036870559437249054,
            0.1801966577460808,
            0.5994168580871817,
            0.5060004816980052,
            0.9790770983727871,
            0.9767807638967271,
            0.9768213257721156,
            0.9445677981622956,
            0.9433010744571331,
            0.976978491824095,
            0.9769036992721918,
            0.9760556247480074,
            0.9770672517215055,
            0.9761280998261147,
            0.9755699867430898,
            0.9751143417689226,
            0.9742320611591054,
            0.9729710837176978,
            0.9738605946909262,
            0.9408018631797563,
            0.9728616785708686,
            0.9728616642980487,
            0.9408018631797308,
            0.9738606089638505,
            0.972971097990687,
            0.974232075432062,
            0.9751143560417226,
            0.9755699867430929,
            0.9761281140989833,
            0.9770672659944134,
            0.9760556247479932,
            0.9769037135449585,
            0.9769784918241159,
            0.9433010744570973,
            0.9445677838894161,
            0.9768213400452405,
            0.9767807781694239,
            0.979077112645859,
            -0.014491153104440898,
            0.0046103426616330425,
            0.07470798346382357,
            0.062111769400962406,
            0.011297548006125976,
            -0.008343621267870447,
            0.005511984978655303,
            0.004810729101583055,
            0.5901981645375497,
            -0.0016767064670469324,
            0.001339923108674878,
            -0.0076590509060485154,
            0.02485317242557726,
            -0.025297825612239054,
            0.04635804436481023,
            0.12228185698538574,
            0.4195284145732276,
            0.4928477490676329,
            0.0007159152031796589,
            0.0144911490901877,
            -0.004610342773140671,
            0.07470797811149978,
            -0.062111768954935934,
            -0.011297546556536938,
            -0.008343625728150148,
            -0.0055119827485142535,
            -0.004810728098020361,
            0.5901981502646148,
            0.0016767054634837548,
            -0.0013399233665354453,
            -0.00765904867590896,
            -0.024853173763660797,
            0.025297830964574403,
            0.04635804436480429,
            0.12228187125832471,
            0.41952841100496974,
            0.4928477597723106,
            0.0007159152066642702
        ],
        "var": [
            6059899.419001529,
            4439245.2812740235,
            462393.7004759404,
            830303.8238608215,
            924073.6456913209,
            439430.3704883975,
            5787398.2410973115,
            5569074.236797043,
            2623845.6209919574,
            4618165.098768716,
            3956123.2989006075,
            3163099.0639177547,
            3952158.783562957,
            1796199.55796764,
            2506965.522984736,
            4081078.794226228,
            4262758.540274229,
            248987.9501706346,
            286089.1201159122,
            286185.4446865207,
            750158.123772896,
            767365.7631903789,
            279700.71598300233,
            281569.79543870053,
            288621.2990509173,
            279639.82603614504,
            296528.4037229558,
            298595.0758059016,
            305353.12223014893,
            315179.3888355066,
            332673.0887102356,
            321109.63336772146,
            802819.1698517335,
            333944.8244698008,
            333944.8258909543,
            802819.1620392838,
            321109.6327664815,
            332673.07167245063,
            315179.38431679714,
            305353.118293881,
            298595.0758058994,
            296528.3973657229,
            279639.8229124299,
            288621.2990509061,
            281569.5536042156,
            279700.7159829978,
            767365.7553777897,
            750158.09039344,
            286185.43835695967,
            286088.2659636893,
            248987.8684427802,
            5802720.001493637,
            4339951.113381505,
            311245.90483450226,
            7286227.662841813,
            7851027.111490882,
            1795341.394347778,
            2770066.9721597326,
            2583489.307865371,
            5717647.635608833,
            1567231.1074352441,
            1838819.4408776432,
            263328.09790179564,
            2343838.2551717507,
            2331485.3459836673,
            1053982.6658237453,
            1021243.0873347848,
            4138472.2972997352,
            4258813.920136929,
            12165.229047506837,
            5802719.499800256,
            4339951.300891082,
            311245.898193499,
            7286227.413477393,
            7851026.73724291,
            1795341.4512240067,
            2770066.911119487,
            2583489.4957766864,
            5717648.2970708,
            1567230.9823359528,
            1838819.503368408,
            263328.11330383964,
            2343838.067088341,
            2331485.343998739,
            1053982.6970735402,
            1021243.1028827211,
            4138472.3361131516,
            4258813.877070006,
            12165.229047437577
        ],
        "shape": [
            89
        ],
        "count": 17012188
    },
    "wandb_run_id": "qwkk58u3",
    "wandb_project": "rlgym-ppo",
    "wandb_entity": "gashfraude-epsi",
    "wandb_group": "unnamed-runs",
    "wandb_config": {
        "n_proc": 48,
        "min_inference_size": 36,
        "timestep_limit": 1e+16,
        "exp_buffer_size": 150000,
        "ts_per_iteration": 50000,
        "standardize_returns": true,
        "standardize_obs": true,
        "policy_layer_sizes": [
            512,
            512,
            256
        ],
        "critic_layer_sizes": [
            512,
            512,
            256
        ],
        "ppo_epochs": 2,
        "ppo_batch_size": 50000,
        "ppo_minibatch_size": 50000,
        "ppo_ent_coef": 0.01,
        "ppo_clip_range": 0.2,
        "gae_lambda": 0.95,
        "gae_gamma": 0.99,
        "policy_lr": 0.0002,
        "critic_lr": 0.0002,
        "shm_buffer_size": 8192
    }
}