{
    "cumulative_timesteps": 103572084,
    "cumulative_model_updates": 12380,
    "policy_average_reward": 4167.389248755716,
    "epoch": 2066,
    "ts_since_last_save": 500266,
    "reward_running_stats": {
        "mean": [
            17.757012601147512
        ],
        "var": [
            204517738.63994977
        ],
        "shape": [
            1
        ],
        "count": 310500
    },
    "obs_running_stats": {
        "mean": [
            -5.507722288683118e-12,
            3.1016492793472515e-12,
            0.13351940450259045,
            4.728136963152202e-12,
            -6.3776278657906005e-12,
            -0.020749889282647534,
            -6.4533159646329e-12,
            -3.996784681319193e-12,
            0.009720826030320581,
            0.41967186715583693,
            0.1943802066977475,
            -0.1561526870537168,
            0.09275686674725718,
            0.020370736380794428,
            0.19517066239518094,
            0.5749877319156869,
            0.5289321650306307,
            0.978349345477146,
            0.976201369643952,
            0.9762658492022261,
            0.944481869084014,
            0.9432124307361903,
            0.9760603720322453,
            0.97594409919759,
            0.9750057033033852,
            0.9765088684784595,
            0.9757012890909877,
            0.9745786473001047,
            0.9741305889489371,
            0.9730946051789283,
            0.9717098497530067,
            0.9727614460315709,
            0.9408436955542204,
            0.9715532395449177,
            0.9715532231343456,
            0.9408436955542026,
            0.9727614624422254,
            0.9717098661636514,
            0.9730946215896147,
            0.9741306053593647,
            0.9745786473001107,
            0.9757013055016305,
            0.9765088848890509,
            0.975005703303377,
            0.975944115608092,
            0.9760603720322606,
            0.9432124307361495,
            0.9444818526735496,
            0.9762658656131081,
            0.9762013860543611,
            0.9783493618879922,
            -0.015243655693215443,
            0.006305618196101266,
            0.07736442127791077,
            0.06107409975582306,
            0.01274329675740973,
            -0.005798999331689605,
            0.003666346182308067,
            0.003649543800307493,
            0.5835329331536273,
            -0.0017307308736990137,
            0.001539859129612178,
            -0.007957577783545357,
            0.02475698041082492,
            -0.02359272119234663,
            0.04268732932479892,
            0.12983255911718566,
            0.39647938809175887,
            0.47091988286341707,
            0.00068154995589058,
            0.015243651077727557,
            -0.006305618324309866,
            0.07736441512393316,
            -0.061074099242991876,
            -0.012743295090707705,
            -0.005799004460007139,
            -0.0036663436181484602,
            -0.003649542646436109,
            0.5835329167429371,
            0.0017307297198273892,
            -0.0015398594260936428,
            -0.007957575219386635,
            -0.024756981949317854,
            0.02359272734632779,
            0.04268732932480037,
            0.12983257552785102,
            0.39647938398904886,
            0.4709198951714411,
            0.0006815499598970476
        ],
        "var": [
            5231538.619456514,
            3831540.188701971,
            413248.4438385233,
            711154.6989046882,
            784356.3754848428,
            392307.26269750355,
            4981967.836804902,
            4809616.972840321,
            2264791.4452851606,
            3971470.1971159847,
            3198472.629938914,
            2627878.3326791846,
            3202188.5470927916,
            1531931.2008606237,
            2317984.390816212,
            3612000.496078003,
            3696964.7000428955,
            213900.6522998136,
            243997.8102520085,
            243843.46659020745,
            635255.4853660102,
            650003.1126572186,
            242804.26992602643,
            245097.4582023229,
            251603.60349260582,
            237862.739571974,
            250900.07427170975,
            259715.47343649552,
            265393.75813454343,
            275490.35124328174,
            292022.7477665001,
            280091.72173660394,
            678851.5138308496,
            293719.8287656166,
            293719.82955137856,
            678851.506018357,
            280091.7216691137,
            292022.7313411938,
            275490.3472769648,
            265393.754676012,
            259715.4734364894,
            250900.06812177598,
            237862.73671943377,
            251603.60349259697,
            245097.21683385168,
            242804.26992602713,
            650003.1048446536,
            635255.4519448287,
            243843.46053037897,
            243996.95638115553,
            213900.5709253511,
            5015229.905055089,
            3760717.216365228,
            278136.9397752003,
            6340702.122815719,
            6797358.732295685,
            1589347.335632793,
            2448190.2378337802,
            2288393.2258882276,
            5006740.908716415,
            1375136.5338427743,
            1609029.1000678407,
            237073.67034775086,
            2065199.4855944882,
            2059616.99210519,
            900338.2688949596,
            928332.3012669614,
            3536054.0144988,
            3693150.800515368,
            10072.075438771893,
            5015229.403464689,
            3760717.4038687446,
            278136.93361791596,
            6340701.873436215,
            6797358.358119313,
            1589347.3928952022,
            2448190.1766535933,
            2288393.413760024,
            5006741.566941807,
            1375136.4087455187,
            1609029.162556722,
            237073.68577240632,
            2065199.2975155227,
            2059616.9904304806,
            900338.3001448585,
            928332.3131480995,
            3536054.050513765,
            3693150.7654351243,
            10072.075438706588
        ],
        "shape": [
            89
        ],
        "count": 14796104
    },
    "wandb_run_id": "qwkk58u3",
    "wandb_project": "rlgym-ppo",
    "wandb_entity": "gashfraude-epsi",
    "wandb_group": "unnamed-runs",
    "wandb_config": {
        "n_proc": 48,
        "min_inference_size": 36,
        "timestep_limit": 1e+16,
        "exp_buffer_size": 150000,
        "ts_per_iteration": 50000,
        "standardize_returns": true,
        "standardize_obs": true,
        "policy_layer_sizes": [
            512,
            512,
            256
        ],
        "critic_layer_sizes": [
            512,
            512,
            256
        ],
        "ppo_epochs": 2,
        "ppo_batch_size": 50000,
        "ppo_minibatch_size": 50000,
        "ppo_ent_coef": 0.01,
        "ppo_clip_range": 0.2,
        "gae_lambda": 0.95,
        "gae_gamma": 0.99,
        "policy_lr": 0.0002,
        "critic_lr": 0.0002,
        "shm_buffer_size": 8192
    }
}