{
    "cumulative_timesteps": 140603534,
    "cumulative_model_updates": 16756,
    "policy_average_reward": 1518.6091542389465,
    "epoch": 2798,
    "ts_since_last_save": 500660,
    "reward_running_stats": {
        "mean": [
            17.003091958501
        ],
        "var": [
            306304347.4466723
        ],
        "shape": [
            1
        ],
        "count": 421500
    },
    "obs_running_stats": {
        "mean": [
            -4.057134233413512e-12,
            2.2847570847750433e-12,
            0.13007810143257334,
            3.482871026407722e-12,
            -4.69792975160746e-12,
            -0.01894215754449427,
            -4.7536836017911595e-12,
            -2.944137544186611e-12,
            0.009646526777273585,
            0.47974299753969996,
            0.24553972977545285,
            -0.1756395904936622,
            0.06859585455957887,
            0.05202154343394543,
            0.16587558460471485,
            0.630733572495434,
            0.45005593476713057,
            0.9798250919638057,
            0.9773690067716748,
            0.977424171039356,
            0.9449916699997575,
            0.9436109410305454,
            0.9778398641614935,
            0.9775779750178486,
            0.9769968525155633,
            0.977750250864038,
            0.976622167339773,
            0.9764408136823405,
            0.9758950428943574,
            0.9752039987080945,
            0.9740712873194487,
            0.9748263056594793,
            0.9413991826054446,
            0.9739516425641902,
            0.9739516304757377,
            0.9413991826054333,
            0.9748263177479766,
            0.9740712994079993,
            0.9752040107965626,
            0.9758950549827647,
            0.9764408136823322,
            0.9766221794281583,
            0.9777502629524486,
            0.9769968525155389,
            0.9775779871062783,
            0.977839864161502,
            0.9436109410305183,
            0.9449916579113015,
            0.9774241831280058,
            0.9773690188600669,
            0.9798251040524443,
            -0.014562564501277943,
            0.0037882319003531527,
            0.0725107368863005,
            0.06091957476454778,
            0.0075106890545447525,
            -0.007670902806612482,
            0.0076335800329629,
            0.005692005480883652,
            0.5928294692184032,
            -0.001697321044526103,
            0.001199185458967262,
            -0.007417194018144326,
            0.023527753222878173,
            -0.02897169026601137,
            0.04991862993057149,
            0.11342085647054537,
            0.43466549446141883,
            0.5072914142152058,
            0.0007483847714616699,
            0.014562561101385749,
            -0.0037882319947944504,
            0.07251073235313484,
            -0.06091957438678905,
            -0.007510687826808436,
            -0.007670906584268435,
            -0.007633578144135337,
            -0.005692004630911597,
            0.5928294571298776,
            0.0016973201945534855,
            -0.001199185677363537,
            -0.007417192129316409,
            -0.02352775435617275,
            0.028971694799196954,
            0.04991862993055824,
            0.11342086855908771,
            0.4346654914392646,
            0.5072914232815265,
            0.0007483847744130433
        ],
        "var": [
            7197226.990058366,
            5280863.470575337,
            532627.9936336899,
            985575.8032670781,
            1105901.7726515725,
            506276.3621889495,
            6870514.008813508,
            6591290.107321939,
            3122826.0786965224,
            5459243.819258389,
            5190630.78047516,
            4027617.1369345346,
            5054570.199619546,
            2119795.523721502,
            2772984.6595424265,
            4674450.971072718,
            4981796.606813144,
            297554.6721610721,
            344536.51209004375,
            344232.91120644374,
            903543.4911291647,
            926262.0609664907,
            332322.18890433933,
            338003.42863818177,
            342448.3864442532,
            335421.970237112,
            358706.47044994385,
            355208.777265028,
            365037.57597428944,
            373816.3580331699,
            392588.5673212268,
            380962.5358482646,
            963443.5228282826,
            394378.2078945402,
            394378.20984499657,
            963443.5150158713,
            380962.5347780917,
            392588.5497491608,
            373816.3530424585,
            365037.57165891334,
            355208.77726503415,
            358706.46385283984,
            335421.9667817334,
            342448.38644424337,
            338003.1864761459,
            332322.18890433345,
            926262.0531539109,
            903543.4579554828,
            344232.90458408685,
            344535.65765223297,
            297554.59006995504,
            6873828.525445384,
            5136483.578175215,
            360728.4690470067,
            8599956.26665322,
            9304893.164280582,
            2093990.0625076664,
            3236222.2007815666,
            3007638.176672922,
            6767203.378794205,
            1844255.729064133,
            2169541.7786732237,
            301791.5411410888,
            2773099.012029334,
            2762246.57876003,
            1275231.733776135,
            1135290.3113428066,
            4931426.3665499585,
            5027145.290645156,
            15015.698449659114,
            6873828.023759932,
            5136483.765688613,
            360728.46200579364,
            8599956.017270904,
            9304892.789845532,
            2093990.1194862034,
            3236222.1399020683,
            3007638.3646139405,
            6767204.041533274,
            1844255.6039655877,
            2169541.84116534,
            301791.5565247919,
            2773098.8240062883,
            2762246.5761062233,
            1275231.7650254867,
            1135290.3311938767,
            4931426.407200982,
            5027145.242317547,
            15015.698449585907
        ],
        "shape": [
            89
        ],
        "count": 20086304
    },
    "wandb_run_id": "qwkk58u3",
    "wandb_project": "rlgym-ppo",
    "wandb_entity": "gashfraude-epsi",
    "wandb_group": "unnamed-runs",
    "wandb_config": {
        "n_proc": 48,
        "min_inference_size": 36,
        "timestep_limit": 1e+16,
        "exp_buffer_size": 150000,
        "ts_per_iteration": 50000,
        "standardize_returns": true,
        "standardize_obs": true,
        "policy_layer_sizes": [
            512,
            512,
            256
        ],
        "critic_layer_sizes": [
            512,
            512,
            256
        ],
        "ppo_epochs": 2,
        "ppo_batch_size": 50000,
        "ppo_minibatch_size": 50000,
        "ppo_ent_coef": 0.01,
        "ppo_clip_range": 0.2,
        "gae_lambda": 0.95,
        "gae_gamma": 0.99,
        "policy_lr": 0.0002,
        "critic_lr": 0.0002,
        "shm_buffer_size": 8192
    }
}