{
    "cumulative_timesteps": 608654868,
    "cumulative_model_updates": 72780,
    "policy_average_reward": 183.11334867596796,
    "epoch": 12140,
    "ts_since_last_save": 500174,
    "reward_running_stats": {
        "mean": [
            12.009494332643998
        ],
        "var": [
            4685010301.838328
        ],
        "shape": [
            1
        ],
        "count": 1824600
    },
    "obs_running_stats": {
        "mean": [
            -9.372295547539724e-13,
            5.277966566959397e-13,
            0.12169365619022893,
            8.045702888615266e-13,
            -1.0852583016303592e-12,
            -0.010740953060100608,
            -1.09813786880918e-12,
            -6.801186615288752e-13,
            -0.003074559449766687,
            0.6300265316805322,
            0.3524808546285558,
            -0.13674735498011156,
            -0.10686092734311628,
            0.041469127059856635,
            0.14266710252888518,
            0.5386613399760857,
            0.2177684375047805,
            0.979584006720321,
            0.9752144344457958,
            0.9768279227020704,
            0.9274810672876826,
            0.9382960406131955,
            0.9799786565991959,
            0.980014454039984,
            0.9803579863256343,
            0.9758364276122453,
            0.9777293949937009,
            0.9802074440700427,
            0.9801957418396263,
            0.9795940965222292,
            0.9794906243471145,
            0.979615425172934,
            0.928820965785336,
            0.9794917488809787,
            0.9794917460884787,
            0.9288209657853418,
            0.979615427965366,
            0.9794906271397824,
            0.9795940993147916,
            0.9801957446322712,
            0.9802074440700997,
            0.9777293977860002,
            0.975836430404676,
            0.9803579863255883,
            0.980014456832566,
            0.979978656599129,
            0.9382960406130612,
            0.927481064495004,
            0.9768279254945527,
            0.9752144372384476,
            0.9795840095128664,
            -0.017072390319840248,
            0.010324592927545919,
            0.055876160505528585,
            0.09371967884389179,
            0.0028598992409157903,
            -0.02132027253271375,
            0.011870077401683062,
            0.021032740278524132,
            0.5525714575392823,
            -0.0019429298847184273,
            0.0017579639419149982,
            -0.0036126421697904314,
            0.053692661425981156,
            -0.07267212296314449,
            0.034739436951316566,
            0.13484232186852407,
            0.41298055508955217,
            0.48813633924706645,
            0.0009229393141492887,
            0.017072389534449707,
            -0.010324592949362867,
            0.055876159458325886,
            -0.09371967875668331,
            -0.0028598989572989767,
            -0.021320273405380303,
            -0.011870076965350378,
            -0.021032740082166965,
            0.5525714547470532,
            0.0019429296883691596,
            -0.0017579639923665426,
            -0.003612641733457202,
            -0.0536926616877805,
            0.07267212401032547,
            0.0347394369512947,
            0.1348423246610199,
            0.41298055439123454,
            0.48813634134119593,
            0.000922939314830828
        ],
        "var": [
            31353015.358049884,
            26564052.832896166,
            1841448.9634881727,
            5048923.320854036,
            8678988.244908823,
            1835046.1761557464,
            35192293.46383766,
            27206535.879817303,
            14937378.727549309,
            21424189.917648107,
            33007678.364252727,
            31027276.211745746,
            31580931.096256968,
            9916096.407138761,
            10629053.016470063,
            21603902.608210333,
            14821983.00248291,
            1639435.1461917183,
            2001958.9833747332,
            1869147.4630053698,
            5707712.250205889,
            4891635.502166395,
            1603087.4221419354,
            1600754.7072496437,
            1565370.5860002493,
            1948723.0601484028,
            1793430.2691421388,
            1580055.8313363732,
            1580421.8586044249,
            1626208.8763303757,
            1632012.0594000954,
            1624368.794792117,
            5603886.855819038,
            1631429.6230217332,
            1631429.6276626545,
            5603886.84800623,
            1624368.7913968046,
            1632012.0391962358,
            1626208.869208104,
            1580421.8522001898,
            1580055.831336299,
            1793430.262007634,
            1948723.0576223126,
            1565370.5860001715,
            1600754.4639044697,
            1603087.4221418253,
            4891635.494353457,
            5707712.20852795,
            1869147.4566732477,
            2001958.129983218,
            1639435.0642171672,
            30401557.19800045,
            25363675.28477872,
            960382.567047087,
            35348316.758962855,
            40431810.73811093,
            10356080.989796545,
            14370117.548202757,
            13977257.21496768,
            31989394.990751147,
            7467911.681363128,
            11356122.746827554,
            924888.6505757839,
            14341105.518128112,
            14060594.369451711,
            7897002.45432712,
            5941743.394413845,
            21074858.6143911,
            21732091.66150981,
            80170.88224001256,
            30401556.696669474,
            25363675.472276215,
            960382.5569760462,
            35348316.51005653,
            40431810.36344347,
            10356081.044702902,
            14370117.48764528,
            13977257.40343539,
            31989395.633934926,
            7467911.556276709,
            11356122.809310395,
            924888.6656705977,
            14341105.328730641,
            14060594.358840272,
            7897002.485577156,
            5941743.403861798,
            21074858.652390406,
            21732091.620155014,
            80170.88223991857
        ],
        "shape": [
            89
        ],
        "count": 86950770
    },
    "wandb_run_id": "qwkk58u3",
    "wandb_project": "rlgym-ppo",
    "wandb_entity": "gashfraude-epsi",
    "wandb_group": "unnamed-runs",
    "wandb_config": {
        "n_proc": 48,
        "min_inference_size": 36,
        "timestep_limit": 1e+16,
        "exp_buffer_size": 150000,
        "ts_per_iteration": 50000,
        "standardize_returns": true,
        "standardize_obs": true,
        "policy_layer_sizes": [
            512,
            512,
            256
        ],
        "critic_layer_sizes": [
            512,
            512,
            256
        ],
        "ppo_epochs": 2,
        "ppo_batch_size": 50000,
        "ppo_minibatch_size": 50000,
        "ppo_ent_coef": 0.01,
        "ppo_clip_range": 0.2,
        "gae_lambda": 0.95,
        "gae_gamma": 0.99,
        "policy_lr": 0.0002,
        "critic_lr": 0.0002,
        "shm_buffer_size": 8192
    }
}