{
    "cumulative_timesteps": 133597348,
    "cumulative_model_updates": 15932,
    "policy_average_reward": 334.48116596543986,
    "epoch": 2660,
    "ts_since_last_save": 500462,
    "reward_running_stats": {
        "mean": [
            17.06224857621167
        ],
        "var": [
            289948066.19683415
        ],
        "shape": [
            1
        ],
        "count": 400500
    },
    "obs_running_stats": {
        "mean": [
            -4.269899386479722e-12,
            2.4045748291211557e-12,
            0.13052910159153253,
            3.665520533252061e-12,
            -4.944299642326598e-12,
            -0.01918520098539596,
            -5.002977351983434e-12,
            -3.098534668108987e-12,
            0.01019312261259769,
            0.47045986776753845,
            0.24138592164844225,
            -0.17753969117112403,
            0.06819055284544129,
            0.05034260197881354,
            0.17075762949061069,
            0.6210356931142794,
            0.4676633465446281,
            0.979571825239851,
            0.9772251297453457,
            0.9772323628182962,
            0.9448685997659603,
            0.9435461379510441,
            0.9775431098598505,
            0.977324231547704,
            0.9766758516877965,
            0.9775304300281515,
            0.9764080011605288,
            0.9761259678529113,
            0.9756076917591275,
            0.9748819271623199,
            0.973719574802663,
            0.974489876235017,
            0.9411428349430556,
            0.9735975329151021,
            0.973597520192682,
            0.9411428349430568,
            0.9744898889574783,
            0.9737195875251778,
            0.974881939884763,
            0.9756077044814714,
            0.9761259678529154,
            0.9764080138829075,
            0.9775304427506586,
            0.976675851687772,
            0.9773242442700311,
            0.9775431098598548,
            0.943546137950999,
            0.944868587043563,
            0.9772323755409187,
            0.9772251424676169,
            0.9795718379624504,
            -0.014290894927273496,
            0.004176569329285726,
            0.07326426459474732,
            0.06069162615108474,
            0.008375569801681061,
            -0.008010588197727042,
            0.007255081176510218,
            0.005664279734001157,
            0.589775343575079,
            -0.001660181797204409,
            0.0012723619381839637,
            -0.007483630255840781,
            0.024068467317299815,
            -0.027031625259947557,
            0.04882819375164239,
            0.11616084580816267,
            0.4278333620321362,
            0.5007490828610093,
            0.0007353405142704818,
            0.014290891349084279,
            -0.0041765694286795465,
            0.07326425982384596,
            -0.0606916257535096,
            -0.008375568509559195,
            -0.008010592173491241,
            -0.00725507918862821,
            -0.005664278839454672,
            0.5897753308525896,
            0.0016601809026572626,
            -0.0012723621680333624,
            -0.007483628267958393,
            -0.024068468510025316,
            0.027031630030863292,
            0.04882819375163275,
            0.11616085853064897,
            0.42783335885148804,
            0.5007490924028412,
            0.0007353405173766844
        ],
        "var": [
            6826109.676828464,
            5003493.739445543,
            509601.8903159414,
            934985.69351031,
            1045964.5218417105,
            484439.43481427676,
            6519133.597371088,
            6263145.558293921,
            2961618.9469448435,
            5187098.220564144,
            4775059.515924078,
            3718852.2969529517,
            4719414.24409829,
            2030107.0056326438,
            2696311.5388106755,
            4487936.312717573,
            4761722.731110222,
            282406.79485816305,
            325019.443269543,
            325642.03810851293,
            853605.3749436035,
            874103.0279951097,
            316044.99704408355,
            320689.21961698966,
            325797.17671934003,
            317655.8439665013,
            339750.4886158105,
            337908.2774918433,
            346711.16785654274,
            355453.9266106223,
            373672.00032048096,
            362496.37406860833,
            912545.9438962236,
            375389.8431812349,
            375389.84495972405,
            912545.9360838068,
            362496.37316180137,
            373671.9829192243,
            355453.92177631136,
            346711.16368069744,
            337908.27749184956,
            339750.4821226487,
            317655.8406178566,
            325797.17671932967,
            320688.9775781729,
            316044.9970440819,
            874103.0201825211,
            853605.3417101618,
            325642.03157931083,
            325018.5889016074,
            282406.71289006213,
            6530369.220594875,
            4878866.378550221,
            344466.3777419517,
            8171201.330886889,
            8826558.299772702,
            2004192.8587637525,
            3100148.0542932604,
            2885751.7213781234,
            6445176.225352504,
            1761055.3362351966,
            2069700.5668855559,
            289813.86180384876,
            2646071.794755114,
            2633171.1620682417,
            1202736.8266807722,
            1099821.1976104474,
            4667548.887006856,
            4777981.964088616,
            14018.628404471585,
            6530368.718873244,
            4878866.566062218,
            344466.37083797954,
            8171201.08150063,
            8826557.925380794,
            2004192.915690689,
            3100147.993385067,
            2885751.909318321,
            6445176.886608656,
            1761055.211135544,
            2069700.6293769102,
            289813.8771925935,
            2646071.606707542,
            2633171.159767452,
            1202736.8579303655,
            1099821.21613088,
            4667548.926828119,
            4777981.918143292,
            14018.628404399888
        ],
        "shape": [
            89
        ],
        "count": 19085422
    },
    "wandb_run_id": "qwkk58u3",
    "wandb_project": "rlgym-ppo",
    "wandb_entity": "gashfraude-epsi",
    "wandb_group": "unnamed-runs",
    "wandb_config": {
        "n_proc": 48,
        "min_inference_size": 36,
        "timestep_limit": 1e+16,
        "exp_buffer_size": 150000,
        "ts_per_iteration": 50000,
        "standardize_returns": true,
        "standardize_obs": true,
        "policy_layer_sizes": [
            512,
            512,
            256
        ],
        "critic_layer_sizes": [
            512,
            512,
            256
        ],
        "ppo_epochs": 2,
        "ppo_batch_size": 50000,
        "ppo_minibatch_size": 50000,
        "ppo_ent_coef": 0.01,
        "ppo_clip_range": 0.2,
        "gae_lambda": 0.95,
        "gae_gamma": 0.99,
        "policy_lr": 0.0002,
        "critic_lr": 0.0002,
        "shm_buffer_size": 8192
    }
}