{
    "cumulative_timesteps": 674398000,
    "cumulative_model_updates": 80640,
    "policy_average_reward": 127.93577654706571,
    "epoch": 13451,
    "ts_since_last_save": 200212,
    "reward_running_stats": {
        "mean": [
            11.066990629680799
        ],
        "var": [
            5481025562.614606
        ],
        "shape": [
            1
        ],
        "count": 2021700
    },
    "obs_running_stats": {
        "mean": [
            -8.458646121297761e-13,
            4.763448944655425e-13,
            0.12159676316076724,
            7.261375097856663e-13,
            -9.794629142129303e-13,
            -0.010568977874088137,
            -9.910869282963416e-13,
            -6.138179322351205e-13,
            0.000713679112058377,
            0.6331539596098881,
            0.3491041343060483,
            -0.1212922688162777,
            -0.1318426385325098,
            0.04225899985507669,
            0.1344465664389164,
            0.4958902443236547,
            0.2049173752442573,
            0.9794174490669635,
            0.9749786495389162,
            0.9765459518583943,
            0.9275585463089262,
            0.9377559753786361,
            0.9798325831138118,
            0.9798783740008016,
            0.9802429830257816,
            0.9759886154558068,
            0.9778627281815532,
            0.9801547171773187,
            0.9802041291713698,
            0.9796028012192276,
            0.9794155011314666,
            0.9796452491168489,
            0.9289327789784174,
            0.97946797819651,
            0.9794679756762181,
            0.9289327789783742,
            0.9796452516370346,
            0.9794155036519617,
            0.9796028037395357,
            0.9802041316917114,
            0.9801547171773509,
            0.9778627307016244,
            0.9759886179759875,
            0.9802429830257468,
            0.9798783765211158,
            0.9798325831137599,
            0.9377559753785354,
            0.9275585437885993,
            0.9765459543786502,
            0.9749786520594076,
            0.9794174515873485,
            -0.018161789203814123,
            0.01036306972145082,
            0.05499674688806483,
            0.0883560019277143,
            0.0007404091766648232,
            -0.019152975790877484,
            0.012180891721456267,
            0.019556675275430372,
            0.567901129517556,
            -0.0018963919080003382,
            0.0018598877068655088,
            -0.0036653100444543453,
            0.05005264375396878,
            -0.07015303075872938,
            0.03569239244024315,
            0.15816326274850473,
            0.44211041316542316,
            0.5143335342883187,
            0.0008423194791412398,
            0.01816178849498405,
            -0.010363069741139527,
            0.0549967459429378,
            -0.08835600184899879,
            -0.0007404089206965776,
            -0.01915297657847808,
            -0.012180891327658991,
            -0.019556675098206237,
            0.5679011269977101,
            0.0018963917307922699,
            -0.0018598877523988229,
            -0.0036653096506572055,
            -0.050052643990255226,
            0.0701530317038138,
            0.035692392440226914,
            0.15816326526878757,
            0.4421104125352274,
            0.514333536178225,
            0.0008423194797564544
        ],
        "var": [
            34543352.21797754,
            29603639.57394037,
            2018210.857106057,
            5613521.416241995,
            9784260.697249442,
            2027028.0270521203,
            39269191.27122351,
            29959054.657139402,
            16655016.094060052,
            23373576.86057335,
            37446610.027786985,
            34430163.763828255,
            36358324.55024918,
            11173215.63394097,
            11205285.519169133,
            24080208.619270306,
            15707068.930132251,
            1842653.6064804217,
            2250556.907639804,
            2107632.9059860767,
            6333026.498343808,
            5480974.913490928,
            1800868.0702199512,
            1797289.569029809,
            1756865.5897652293,
            2156224.7003820166,
            1985659.538902597,
            1767144.2556996704,
            1761961.2844372464,
            1813143.3112560902,
            1827623.0943590645,
            1809159.2388724906,
            6215567.690286299,
            1822286.5233600768,
            1822286.5279894213,
            6215567.682473381,
            1809159.2354626,
            1827623.0741919836,
            1813143.304129592,
            1761961.278028896,
            1767144.2556996716,
            1985659.5317033571,
            2156224.6977820382,
            1756865.589765261,
            1797289.325750697,
            1800868.0702198583,
            5480974.905678459,
            6333026.456701866,
            2107632.8997906563,
            2250556.054362569,
            1842653.5245867323,
            33495914.949356403,
            28183096.585769385,
            1063518.3829909894,
            39081987.9986469,
            45263607.471781194,
            11198920.628966713,
            15476649.54135326,
            15077513.386497455,
            34651556.29049183,
            8272793.22763133,
            12665627.103880562,
            1013443.726732567,
            15244217.668666901,
            14979191.569867132,
            8641449.560095988,
            7589024.314359217,
            23758387.343219336,
            24072504.057838023,
            81077.59307481468,
            33495914.448177174,
            28183096.773270708,
            1063518.3727596947,
            39081987.749666326,
            45263607.09701852,
            11198920.68420191,
            15476649.480816824,
            15077513.57491352,
            34651556.94112496,
            8272793.102542165,
            12665627.166360134,
            1013443.741831425,
            15244217.479435457,
            14979191.559714118,
            8641449.59134543,
            7589024.312483193,
            23758387.384757563,
            24072504.006941386,
            81077.5930747294
        ],
        "shape": [
            89
        ],
        "count": 96342642
    },
    "wandb_run_id": "qwkk58u3",
    "wandb_project": "rlgym-ppo",
    "wandb_entity": "gashfraude-epsi",
    "wandb_group": "unnamed-runs",
    "wandb_config": {
        "n_proc": 48,
        "min_inference_size": 36,
        "timestep_limit": 1e+16,
        "exp_buffer_size": 150000,
        "ts_per_iteration": 50000,
        "standardize_returns": true,
        "standardize_obs": true,
        "policy_layer_sizes": [
            512,
            512,
            256
        ],
        "critic_layer_sizes": [
            512,
            512,
            256
        ],
        "ppo_epochs": 2,
        "ppo_batch_size": 50000,
        "ppo_minibatch_size": 50000,
        "ppo_ent_coef": 0.01,
        "ppo_clip_range": 0.2,
        "gae_lambda": 0.95,
        "gae_gamma": 0.99,
        "policy_lr": 0.0002,
        "critic_lr": 0.0002,
        "shm_buffer_size": 8192
    }
}