{
    "cumulative_timesteps": 799480658,
    "cumulative_model_updates": 95630,
    "policy_average_reward": 165.9743350540813,
    "epoch": 15950,
    "ts_since_last_save": 500442,
    "reward_running_stats": {
        "mean": [
            9.824701210648785
        ],
        "var": [
            6836672480.099582
        ],
        "shape": [
            1
        ],
        "count": 2396700
    },
    "obs_running_stats": {
        "mean": [
            -7.135250488975177e-13,
            4.018184579098899e-13,
            0.12039681708182545,
            6.125298224406781e-13,
            -8.262212549699919e-13,
            -0.010327915134818105,
            -8.360266355111683e-13,
            -5.177831822349022e-13,
            0.009533131741120091,
            0.6352004309736069,
            0.3361317557434752,
            -0.03092809633981706,
            -0.1913811526151845,
            0.03821651056537849,
            0.11638748034044338,
            0.4378781996153243,
            0.1879439463792628,
            0.9792545459310965,
            0.9746062640487297,
            0.9760151932427322,
            0.9289056224790184,
            0.9360667367222317,
            0.9795194149371634,
            0.9796520951208608,
            0.980080049901301,
            0.976498653262233,
            0.977885263575963,
            0.9800053309967033,
            0.980122538732065,
            0.9795944528996832,
            0.9792995179924119,
            0.9796440760817963,
            0.9293733613938047,
            0.9793362723974367,
            0.9793362702713257,
            0.9293733613937813,
            0.9796440782077328,
            0.9792995201187559,
            0.9795944550257563,
            0.9801225408580908,
            0.9800053309967484,
            0.9778852657016736,
            0.9764986553880353,
            0.980080049901267,
            0.979652097246951,
            0.979519414937072,
            0.9360667367220961,
            0.9289056203531626,
            0.9760151953686134,
            0.9746062661748306,
            0.9792545480569328,
            -0.018087621956066637,
            0.014817355210166585,
            0.053877082202982415,
            0.07469847639346075,
            0.000988609804647708,
            -0.011570142068091706,
            0.01265033280760645,
            0.013973093775201203,
            0.6038251374716437,
            -0.0015875810293117887,
            0.0021805287130240592,
            -0.0038434999088589297,
            0.043692754304642305,
            -0.06219693828628941,
            0.03680376992531771,
            0.18022596733804921,
            0.5071453803049238,
            0.5765418151472034,
            0.0007195879383988849,
            0.018087621358138566,
            -0.01481735522677898,
            0.0538770814057366,
            -0.07469847632707083,
            -0.0009886095887266756,
            -0.011570142732464156,
            -0.012650332475420856,
            -0.013973093625697734,
            0.6038251353460952,
            0.0015875808798292007,
            -0.0021805287514331797,
            -0.0038434995766735377,
            -0.043692754503977346,
            0.062196939083486294,
            0.03680376992530415,
            0.18022596946399805,
            0.5071453797733672,
            0.5765418167414148,
            0.0007195879389178432
        ],
        "var": [
            40468067.56944395,
            35443047.7037632,
            2327188.686065958,
            6614058.574529758,
            11841828.335760966,
            2361049.3044009176,
            47050675.463166706,
            35022816.88017149,
            19679979.355499584,
            27321001.61719095,
            46478053.282362044,
            44465823.66131982,
            45965056.91706439,
            13352171.220729789,
            11739510.04939597,
            28108317.335352585,
            17441413.675565407,
            2220708.6542741894,
            2726861.5393124195,
            2574645.647040488,
            7401938.695654808,
            6692567.443690937,
            2188284.452013196,
            2174404.910294485,
            2120798.286040454,
            2519496.1407770263,
            2370012.5986078274,
            2131103.0986460806,
            2117639.163939503,
            2171100.1067291186,
            2200574.7479782403,
            2165602.3948850734,
            7352026.647625457,
            2196061.93874794,
            2196061.9433123586,
            7352026.639812244,
            2165602.3914755164,
            2200574.7278673016,
            2171100.09960736,
            2117639.157571437,
            2131103.0986462184,
            2370012.5913977493,
            2519496.137929005,
            2120798.286040349,
            2174404.6671257233,
            2188284.4520131033,
            6692567.4358786335,
            7401938.654666327,
            2574645.6411027396,
            2726860.686215865,
            2220708.572459455,
            39411607.63903218,
            33529727.40922019,
            1282585.154715134,
            45986071.095382184,
            54881713.38471097,
            12680516.72486337,
            17180092.754394904,
            16889659.253077358,
            38445016.95617073,
            9736612.839964591,
            15016667.463229174,
            1190886.7923257772,
            16136472.763142146,
            15923077.2469167,
            9783725.355368678,
            9840661.382848086,
            28542657.476341102,
            27890409.49092496,
            82120.80884301475,
            39411607.13784626,
            33529727.596698955,
            1282585.1442792525,
            45986070.84620999,
            54881713.00995138,
            12680516.78124739,
            17180092.693893686,
            16889659.441301692,
            38445017.6242316,
            9736612.714865644,
            15016667.525710603,
            1190886.8074384597,
            16136472.574199911,
            15923077.23821435,
            9783725.386621343,
            9840661.370263098,
            28542657.525780328,
            27890409.417374697,
            82120.80884294468
        ],
        "shape": [
            89
        ],
        "count": 114211592
    },
    "wandb_run_id": "qwkk58u3",
    "wandb_project": "rlgym-ppo",
    "wandb_entity": "gashfraude-epsi",
    "wandb_group": "unnamed-runs",
    "wandb_config": {
        "n_proc": 48,
        "min_inference_size": 36,
        "timestep_limit": 1e+16,
        "exp_buffer_size": 150000,
        "ts_per_iteration": 50000,
        "standardize_returns": true,
        "standardize_obs": true,
        "policy_layer_sizes": [
            512,
            512,
            256
        ],
        "critic_layer_sizes": [
            512,
            512,
            256
        ],
        "ppo_epochs": 2,
        "ppo_batch_size": 50000,
        "ppo_minibatch_size": 50000,
        "ppo_ent_coef": 0.01,
        "ppo_clip_range": 0.2,
        "gae_lambda": 0.95,
        "gae_gamma": 0.99,
        "policy_lr": 0.0002,
        "critic_lr": 0.0002,
        "shm_buffer_size": 8192
    }
}