{
    "cumulative_timesteps": 102571468,
    "cumulative_model_updates": 12260,
    "policy_average_reward": 2370.878025675376,
    "epoch": 2046,
    "ts_since_last_save": 500374,
    "reward_running_stats": {
        "mean": [
            17.419499228534125
        ],
        "var": [
            191277534.4982814
        ],
        "shape": [
            1
        ],
        "count": 307500
    },
    "obs_running_stats": {
        "mean": [
            -5.561451790068659e-12,
            3.1319068099438438e-12,
            0.1335609167322886,
            4.7742613731154e-12,
            -6.439843560242371e-12,
            -0.020888661666920768,
            -6.5162700172349536e-12,
            -4.035774527584554e-12,
            0.009481834371784261,
            0.41761114608173133,
            0.192927039002905,
            -0.15373149432504896,
            0.09391317845215162,
            0.019347012182554277,
            0.19673386573378548,
            0.5744603504683877,
            0.5304220648367065,
            0.9783468972361996,
            0.9762234182006468,
            0.9762912565635508,
            0.9446687165375163,
            0.9434467450132893,
            0.9760150525140852,
            0.9759134781672474,
            0.9749370604391174,
            0.9765285936949277,
            0.9757235775609505,
            0.9745089093853764,
            0.9740696513113295,
            0.9730244483862353,
            0.9716203152091835,
            0.9727080348600297,
            0.9410456890702066,
            0.9714445700949657,
            0.9714445535243015,
            0.9410456890701896,
            0.9727080514307818,
            0.9716203317799209,
            0.9730244649570094,
            0.9740696678818437,
            0.9745089093853796,
            0.9757235941316819,
            0.9765286102656158,
            0.974937060439113,
            0.9759134947378585,
            0.9760150525141077,
            0.9434467450132433,
            0.9446686999669629,
            0.9762912731345366,
            0.9762234347711495,
            0.9783469138071378,
            -0.015173021514060607,
            0.006360344265747041,
            0.07756299237332104,
            0.060959104052299914,
            0.012666738625626275,
            -0.005839100164963126,
            0.003455748709784468,
            0.0036380429994340847,
            0.5825156017758423,
            -0.001747956752036998,
            0.001545378019800528,
            -0.008006256587883735,
            0.02461750323900968,
            -0.02335769996548857,
            0.042174429346468825,
            0.1301082759157942,
            0.39334648954594514,
            0.46812022108236906,
            0.0006598088977510717,
            0.015173016853547322,
            -0.006360344395206258,
            0.07756298615930717,
            -0.0609591035344633,
            -0.012666736942664668,
            -0.005839105343308989,
            -0.003455746120610666,
            -0.00363804183430635,
            0.5825155852050525,
            0.0017479555869089796,
            -0.0015453783191742294,
            -0.008006253998710487,
            -0.024617504792512016,
            0.023357706179503758,
            0.04217442934646931,
            0.13010829248654315,
            0.3933464854032034,
            0.4681202335104631,
            0.0006598089017966455
        ],
        "var": [
            5174110.523476862,
            3789673.261903816,
            410209.4874412824,
            700253.323792856,
            770604.6882222058,
            389240.58534050203,
            4927243.912611251,
            4759792.633635615,
            2235292.6432669437,
            3953578.742536116,
            3166768.5896990513,
            2597111.755458321,
            3162620.1953090527,
            1515840.5358561217,
            2309459.5184644326,
            3578222.7097386443,
            3660052.049924012,
            210907.10485859992,
            240369.14191155662,
            240176.6523876232,
            625325.5777073374,
            639302.2383108096,
            240096.3676385149,
            242168.57784871978,
            249075.55467703866,
            234308.19582677394,
            247200.33796704502,
            257143.8251566548,
            262638.1678765692,
            272720.43927794305,
            289330.8033373859,
            277044.10103066516,
            668285.3377013132,
            291270.7357944629,
            291270.73652745504,
            668285.32988882,
            277044.10098911054,
            289330.7869555609,
            272720.43534569646,
            262638.1644476295,
            257143.82515665004,
            247200.33180628638,
            234308.19296465293,
            249075.55467702885,
            242168.3364951197,
            240096.36763851607,
            639302.230498248,
            625325.5443768927,
            240176.6463154562,
            240368.28802999426,
            210907.02348532568,
            4959574.115053617,
            3719290.0411757845,
            276164.90052719775,
            6280997.765096631,
            6727864.631030727,
            1576388.3083394666,
            2428261.8169463486,
            2272153.4699741984,
            4966047.179491902,
            1358029.6624714376,
            1587972.753504003,
            234995.09827927695,
            2051914.2828879335,
            2046273.6716989155,
            891461.7530266821,
            920120.6297154573,
            3492200.964288384,
            3655034.3714073068,
            9656.56916227872,
            4959573.613453323,
            3719290.2286791536,
            276164.89440606686,
            6280997.515715704,
            6727864.256850404,
            1576388.3655957845,
            2428261.7557501053,
            2272153.6578455768,
            4966047.837223244,
            1358029.5373747235,
            1587972.8159928073,
            234995.1137076261,
            2051914.0948153143,
            2046273.6700669788,
            891461.7842765892,
            920120.6414626774,
            3492200.9999229936,
            3655034.3373468244,
            9656.569162216025
        ],
        "shape": [
            89
        ],
        "count": 14653158
    },
    "wandb_run_id": "qwkk58u3",
    "wandb_project": "rlgym-ppo",
    "wandb_entity": "gashfraude-epsi",
    "wandb_group": "unnamed-runs",
    "wandb_config": {
        "n_proc": 48,
        "min_inference_size": 36,
        "timestep_limit": 1e+16,
        "exp_buffer_size": 150000,
        "ts_per_iteration": 50000,
        "standardize_returns": true,
        "standardize_obs": true,
        "policy_layer_sizes": [
            512,
            512,
            256
        ],
        "critic_layer_sizes": [
            512,
            512,
            256
        ],
        "ppo_epochs": 2,
        "ppo_batch_size": 50000,
        "ppo_minibatch_size": 50000,
        "ppo_ent_coef": 0.01,
        "ppo_clip_range": 0.2,
        "gae_lambda": 0.95,
        "gae_gamma": 0.99,
        "policy_lr": 0.0002,
        "critic_lr": 0.0002,
        "shm_buffer_size": 8192
    }
}