{
    "cumulative_timesteps": 314317806,
    "cumulative_model_updates": 37502,
    "policy_average_reward": 273.95500007860767,
    "epoch": 6259,
    "ts_since_last_save": 500360,
    "reward_running_stats": {
        "mean": [
            17.279349458152765
        ],
        "var": [
            1249726666.5927224
        ],
        "shape": [
            1
        ],
        "count": 942150
    },
    "obs_running_stats": {
        "mean": [
            -1.8148792071807197e-12,
            1.0220411500234686e-12,
            0.1273195118863127,
            1.5579938593195945e-12,
            -2.1015264829581248e-12,
            -0.012712775195751624,
            -2.1264668605353125e-12,
            -1.3170020321193356e-12,
            0.003245266930545381,
            0.5911201329849446,
            0.29661570756050937,
            -0.2033188303582892,
            0.017676195688614536,
            0.03379915259761156,
            0.1363861043865089,
            0.734093228416237,
            0.2836356391394783,
            0.9794965341446641,
            0.9764034479545491,
            0.9770755255806987,
            0.9328111803072177,
            0.9371454543021701,
            0.9803247065508588,
            0.9801509664672095,
            0.980517858126473,
            0.9762287540221887,
            0.9762625153348771,
            0.9802213995893752,
            0.9798592710998429,
            0.9793715373416172,
            0.979441867640878,
            0.9791920944182995,
            0.9316347947439502,
            0.9792365517612308,
            0.9792365463537906,
            0.9316347947439739,
            0.9791920998259231,
            0.9794418730484468,
            0.9793715427491327,
            0.9798592765073572,
            0.9802213995893861,
            0.976262520742402,
            0.9762287594296631,
            0.9805178581264519,
            0.9801509718748044,
            0.9803247065508384,
            0.9371454543021339,
            0.9328111748995153,
            0.977075530988168,
            0.9764034533620557,
            0.9794965395522548,
            -0.011179211761433808,
            0.008137821277094937,
            0.06215971301748842,
            0.07053527961977514,
            0.009500567890673996,
            -0.002813719190094812,
            0.01026599509788376,
            0.00800829743913011,
            0.6018032650924204,
            -0.0013793374106973312,
            0.001479096778930705,
            -0.004722200927682532,
            0.03791240716980975,
            -0.049865318633125245,
            0.05164423604635618,
            0.08690561203505186,
            0.47127769515593926,
            0.5419245371988219,
            0.0011544601189985729,
            0.011179210240564069,
            -0.008137821319342754,
            0.06215971098965842,
            -0.07053527945081946,
            -0.009500567341473441,
            -0.002813720879954538,
            -0.010265994252955228,
            -0.008008297058913675,
            0.6018032596848397,
            0.0013793370304788324,
            -0.0014790968766265082,
            -0.004722200082752191,
            -0.037912407676772626,
            0.049865320660977944,
            0.05164423604635794,
            0.08690561744258755,
            0.4712776938039461,
            0.5419245412544897,
            0.0011544601203187811
        ],
        "var": [
            16526953.188931132,
            12942777.563571433,
            1072911.470599325,
            2601063.3924828144,
            3559501.3478127853,
            1031248.3416053451,
            16290709.33815654,
            14651986.448335007,
            7577746.623441337,
            10889581.683045419,
            14452669.699087787,
            12246732.142630365,
            12514632.826076569,
            4379508.812424361,
            5282678.236139908,
            8761182.962659648,
            9133928.630305707,
            802273.6312372988,
            934796.2946352243,
            906776.5161900758,
            2673657.386261169,
            2502420.4958707406,
            763160.4274734603,
            771308.8420454088,
            748784.9872555626,
            940468.5025142981,
            940683.9012850414,
            763685.79206573,
            778686.0008320566,
            795270.6871561845,
            789417.0522633863,
            802933.086166455,
            2715258.088298056,
            797766.652438754,
            797766.6569556902,
            2715258.080486089,
            802933.082976328,
            789417.032083106,
            795270.6801416724,
            778685.9945915205,
            763685.7920657591,
            940683.89486244,
            940468.4997977652,
            748784.9872555711,
            771308.5986339308,
            763160.4274734725,
            2502420.4880581982,
            2673657.3471732554,
            906776.5097370802,
            934795.4406664255,
            802273.5493059211,
            16046414.76144082,
            12568286.597459527,
            626444.6364686455,
            18661755.350031864,
            21032419.93415956,
            4970030.394527854,
            6952116.8041134095,
            6503906.048012888,
            15162578.212616617,
            4092842.8288673465,
            5314369.209125401,
            578993.0688833557,
            6308120.0896345945,
            6293147.067397992,
            3283430.9975798526,
            2074750.1683427973,
            11184202.365733827,
            11153368.32812547,
            51773.10315055877,
            16046414.259293506,
            12568286.784961069,
            626444.627542152,
            18661755.10079093,
            21032419.559815846,
            4970030.452244737,
            6952116.7434320375,
            6503906.2360331165,
            15162578.879717436,
            4092842.7037600516,
            5314369.271613567,
            578993.0840625645,
            6308119.900957572,
            6293147.060940284,
            3283431.0288293273,
            2074750.2010702684,
            11184202.41082928,
            11153368.267181309,
            51773.10315043558
        ],
        "shape": [
            89
        ],
        "count": 44902620
    },
    "wandb_run_id": "qwkk58u3",
    "wandb_project": "rlgym-ppo",
    "wandb_entity": "gashfraude-epsi",
    "wandb_group": "unnamed-runs",
    "wandb_config": {
        "n_proc": 48,
        "min_inference_size": 36,
        "timestep_limit": 1e+16,
        "exp_buffer_size": 150000,
        "ts_per_iteration": 50000,
        "standardize_returns": true,
        "standardize_obs": true,
        "policy_layer_sizes": [
            512,
            512,
            256
        ],
        "critic_layer_sizes": [
            512,
            512,
            256
        ],
        "ppo_epochs": 2,
        "ppo_batch_size": 50000,
        "ppo_minibatch_size": 50000,
        "ppo_ent_coef": 0.01,
        "ppo_clip_range": 0.2,
        "gae_lambda": 0.95,
        "gae_gamma": 0.99,
        "policy_lr": 0.0002,
        "critic_lr": 0.0002,
        "shm_buffer_size": 8192
    }
}