{
    "cumulative_timesteps": 175132102,
    "cumulative_model_updates": 20874,
    "policy_average_reward": 1919.9142734807938,
    "epoch": 3485,
    "ts_since_last_save": 500384,
    "reward_running_stats": {
        "mean": [
            21.613857493938784
        ],
        "var": [
            613114812.8543661
        ],
        "shape": [
            1
        ],
        "count": 525000
    },
    "obs_running_stats": {
        "mean": [
            -3.2572437524948774e-12,
            1.834302322813228e-12,
            0.13299706584885282,
            2.796200280316268e-12,
            -3.771702253792134e-12,
            -0.016363100740195532,
            -3.816463853433748e-12,
            -2.363681623984914e-12,
            0.012521750529550275,
            0.525087952073451,
            0.2551740649173353,
            -0.18790614342964884,
            0.07770051344075236,
            0.05694750382583943,
            0.13701525725449498,
            0.6820334407324643,
            0.3804424966262143,
            0.979111623292236,
            0.976218229994476,
            0.9765917486576124,
            0.9391551285909648,
            0.9385684637042252,
            0.9782679873373863,
            0.9781803583759977,
            0.9780845668716287,
            0.9766085254775793,
            0.9753164639226463,
            0.9775151679653561,
            0.9769446198139518,
            0.9764039288000089,
            0.9760371274822005,
            0.9760745202486248,
            0.9362467818264065,
            0.9757515751395373,
            0.975751565434483,
            0.9362467818264236,
            0.9760745299536816,
            0.9760371371875024,
            0.9764039385051324,
            0.9769446295190676,
            0.9775151679653751,
            0.975316473627773,
            0.9766085351826744,
            0.9780845668716285,
            0.9781803680811298,
            0.9782679873373739,
            0.938568463704239,
            0.9391551188858656,
            0.9765917583629141,
            0.9762182396996246,
            0.9791116329974962,
            -0.013848988630759663,
            0.0023869315847048506,
            0.06933626367016889,
            0.05417488816878651,
            0.004727138191243267,
            -0.0031468902686349397,
            0.009620032141958881,
            0.005265225991739989,
            0.621985130857533,
            -0.00151116385275529,
            0.001567826678905494,
            -0.006484542278428233,
            0.019322071625720253,
            -0.030332746404621812,
            0.057760171068111356,
            0.10421014580136247,
            0.5039569703858051,
            0.5697361513401501,
            0.0013302028545458362,
            0.013848985901177733,
            -0.002386931660525713,
            0.06933626003075137,
            -0.05417488786550382,
            -0.004727137205563443,
            -0.0031468933015011582,
            -0.009620030625528605,
            -0.005265225309346297,
            0.6219851211522425,
            0.0015111631703605972,
            -0.0015678268542435884,
            -0.006484540761995036,
            -0.019322072535579195,
            0.03033275004406031,
            0.057760171068094224,
            0.10421015550657642,
            0.503956967959564,
            0.5697361586190077,
            0.0013302028569152735
        ],
        "var": [
            9134110.200156368,
            6755122.884517414,
            661019.3874484174,
            1409157.241892662,
            1649154.3356769623,
            632824.3233148417,
            8680318.661653325,
            8213239.218319022,
            4134208.650512512,
            5893367.7236406375,
            6527690.172593946,
            5385486.458308728,
            6274288.397366647,
            2527077.997805846,
            2952119.135515884,
            5421881.453669672,
            5907441.733647763,
            412179.9613696553,
            481095.9163191309,
            472946.2171177658,
            1289061.3382118067,
            1300018.6329313824,
            428967.04179567844,
            431719.31886590255,
            427313.6910654367,
            469991.32398049906,
            502422.6267065807,
            443038.6099069383,
            456051.86306730245,
            464525.3374237053,
            470440.1869309962,
            472313.9613681439,
            1348697.1528610685,
            476751.3077273834,
            476751.3105518117,
            1348697.1450487876,
            472313.9596918511,
            470440.16840423894,
            464525.3318503205,
            456051.85824223905,
            443038.6099069474,
            502422.6207435439,
            469991.3210795707,
            427313.6910654213,
            431719.0764113518,
            428967.0417956658,
            1300018.625118672,
            1289061.3022038045,
            472946.210899656,
            481095.0624401515,
            412179.87962502,
            8790634.284833452,
            6595014.288185432,
            432485.2542463179,
            10662910.235763105,
            11703435.411331298,
            2567767.6364955683,
            3851744.819409158,
            3487611.4805613756,
            7983466.3643166525,
            2459175.1957678273,
            2924177.5256481944,
            384664.66148487217,
            3138005.305869218,
            3165268.5552442702,
            1568878.4343575765,
            1331440.957964948,
            6249937.478737653,
            6139705.227523967,
            33230.67885329202,
            8790633.783049343,
            6595014.475705482,
            432485.2466269765,
            10662909.986277724,
            11703435.036758179,
            2567767.6941607427,
            3851744.758680007,
            3487611.6684878664,
            7983467.041214224,
            2459175.070663354,
            2924177.5881371694,
            384664.6767978278,
            3138005.118037403,
            3165268.552342689,
            1568878.4656070757,
            1331440.9822888076,
            6249937.527800969,
            6139705.156452518,
            33230.67885314927
        ],
        "shape": [
            89
        ],
        "count": 25018954
    },
    "wandb_run_id": "qwkk58u3",
    "wandb_project": "rlgym-ppo",
    "wandb_entity": "gashfraude-epsi",
    "wandb_group": "unnamed-runs",
    "wandb_config": {
        "n_proc": 48,
        "min_inference_size": 36,
        "timestep_limit": 1e+16,
        "exp_buffer_size": 150000,
        "ts_per_iteration": 50000,
        "standardize_returns": true,
        "standardize_obs": true,
        "policy_layer_sizes": [
            512,
            512,
            256
        ],
        "critic_layer_sizes": [
            512,
            512,
            256
        ],
        "ppo_epochs": 2,
        "ppo_batch_size": 50000,
        "ppo_minibatch_size": 50000,
        "ppo_ent_coef": 0.01,
        "ppo_clip_range": 0.2,
        "gae_lambda": 0.95,
        "gae_gamma": 0.99,
        "policy_lr": 0.0002,
        "critic_lr": 0.0002,
        "shm_buffer_size": 8192
    }
}