{
    "cumulative_timesteps": 222181428,
    "cumulative_model_updates": 26482,
    "policy_average_reward": 964.0412215128466,
    "epoch": 4421,
    "ts_since_last_save": 500424,
    "reward_running_stats": {
        "mean": [
            20.584895297165822
        ],
        "var": [
            837648877.292003
        ],
        "shape": [
            1
        ],
        "count": 666000
    },
    "obs_running_stats": {
        "mean": [
            -2.5674892036282552e-12,
            1.4458701233308063e-12,
            0.1310304994048501,
            2.204076391761892e-12,
            -2.9730058857281332e-12,
            -0.014565069745961012,
            -3.0082887566809572e-12,
            -1.863147970630657e-12,
            0.007946590428761863,
            0.554946544776292,
            0.26376718396447313,
            -0.2085506729030459,
            0.04589725185184359,
            0.04980631024198597,
            0.13232101777004812,
            0.7160349829326675,
            0.3353155880195772,
            0.9792811438793331,
            0.9765369441327878,
            0.976900363911279,
            0.9366272158855986,
            0.9380731153954199,
            0.9793289100225124,
            0.979125245009196,
            0.9793111411759918,
            0.9764714054818228,
            0.9757455446150173,
            0.9788410834417846,
            0.9783354005384937,
            0.9778288983086283,
            0.977818722428881,
            0.9776429372199524,
            0.9344310541148984,
            0.9775487430718044,
            0.9775487354219505,
            0.9344310541149287,
            0.977642944869958,
            0.9778187300788488,
            0.977828905958551,
            0.9783354081883759,
            0.9788410834417909,
            0.9757455522649466,
            0.9764714131317727,
            0.9793111411759852,
            0.9791252526592761,
            0.9793289100224857,
            0.9380731153953816,
            0.93662720823558,
            0.9769003715613462,
            0.9765369517827713,
            0.9792811515294978,
            -0.014001298414699596,
            0.006153215624062413,
            0.06635640120742002,
            0.05858262149084939,
            0.007739454801572601,
            0.0008631178854335773,
            0.010553320219641914,
            0.004718679051939752,
            0.6256778916553748,
            -0.0015270536420331807,
            0.0016269317389186269,
            -0.005701953159931782,
            0.024591261892739635,
            -0.03581103264748551,
            0.05709604506832758,
            0.09408432110980804,
            0.5068578237604326,
            0.5733508152988762,
            0.001298957710223026,
            0.014001296263135959,
            -0.006153215683827193,
            0.06635639833868823,
            -0.058582621251786766,
            -0.007739454024621669,
            0.000863115494808022,
            -0.010553319024332129,
            -0.004718678514049593,
            0.6256778840052009,
            0.0015270531041423556,
            -0.0016269318771275044,
            -0.005701951964618209,
            -0.02459126260992617,
            0.035811035516238474,
            0.057096045068316684,
            0.09408432875983659,
            0.5068578218478534,
            0.5733508210363956,
            0.001298957712090782
        ],
        "var": [
            11680488.025276722,
            8780147.367897006,
            807516.2289464407,
            1834588.917424546,
            2235930.7783301314,
            772871.2342935291,
            11175215.615984013,
            10448496.322812235,
            5297394.927058643,
            7553875.2206422165,
            8897718.809633264,
            7374747.146654461,
            8033432.31664167,
            3036323.1998614026,
            3637996.5885549444,
            6449891.540449132,
            7084567.800137957,
            544488.1559361741,
            627501.4497490153,
            617257.8604208153,
            1743406.5106747514,
            1701337.956983786,
            539614.5719425341,
            546465.7626692505,
            534113.1923029108,
            627683.4680839129,
            651280.9699243837,
            550520.2679135446,
            565272.2460381591,
            576221.0733200669,
            573704.0453882064,
            581799.5185083154,
            1800063.440436404,
            581402.1322955742,
            581402.1359927313,
            1800063.4326241917,
            581799.5160703799,
            573704.0259962031,
            576221.0670546582,
            565272.2405376579,
            550520.267913558,
            651280.9637528379,
            627683.4652495432,
            534113.1923029032,
            546465.5197558489,
            539614.5719425052,
            1701337.949171032,
            1743406.4734390627,
            617257.8540528613,
            627500.5957152825,
            544488.0741092796,
            11282343.518990394,
            8540205.70447264,
            510208.1722261451,
            13429750.489210075,
            14878761.120432645,
            3310310.038083796,
            4807610.981110826,
            4371142.443373983,
            10117676.896103008,
            3037699.848347392,
            3679121.8478807486,
            457174.8520725386,
            3999742.1443959866,
            4049193.622022815,
            2059003.744121661,
            1555975.5161533416,
            7929168.478455255,
            7770934.097730106,
            41170.39328573044,
            11282343.017223932,
            8540205.891980445,
            510208.1640640423,
            13429750.23979022,
            14878760.746004254,
            3310310.096358115,
            4807610.920453059,
            4371142.6312823,
            10117677.574790625,
            3037699.723244547,
            3679121.91036871,
            457174.8673260325,
            3999741.9563236223,
            4049193.6181231444,
            2059003.775371046,
            1555975.5453945417,
            7929168.5278697265,
            7770934.025340486,
            41170.39328559176
        ],
        "shape": [
            89
        ],
        "count": 31740282
    },
    "wandb_run_id": "qwkk58u3",
    "wandb_project": "rlgym-ppo",
    "wandb_entity": "gashfraude-epsi",
    "wandb_group": "unnamed-runs",
    "wandb_config": {
        "n_proc": 48,
        "min_inference_size": 36,
        "timestep_limit": 1e+16,
        "exp_buffer_size": 150000,
        "ts_per_iteration": 50000,
        "standardize_returns": true,
        "standardize_obs": true,
        "policy_layer_sizes": [
            512,
            512,
            256
        ],
        "critic_layer_sizes": [
            512,
            512,
            256
        ],
        "ppo_epochs": 2,
        "ppo_batch_size": 50000,
        "ppo_minibatch_size": 50000,
        "ppo_ent_coef": 0.01,
        "ppo_clip_range": 0.2,
        "gae_lambda": 0.95,
        "gae_gamma": 0.99,
        "policy_lr": 0.0002,
        "critic_lr": 0.0002,
        "shm_buffer_size": 8192
    }
}