{
    "cumulative_timesteps": 135098478,
    "cumulative_model_updates": 16112,
    "policy_average_reward": 188.0254355866977,
    "epoch": 2690,
    "ts_since_last_save": 500340,
    "reward_running_stats": {
        "mean": [
            16.92377992444662
        ],
        "var": [
            290989496.81227565
        ],
        "shape": [
            1
        ],
        "count": 405000
    },
    "obs_running_stats": {
        "mean": [
            -4.222454952767252e-12,
            2.377856709769303e-12,
            0.1305103219269784,
            3.6247915777267367e-12,
            -4.88936169904202e-12,
            -0.01921925301800349,
            -4.947387417650306e-12,
            -3.0641057034349857e-12,
            0.009852603660812642,
            0.4721257786132442,
            0.24270396352530785,
            -0.175797539740867,
            0.06876217665272859,
            0.05098490642799167,
            0.16969795229439405,
            0.6228070075160436,
            0.46374158596595266,
            0.9796793793954726,
            0.9772994838926236,
            0.9773336315967143,
            0.9450705088211795,
            0.9437556428756152,
            0.9776001483360984,
            0.9773965000755664,
            0.9767487960629225,
            0.9776428429273804,
            0.9765245437573041,
            0.9761998926226482,
            0.9756680487313654,
            0.9749457369436171,
            0.9737443306493522,
            0.9745599593506624,
            0.9413524115532735,
            0.9736411060718816,
            0.973641093490832,
            0.9413524115532703,
            0.9745599719317514,
            0.9737443432305035,
            0.9749457495246978,
            0.975668061312342,
            0.9761998926226452,
            0.976524556338311,
            0.9776428555085147,
            0.9767487960628962,
            0.9773965126565437,
            0.9776001483361074,
            0.943755642875571,
            0.9450704962401336,
            0.9773336441779628,
            0.9772994964735332,
            0.9796793919767103,
            -0.014572283100791155,
            0.0040718010959021516,
            0.07311401645482127,
            0.06070220486951728,
            0.008217445691403737,
            -0.008018102360935916,
            0.00738277740703753,
            0.005692675165376654,
            0.5904087872498256,
            -0.0017099363781903315,
            0.001254256719705425,
            -0.007515704808443491,
            0.023963137653927012,
            -0.027371106608440787,
            0.04925764268904538,
            0.1156675784207823,
            0.428923006220355,
            0.5018281243612199,
            0.0007328175800432456,
            0.014572279562360149,
            -0.004071801194191791,
            0.07311401173693106,
            -0.06070220447636307,
            -0.008217444413639138,
            -0.008018106292523926,
            -0.007382775441243623,
            -0.005692674280769715,
            0.5904087746687041,
            0.0017099354935828494,
            -0.001254256947000922,
            -0.007515702842649393,
            -0.02396313883339974,
            0.02737111132634556,
            0.049257642689038324,
            0.11566759100190467,
            0.4289230030750478,
            0.5018281337970234,
            0.0007328175831149024
        ],
        "var": [
            6901096.011094857,
            5058139.628699149,
            515530.4965769914,
            943160.1567633637,
            1054727.0337195161,
            489891.5822033923,
            6586374.415955983,
            6328105.497282461,
            2991635.8244771436,
            5253708.905033367,
            4865462.426567372,
            3792358.1795378276,
            4801680.273485104,
            2050976.4609764502,
            2713188.5003080284,
            4530070.686795007,
            4809918.5673377495,
            284706.88907800213,
            328422.4685587045,
            328547.6753004197,
            861308.4537237305,
            881938.2599406545,
            319701.2282418782,
            324110.1068077616,
            329340.0831694794,
            320293.8271428308,
            342546.99743253243,
            341547.0672193383,
            350706.33257641975,
            359535.4158561421,
            378706.99044238596,
            366543.7334512674,
            920855.3438354126,
            380105.7235643025,
            380105.72536395345,
            920855.3360230105,
            366543.73251042824,
            378706.9730291039,
            359535.4109908456,
            350706.32837126544,
            341547.0672193454,
            342546.9908828253,
            320293.82373959606,
            329340.0831694717,
            324109.8647338501,
            319701.228241872,
            881938.2521280558,
            861308.4205883249,
            328547.66872203373,
            328421.61415466043,
            284706.8070576436,
            6597107.036627971,
            4926968.030609974,
            348534.0349076223,
            8264541.132475635,
            8928651.956494648,
            2022412.2119775724,
            3128244.1129193893,
            2911410.1014333097,
            6516788.609096879,
            1775870.0065704254,
            2087385.930336865,
            292230.2449775282,
            2675784.607056661,
            2662761.3983530835,
            1218525.622631726,
            1107985.0297480207,
            4723056.44906641,
            4831540.172486667,
            14127.583934930879,
            6597106.534944503,
            4926968.218122572,
            348534.0279762775,
            8264540.883089482,
            8928651.582094584,
            2022412.2689033956,
            3128244.052020991,
            2911410.2893743515,
            6516789.27066075,
            1775869.881472493,
            2087385.9928283691,
            292230.26036870555,
            2675784.419013976,
            2662761.39599059,
            1218525.6538812444,
            1107985.0485080215,
            4723056.489019993,
            4831540.126148287,
            14127.583934859475
        ],
        "shape": [
            89
        ],
        "count": 19299870
    },
    "wandb_run_id": "qwkk58u3",
    "wandb_project": "rlgym-ppo",
    "wandb_entity": "gashfraude-epsi",
    "wandb_group": "unnamed-runs",
    "wandb_config": {
        "n_proc": 48,
        "min_inference_size": 36,
        "timestep_limit": 1e+16,
        "exp_buffer_size": 150000,
        "ts_per_iteration": 50000,
        "standardize_returns": true,
        "standardize_obs": true,
        "policy_layer_sizes": [
            512,
            512,
            256
        ],
        "critic_layer_sizes": [
            512,
            512,
            256
        ],
        "ppo_epochs": 2,
        "ppo_batch_size": 50000,
        "ppo_minibatch_size": 50000,
        "ppo_ent_coef": 0.01,
        "ppo_clip_range": 0.2,
        "gae_lambda": 0.95,
        "gae_gamma": 0.99,
        "policy_lr": 0.0002,
        "critic_lr": 0.0002,
        "shm_buffer_size": 8192
    }
}