{
    "cumulative_timesteps": 179634402,
    "cumulative_model_updates": 21398,
    "policy_average_reward": 3534.9997869347085,
    "epoch": 3573,
    "ts_since_last_save": 500076,
    "reward_running_stats": {
        "mean": [
            22.8633384405962
        ],
        "var": [
            724434264.6791307
        ],
        "shape": [
            1
        ],
        "count": 538500
    },
    "obs_running_stats": {
        "mean": [
            -3.1756059472414824e-12,
            1.788328352836545e-12,
            0.13342174581651495,
            2.726117818249234e-12,
            -3.677170333828319e-12,
            -0.016092054696388844,
            -3.7208100526018144e-12,
            -2.3044395771066117e-12,
            0.012362211796085421,
            0.5293447707239741,
            0.2558372062192931,
            -0.18870318584874532,
            0.07819582984548692,
            0.05626698644367214,
            0.13394946619206644,
            0.6868930271489371,
            0.3736412792269523,
            0.9790291292982799,
            0.9760989884159835,
            0.9764804471632745,
            0.9384849710515842,
            0.93802180844444,
            0.978318709512999,
            0.9782469545759114,
            0.9782003254394452,
            0.9764463400447823,
            0.9751746599084146,
            0.9776246225812042,
            0.977069816155316,
            0.9765213612797812,
            0.9762410266537748,
            0.9762043784146376,
            0.9356258640030177,
            0.9759501225402251,
            0.9759501130784167,
            0.9356258640030327,
            0.9762043878764787,
            0.9762410361158196,
            0.9765213707416256,
            0.9770698256171897,
            0.9776246225812212,
            0.9751746693702902,
            0.9764463495066223,
            0.9782003254394492,
            0.9782469640378003,
            0.9783187095129735,
            0.9380218084444514,
            0.938484961589741,
            0.9764804566253084,
            0.9760989978778706,
            0.9790291387602763,
            -0.013943203852040766,
            0.0020863846774514974,
            0.06901895869702501,
            0.05314925125889215,
            0.004774735315175372,
            -0.002551953243003171,
            0.010079792336163382,
            0.005333534816589792,
            0.62557259939188,
            -0.0015050778396359914,
            0.0015965955290225512,
            -0.006385298645741673,
            0.018984322790797724,
            -0.03001562795431931,
            0.05864618718410844,
            0.10335322052728312,
            0.5120660750945114,
            0.5770522205367588,
            0.0014186770746032798,
            0.013943201190871581,
            -0.0020863847513720177,
            0.06901895514882722,
            -0.05314925096320833,
            -0.004774734354200062,
            -0.002551956199855365,
            -0.010079790857740882,
            -0.005333534151299,
            0.6255725899298348,
            0.0015050771743444962,
            -0.0015965956999660783,
            -0.006385297167315794,
            -0.018984323677852456,
            0.03001563150254152,
            0.05864618718408941,
            0.10335322998925352,
            0.5120660727290718,
            0.5770522276331618,
            0.0014186770769133114
        ],
        "var": [
            9387556.335952807,
            6948058.375746792,
            678611.7707979463,
            1467863.2530218076,
            1725594.1443342175,
            649997.609640624,
            8913261.948827745,
            8421941.460151225,
            4267417.994578595,
            5938721.105153934,
            6681160.9038065085,
            5561276.5513647795,
            6417362.575100918,
            2576761.2881460367,
            2970813.6447087605,
            5515356.514677803,
            6016122.907630158,
            427362.7105870733,
            498942.24120632705,
            490371.7511712261,
            1340907.909506692,
            1349400.1372338203,
            441395.7880244299,
            443812.56775358727,
            438259.64024913736,
            488651.01301640086,
            521365.5882389106,
            454492.44299728423,
            467473.7219927204,
            476472.092890278,
            480500.5634381504,
            484160.8132159028,
            1400980.365891231,
            487120.21276065765,
            487120.21568149154,
            1400980.3580789894,
            484160.8114765426,
            480500.5448123741,
            476472.0872598765,
            467473.7171068591,
            454492.4429972948,
            521365.5823447174,
            488651.0101942241,
            438259.6402491239,
            443812.3252666993,
            441395.7880244111,
            1349400.129421132,
            1340907.8731732739,
            490371.74500717164,
            498941.3873852511,
            427362.62888249964,
            9045574.86756822,
            6786616.494096998,
            442052.8490416094,
            10931656.43330007,
            12017295.315164365,
            2629335.283947676,
            3928494.1267180643,
            3547195.4363122885,
            8126309.023630129,
            2540194.022913673,
            3025659.570730348,
            395465.067097006,
            3179038.246157803,
            3208382.5330445548,
            1605673.020163941,
            1357878.2473309303,
            6407388.561181496,
            6269813.925135159,
            36349.29962158365,
            9045574.365795488,
            6786616.681618537,
            442052.841364506,
            10931656.183798335,
            12017294.940593125,
            2629335.3417031234,
            3928494.066023835,
            3547195.624241035,
            8126309.702269902,
            2540193.8978090133,
            3025659.6332189287,
            395465.0824024004,
            3179038.0583414584,
            3208382.530200601,
            1605673.0514134367,
            1357878.2720709168,
            6407388.611229689,
            6269813.851398733,
            36349.29962143041
        ],
        "shape": [
            89
        ],
        "count": 25662136
    },
    "wandb_run_id": "qwkk58u3",
    "wandb_project": "rlgym-ppo",
    "wandb_entity": "gashfraude-epsi",
    "wandb_group": "unnamed-runs",
    "wandb_config": {
        "n_proc": 48,
        "min_inference_size": 36,
        "timestep_limit": 1e+16,
        "exp_buffer_size": 150000,
        "ts_per_iteration": 50000,
        "standardize_returns": true,
        "standardize_obs": true,
        "policy_layer_sizes": [
            512,
            512,
            256
        ],
        "critic_layer_sizes": [
            512,
            512,
            256
        ],
        "ppo_epochs": 2,
        "ppo_batch_size": 50000,
        "ppo_minibatch_size": 50000,
        "ppo_ent_coef": 0.01,
        "ppo_clip_range": 0.2,
        "gae_lambda": 0.95,
        "gae_gamma": 0.99,
        "policy_lr": 0.0002,
        "critic_lr": 0.0002,
        "shm_buffer_size": 8192
    }
}