{
    "cumulative_timesteps": 149110582,
    "cumulative_model_updates": 17770,
    "policy_average_reward": 1375.3196269078994,
    "epoch": 2967,
    "ts_since_last_save": 500444,
    "reward_running_stats": {
        "mean": [
            17.92249658493643
        ],
        "var": [
            365163785.12051433
        ],
        "shape": [
            1
        ],
        "count": 447000
    },
    "obs_running_stats": {
        "mean": [
            -3.825667881109778e-12,
            2.1544078384414405e-12,
            0.13053711994052175,
            3.284167357522087e-12,
            -4.429904932154693e-12,
            -0.018214671670752806,
            -4.482477926454922e-12,
            -2.7761695274097585e-12,
            0.010475046350938898,
            0.49241029451877893,
            0.24925760765850585,
            -0.1764540113479118,
            0.07169509236636784,
            0.05453704131186285,
            0.15783185534774488,
            0.6447985531294759,
            0.42874812397799583,
            0.9796660618299662,
            0.9770526109965473,
            0.9771409633552256,
            0.9435473267393821,
            0.9421403081377426,
            0.9779397644602196,
            0.977718072857673,
            0.977298639344748,
            0.9774772169621143,
            0.9762768830242419,
            0.9767119807186697,
            0.9761503083465032,
            0.9755106133862954,
            0.9746083342661408,
            0.9751484124792068,
            0.9400816806009831,
            0.9744067896998887,
            0.9744067783010897,
            0.9400816806010059,
            0.9751484238779193,
            0.9746083456650163,
            0.9755106247850855,
            0.97615031974525,
            0.9767119807186609,
            0.9762768944231003,
            0.9774772283608559,
            0.9772986393447336,
            0.9777180842564168,
            0.9779397644602206,
            0.9421403081377208,
            0.943547315340638,
            0.9771409747542769,
            0.9770526223953024,
            0.9796660732289387,
            -0.014065088002152022,
            0.0035626340251227614,
            0.07157473910022265,
            0.05943026910439488,
            0.005914220639339843,
            -0.006317876975425159,
            0.00817007741697437,
            0.005433818907676225,
            0.5997247587100337,
            -0.0016488225686973226,
            0.0012643740624296556,
            -0.0071452349409377395,
            0.02248674591626137,
            -0.030668157255052796,
            0.05203203592973715,
            0.11081630465118139,
            0.4518338090752545,
            0.5227595417036823,
            0.0008765204273214501,
            0.014065084796229099,
            -0.003562634114175968,
            0.07157473482567606,
            -0.05943026874818806,
            -0.00591421948164855,
            -0.006317880537559691,
            -0.008170075635908283,
            -0.005433818106197065,
            0.5997247473111447,
            0.0016488217672173293,
            -0.001264374268365996,
            -0.007145233159870737,
            -0.02248674698490114,
            0.030668161529613273,
            0.05203203592972666,
            0.11081631605006123,
            0.4518338062255427,
            0.5227595502527154,
            0.0008765204301044907
        ],
        "var": [
            7670066.698599645,
            5642330.5753409555,
            562004.6028036218,
            1082326.399091141,
            1228477.846083495,
            535568.1778029961,
            7324019.721127557,
            6997521.349093275,
            3367502.8185527935,
            5573814.277480539,
            5543027.823919876,
            4365940.742051888,
            5389146.630308579,
            2227709.798479788,
            2825254.668426828,
            4874951.865546482,
            5227578.49924232,
            324828.7880166478,
            377849.8996686238,
            376808.4173468346,
            994054.8189254424,
            1018674.7144935544,
            356622.4960261975,
            361790.8543261632,
            363626.13431863947,
            367415.93866989657,
            393461.8528235154,
            377659.8504299557,
            388449.1881784734,
            396994.04755366984,
            412429.6316954792,
            404267.6301518244,
            1055225.9151076677,
            416015.2953146751,
            416015.29748614674,
            1055225.9072952305,
            404267.62892530416,
            412429.6138626081,
            396994.0424140948,
            388449.1837391468,
            377659.8504299723,
            393461.8463940813,
            367415.9353471209,
            363626.13431862387,
            361790.6120960838,
            356622.49602619,
            1018674.7066809617,
            994054.7850503366,
            376808.4108620168,
            377849.0453844514,
            324828.70600277465,
            7339524.547257438,
            5492465.253692092,
            378010.9248873369,
            9109048.044101525,
            9893753.020134665,
            2211357.9557802766,
            3394266.1434586975,
            3132483.068720168,
            7097103.312773245,
            1995087.2946428058,
            2352048.0082076075,
            321568.0066067196,
            2877915.7710425844,
            2878729.38769211,
            1349749.948321037,
            1184379.7494908106,
            5271570.397690258,
            5321002.016143985,
            18649.58262025049,
            7339524.045503931,
            5492465.441206649,
            378010.9176756635,
            9109047.794697415,
            9893752.645621084,
            2211358.012964123,
            3394266.0826198277,
            3132483.256652364,
            7097103.978860927,
            1995087.1695425613,
            2352048.0706992084,
            321568.0219698047,
            2877915.5830668057,
            2878729.3847295055,
            1349749.9795704172,
            1184379.7706067686,
            5271570.440425147,
            5321001.962182588,
            18649.58262016187
        ],
        "shape": [
            89
        ],
        "count": 21301596
    },
    "wandb_run_id": "qwkk58u3",
    "wandb_project": "rlgym-ppo",
    "wandb_entity": "gashfraude-epsi",
    "wandb_group": "unnamed-runs",
    "wandb_config": {
        "n_proc": 48,
        "min_inference_size": 36,
        "timestep_limit": 1e+16,
        "exp_buffer_size": 150000,
        "ts_per_iteration": 50000,
        "standardize_returns": true,
        "standardize_obs": true,
        "policy_layer_sizes": [
            512,
            512,
            256
        ],
        "critic_layer_sizes": [
            512,
            512,
            256
        ],
        "ppo_epochs": 2,
        "ppo_batch_size": 50000,
        "ppo_minibatch_size": 50000,
        "ppo_ent_coef": 0.01,
        "ppo_clip_range": 0.2,
        "gae_lambda": 0.95,
        "gae_gamma": 0.99,
        "policy_lr": 0.0002,
        "critic_lr": 0.0002,
        "shm_buffer_size": 8192
    }
}