{
    "cumulative_timesteps": 132096116,
    "cumulative_model_updates": 15762,
    "policy_average_reward": 746.1320033418593,
    "epoch": 2631,
    "ts_since_last_save": 500520,
    "reward_running_stats": {
        "mean": [
            17.052118790226412
        ],
        "var": [
            286881086.0543699
        ],
        "shape": [
            1
        ],
        "count": 396000
    },
    "obs_running_stats": {
        "mean": [
            -4.318424872910891e-12,
            2.431901741485829e-12,
            0.1307011320957969,
            3.7071775260326875e-12,
            -5.000489385333041e-12,
            -0.019296079887470556,
            -5.059833940856613e-12,
            -3.1337481209886435e-12,
            0.010362765627635702,
            0.46767724614924494,
            0.2405420064938947,
            -0.1777984136472078,
            0.06901912896526036,
            0.049253716989319976,
            0.17224672587163428,
            0.6196460615069999,
            0.47230704628287296,
            0.9795655178582291,
            0.9772250609266577,
            0.9772267591045025,
            0.9450402136935125,
            0.9436543414832672,
            0.9774802034399577,
            0.9772800872532975,
            0.9766063217482494,
            0.9775529607302826,
            0.9764292751119437,
            0.9760701665146455,
            0.975544357710475,
            0.9748185058115418,
            0.9736243438341521,
            0.9744027634983828,
            0.9412446046558086,
            0.9735002261063196,
            0.9735002132393098,
            0.9412446046558008,
            0.9744027763654353,
            0.9736243567012579,
            0.974818518678566,
            0.9755443705773975,
            0.9760701665146468,
            0.9764292879788988,
            0.9775529735973894,
            0.9766063217482243,
            0.9772801001202165,
            0.9774802034399592,
            0.9436543414832163,
            0.9450402008265628,
            0.9772267719717209,
            0.9772250737935236,
            0.9795655307254181,
            -0.014284191101704745,
            0.0042264453556955075,
            0.07348892242637348,
            0.06078896775488435,
            0.008708700625403408,
            -0.008316894181738053,
            0.007063701940503035,
            0.00560736190140647,
            0.5890276437235002,
            -0.0016696581556060375,
            0.0012807466852424439,
            -0.007527185886021784,
            0.024126250794159157,
            -0.026614150522275854,
            0.04847684568742432,
            0.11665991257564641,
            0.4255625261744359,
            0.4987673952454243,
            0.0007304494613761104,
            0.014284187482851169,
            -0.0042264454562191195,
            0.07348891760124947,
            -0.06078896735279333,
            -0.008708699318597217,
            -0.008316898202685184,
            -0.007063699930029707,
            -0.005607360996693857,
            0.5890276308564488,
            0.0016696572508927588,
            -0.0012807469177040854,
            -0.00752718387554812,
            -0.024126252000439392,
            0.02661415534741168,
            0.0484768456874166,
            0.11665992544271782,
            0.42556252295765273,
            0.4987674048956956,
            0.0007304494645176096
        ],
        "var": [
            6742315.433631754,
            4942256.729347128,
            505468.13486842485,
            922333.3812445798,
            1030346.7194565824,
            480320.44843062107,
            6438343.836041155,
            6188880.390554845,
            2924251.5966300042,
            5141318.545206369,
            4701819.309770912,
            3663254.490871602,
            4650557.182319939,
            2008842.4246179888,
            2684406.1434789533,
            4443774.636878822,
            4713592.44255926,
            278229.42749698745,
            320247.62338375597,
            320971.3908987142,
            839551.7524559096,
            860867.8461567331,
            312470.759742977,
            316731.6762472692,
            322162.5480551495,
            312539.2183343313,
            334427.7872229979,
            333913.17446926056,
            342744.3864543851,
            351339.0335720699,
            369886.491181448,
            358724.9219859229,
            898971.7429368127,
            371616.19819858245,
            371616.19992982136,
            898971.7351243906,
            358724.9211214241,
            369886.4738264324,
            351339.0287685639,
            342744.3823092912,
            333913.1744692647,
            334427.7807195159,
            312539.21497474954,
            322162.54805514007,
            316731.4342298915,
            312470.7597429749,
            860867.8383441411,
            839551.7193057896,
            320971.3843722376,
            320246.7690158523,
            278229.34553194325,
            6448888.874129666,
            4818831.769909625,
            341594.6650101884,
            8081970.475294677,
            8721761.064651804,
            1984154.783585444,
            3070038.3410040517,
            2860423.1307332097,
            6377465.894280893,
            1739408.5428213768,
            2043960.1883470428,
            287190.05491602194,
            2621905.393160884,
            2607989.0010294085,
            1190257.8528388045,
            1090895.3438212692,
            4608768.394691528,
            4724349.002472787,
            13768.879659262524,
            6448888.372407079,
            4818831.95742135,
            341594.6581471173,
            8081970.225909938,
            8721760.690276446,
            1984154.8404658593,
            3070038.280081323,
            2860423.318671526,
            6377466.555174119,
            1739408.4177220142,
            2043960.2508384164,
            287190.0703080684,
            2621905.2051107506,
            2607988.99880458,
            1190257.884088369,
            1090895.362099398,
            4608768.434237056,
            4724348.957249283,
            13768.879659191412
        ],
        "shape": [
            89
        ],
        "count": 18870962
    },
    "wandb_run_id": "qwkk58u3",
    "wandb_project": "rlgym-ppo",
    "wandb_entity": "gashfraude-epsi",
    "wandb_group": "unnamed-runs",
    "wandb_config": {
        "n_proc": 48,
        "min_inference_size": 36,
        "timestep_limit": 1e+16,
        "exp_buffer_size": 150000,
        "ts_per_iteration": 50000,
        "standardize_returns": true,
        "standardize_obs": true,
        "policy_layer_sizes": [
            512,
            512,
            256
        ],
        "critic_layer_sizes": [
            512,
            512,
            256
        ],
        "ppo_epochs": 2,
        "ppo_batch_size": 50000,
        "ppo_minibatch_size": 50000,
        "ppo_ent_coef": 0.01,
        "ppo_clip_range": 0.2,
        "gae_lambda": 0.95,
        "gae_gamma": 0.99,
        "policy_lr": 0.0002,
        "critic_lr": 0.0002,
        "shm_buffer_size": 8192
    }
}