{
    "cumulative_timesteps": 28515438,
    "cumulative_model_updates": 3410,
    "policy_average_reward": 333.71352259199546,
    "epoch": 569,
    "ts_since_last_save": 500366,
    "reward_running_stats": {
        "mean": [
            10.963762283325195
        ],
        "var": [
            16655089.0
        ],
        "shape": [
            1
        ],
        "count": 85500
    },
    "obs_running_stats": {
        "mean": [
            -2.0004475506651964e-11,
            1.1265431296147987e-11,
            0.15581010282039642,
            1.717296096992449e-11,
            -2.316404013047446e-11,
            -0.031790390610694885,
            -2.3438945229159458e-11,
            -1.451663268758896e-11,
            0.0008626371272839606,
            0.0667644739151001,
            0.04307495430111885,
            0.14455033838748932,
            0.11437918245792389,
            -0.044514138251543045,
            0.4214244484901428,
            0.2805473804473877,
            0.6374274492263794,
            0.9636143445968628,
            0.9634042978286743,
            0.9637874960899353,
            0.9328652024269104,
            0.9328444004058838,
            0.96115642786026,
            0.9615432024002075,
            0.9583675861358643,
            0.9625912308692932,
            0.9630372524261475,
            0.9593090415000916,
            0.958965003490448,
            0.9568834900856018,
            0.9539743661880493,
            0.9565348029136658,
            0.9288431406021118,
            0.9538476467132568,
            0.9538475871086121,
            0.9288431406021118,
            0.9565348625183105,
            0.9539744257926941,
            0.9568835496902466,
            0.9589650630950928,
            0.9593090415000916,
            0.9630373120307922,
            0.962591290473938,
            0.9583675861358643,
            0.9615432620048523,
            0.96115642786026,
            0.9328444004058838,
            0.9328651428222656,
            0.9637875556945801,
            0.9634043574333191,
            0.9636144042015076,
            -0.026901695877313614,
            0.007394494488835335,
            0.11117488145828247,
            0.020059168338775635,
            -0.003942463546991348,
            0.0287146158516407,
            -0.013723679818212986,
            -0.007226007524877787,
            0.5151140689849854,
            -0.004586126655340195,
            0.00026617912226356566,
            -0.010597553104162216,
            0.012033948674798012,
            -0.014397997409105301,
            0.007545258849859238,
            0.21864765882492065,
            0.0998346135020256,
            0.20300500094890594,
            0.0001284532918361947,
            0.02690167911350727,
            -0.007394494954496622,
            0.11117485910654068,
            -0.020059166476130486,
            0.003942469600588083,
            0.02871459722518921,
            0.013723689131438732,
            0.007226011715829372,
            0.5151140093803406,
            0.004586122464388609,
            -0.00026618019910529256,
            -0.01059754379093647,
            -0.01203395426273346,
            0.014398019760847092,
            0.007545258849859238,
            0.21864771842956543,
            0.09983459860086441,
            0.20300504565238953,
            0.00012845330638810992
        ],
        "var": [
            1316761.125,
            958493.9375,
            147478.96875,
            172833.734375,
            178758.46875,
            139643.34375,
            1211817.0,
            1207402.75,
            534760.0625,
            465225.34375,
            473190.59375,
            407607.03125,
            567159.625,
            357319.59375,
            987106.875,
            818419.25,
            951818.875,
            43323.0625,
            43876.2265625,
            43183.19140625,
            114537.3359375,
            112684.9921875,
            49162.46484375,
            48364.01953125,
            53567.125,
            45142.87890625,
            45120.38671875,
            52159.2890625,
            52835.06640625,
            56178.0546875,
            64146.9296875,
            57414.33984375,
            124594.5,
            64126.8984375,
            64126.890625,
            124594.4921875,
            57414.34765625,
            64146.921875,
            56178.05859375,
            52835.0703125,
            52159.2890625,
            45120.38671875,
            45142.8828125,
            53567.125,
            48363.78515625,
            49162.46484375,
            112684.984375,
            114537.296875,
            43183.19140625,
            43875.37890625,
            43322.98828125,
            1290863.375,
            985768.625,
            91945.7109375,
            1697091.5,
            1755705.875,
            605265.875,
            823106.3125,
            796373.8125,
            1358184.0,
            329282.625,
            372819.6875,
            93883.8203125,
            602444.75,
            611276.0625,
            225639.625,
            347135.78125,
            361687.3125,
            665742.125,
            517.8811645507812,
            1290862.875,
            985768.8125,
            91945.7109375,
            1697091.25,
            1755705.5,
            605265.9375,
            823106.25,
            796374.0,
            1358184.625,
            329282.5,
            372819.75,
            93883.8359375,
            602444.5625,
            611276.0625,
            225639.65625,
            347135.75,
            361687.3125,
            665742.1875,
            517.8811645507812
        ],
        "shape": [
            89
        ],
        "count": 4073730
    },
    "wandb_run_id": "qwkk58u3",
    "wandb_project": "rlgym-ppo",
    "wandb_entity": "gashfraude-epsi",
    "wandb_group": "unnamed-runs",
    "wandb_config": {
        "n_proc": 48,
        "min_inference_size": 36,
        "timestep_limit": 1e+16,
        "exp_buffer_size": 150000,
        "ts_per_iteration": 50000,
        "standardize_returns": true,
        "standardize_obs": true,
        "policy_layer_sizes": [
            512,
            512,
            256
        ],
        "critic_layer_sizes": [
            512,
            512,
            256
        ],
        "ppo_epochs": 2,
        "ppo_batch_size": 50000,
        "ppo_minibatch_size": 50000,
        "ppo_ent_coef": 0.01,
        "ppo_clip_range": 0.2,
        "gae_lambda": 0.95,
        "gae_gamma": 0.99,
        "policy_lr": 0.0002,
        "critic_lr": 0.0002,
        "shm_buffer_size": 8192
    }
}