{
    "cumulative_timesteps": 315618632,
    "cumulative_model_updates": 37658,
    "policy_average_reward": 268.6041112902925,
    "epoch": 6285,
    "ts_since_last_save": 300228,
    "reward_running_stats": {
        "mean": [
            17.224149675541057
        ],
        "var": [
            1266008316.4644446
        ],
        "shape": [
            1
        ],
        "count": 946050
    },
    "obs_running_stats": {
        "mean": [
            -1.8073991846964762e-12,
            1.0178288086081589e-12,
            0.12726661313563684,
            1.5515725895079574e-12,
            -2.09286504406803e-12,
            -0.012695945361113261,
            -2.1177026302375615e-12,
            -1.3115740099036369e-12,
            0.0032646772817201603,
            0.59147326829396,
            0.29705664356217965,
            -0.20330615418730033,
            0.017067179585018844,
            0.03372018716933801,
            0.13642023945616338,
            0.7341075555254601,
            0.283117200890756,
            0.9795005750921504,
            0.9763981027823372,
            0.977062220642442,
            0.9327962725596981,
            0.93714116020789,
            0.980321364212386,
            0.9801541288201685,
            0.9805247203134622,
            0.976229673507788,
            0.9762624750640418,
            0.980221876360488,
            0.9798674725775313,
            0.9793692402672541,
            0.9794540960237171,
            0.9792011826591206,
            0.9316211868876166,
            0.9792449023054709,
            0.9792448969203226,
            0.9316211868876327,
            0.9792011880444508,
            0.9794541014089946,
            0.9793692456524742,
            0.9798674779627552,
            0.9802218763604985,
            0.976262480449275,
            0.9762296788929804,
            0.9805247203134404,
            0.9801541342054672,
            0.9803213642123663,
            0.9371411602078565,
            0.9327962671742658,
            0.9770622260276304,
            0.9763981081675646,
            0.9795005804774658,
            -0.01121459866096907,
            0.008260573733462501,
            0.06211086677653875,
            0.07065786890516178,
            0.00949517588529271,
            -0.0028878886257331046,
            0.010284882489535753,
            0.008056294908896193,
            0.6015308889736548,
            -0.0013849463958500207,
            0.0014830557952871689,
            -0.004714081101987678,
            0.03804489177745764,
            -0.04999302046053628,
            0.05152740616814066,
            0.08687290221210374,
            0.470924955686279,
            0.5416176976427276,
            0.0011531618789784267,
            0.011214597146367964,
            -0.008260573775536672,
            0.062110864757066966,
            -0.07065786873690504,
            -0.009495175338355939,
            -0.0028878903086280586,
            -0.010284881648089501,
            -0.008056294530246885,
            0.6015308835883748,
            0.0013849460171986754,
            -0.001483055892580287,
            -0.004714080260539657,
            -0.038044892282330815,
            0.04999302248003096,
            0.05152740616814229,
            0.08687290759735104,
            0.47092495433986176,
            0.5416177016816923,
            0.0011531618802931426
        ],
        "var": [
            16592124.734175924,
            13002902.766999895,
            1076404.6615770336,
            2611662.9954729313,
            3581627.0064603947,
            1034720.5383705666,
            16367881.071791396,
            14707316.214233726,
            7610899.877121132,
            10935778.360924874,
            14530714.21022164,
            12321983.853964932,
            12584850.36604758,
            4403072.589157264,
            5305685.668066716,
            8797154.984332759,
            9161559.774341656,
            805830.9796597613,
            939307.4487974677,
            911511.342891901,
            2685886.143626398,
            2513535.9906397476,
            766889.5580438154,
            774787.287107943,
            752037.5076403001,
            944741.4650164363,
            944992.1046638035,
            767267.9462276193,
            781998.5109997106,
            799124.3361394069,
            792630.1758947449,
            806326.676066201,
            2727623.6461829212,
            801184.1686784294,
            801184.1731994256,
            2727623.6383709493,
            806326.6728716663,
            792630.1557085277,
            799124.3291260055,
            781998.5047551912,
            767267.9462276477,
            944992.0982412231,
            944741.4622994543,
            752037.5076403017,
            774787.0436949347,
            766889.5580438202,
            2513535.9828271284,
            2685886.1045312146,
            911511.3364453799,
            939306.594831267,
            805830.8977264193,
            16109357.292435268,
            12626654.97544731,
            628064.4425905392,
            18733399.780056167,
            21121592.770950977,
            4993307.45322327,
            6982537.699539247,
            6534877.372952265,
            15234410.14124466,
            4108001.9052738575,
            5341366.136968475,
            580612.0990837337,
            6341026.958089491,
            6325595.742794342,
            3302327.036752254,
            2082923.4766096822,
            11229587.823170913,
            11200655.497570736,
            51928.990555840464,
            16109356.790292641,
            12626655.162948081,
            628064.4336551818,
            18733399.53081797,
            21121592.39660764,
            4993307.51092885,
            6982537.638859505,
            6534877.560973928,
            15234410.808213074,
            4108001.7801667075,
            5341366.199456697,
            580612.1142623116,
            6341026.769406645,
            6325595.736313249,
            3302327.0680017876,
            2082923.509353016,
            11229587.868223475,
            11200655.436738212,
            51928.990555717355
        ],
        "shape": [
            89
        ],
        "count": 45088452
    },
    "wandb_run_id": "qwkk58u3",
    "wandb_project": "rlgym-ppo",
    "wandb_entity": "gashfraude-epsi",
    "wandb_group": "unnamed-runs",
    "wandb_config": {
        "n_proc": 48,
        "min_inference_size": 36,
        "timestep_limit": 1e+16,
        "exp_buffer_size": 150000,
        "ts_per_iteration": 50000,
        "standardize_returns": true,
        "standardize_obs": true,
        "policy_layer_sizes": [
            512,
            512,
            256
        ],
        "critic_layer_sizes": [
            512,
            512,
            256
        ],
        "ppo_epochs": 2,
        "ppo_batch_size": 50000,
        "ppo_minibatch_size": 50000,
        "ppo_ent_coef": 0.01,
        "ppo_clip_range": 0.2,
        "gae_lambda": 0.95,
        "gae_gamma": 0.99,
        "policy_lr": 0.0002,
        "critic_lr": 0.0002,
        "shm_buffer_size": 8192
    }
}