{
    "cumulative_timesteps": 272237220,
    "cumulative_model_updates": 32472,
    "policy_average_reward": 589.0760920799164,
    "epoch": 5420,
    "ts_since_last_save": 500474,
    "reward_running_stats": {
        "mean": [
            19.019257376039867
        ],
        "var": [
            964870253.2223239
        ],
        "shape": [
            1
        ],
        "count": 816000
    },
    "obs_running_stats": {
        "mean": [
            -2.095410270109261e-12,
            1.1800209722965017e-12,
            0.12999189380660686,
            1.7988174210632806e-12,
            -2.4263654397397604e-12,
            -0.01319490309633507,
            -2.455160921306278e-12,
            -1.5205747982899275e-12,
            0.0038480773742470553,
            0.5811346258895955,
            0.27829186154087726,
            -0.2117760117456907,
            0.025965943813965785,
            0.041669252288006935,
            0.13296271097811466,
            0.7327309577984897,
            0.30296865588916,
            0.9790918198018539,
            0.976207390074361,
            0.976773741774106,
            0.9328322580941317,
            0.9367398415540081,
            0.9799584474412271,
            0.9797775221615678,
            0.9801511395963434,
            0.9758769748389995,
            0.9757445530951763,
            0.979824490008876,
            0.9794025293614013,
            0.9789197063304601,
            0.9790750635497865,
            0.9787602236776242,
            0.9313418970855649,
            0.978842254022734,
            0.978842247779379,
            0.9313418970856848,
            0.9787602299210393,
            0.9790750697932572,
            0.9789197125738353,
            0.9794025356047822,
            0.9798244900088809,
            0.9757445593385488,
            0.9758769810823651,
            0.9801511395963368,
            0.9797775284049903,
            0.979958447441191,
            0.9367398415539894,
            0.9328322518505617,
            0.9767737480175088,
            0.9762073963176976,
            0.9790918260453688,
            -0.012292575051172623,
            0.008844791229068234,
            0.06366546713192027,
            0.06698547585198984,
            0.011618011751227933,
            0.0021853824335082437,
            0.010738322572569186,
            0.006143253855106361,
            0.6165734262413654,
            -0.001470438138616957,
            0.0016609401596404418,
            -0.00503245093010192,
            0.03385017982098036,
            -0.04716393811799064,
            0.055216332576286886,
            0.0886310893625727,
            0.49440628616837456,
            0.5604418995116277,
            0.0012281800141098862,
            0.012292573295214118,
            -0.008844791277844719,
            0.06366546479065073,
            -0.06698547565689195,
            -0.011618011117134685,
            0.002185380482441584,
            -0.010738321597037843,
            -0.006143253416118808,
            0.6165734199978745,
            0.0014704376996269235,
            -0.0016609402724372417,
            -0.005032449954569869,
            -0.03385018040630621,
            0.04716394045928367,
            0.05521633257628568,
            0.08863109560599347,
            0.49440628460734726,
            0.5604419041942541,
            0.00122818001563405
        ],
        "var": [
            14356159.70706816,
            11082417.632138316,
            960953.6200053013,
            2294413.39241523,
            3008529.943347445,
            923705.5297036135,
            13908039.046210844,
            12721843.088166036,
            6598582.4681005785,
            9274025.805433432,
            11807574.424885746,
            9978697.45818791,
            10299023.996607827,
            3693240.6680758027,
            4477334.337774889,
            7612466.490481389,
            8223296.16232304,
            696632.0120095827,
            803556.1489543717,
            783320.096585445,
            2296179.508485883,
            2162104.7064390243,
            660887.8506017674,
            668296.2964459213,
            647650.736710738,
            813990.1938123467,
            820550.4201913754,
            661957.711100079,
            677087.923106683,
            690659.8708698467,
            682045.9643223948,
            696538.6532207618,
            2342206.843221873,
            690230.4913744617,
            690230.4956998386,
            2342206.835409797,
            696538.6502402424,
            682045.9443202763,
            690659.8640747654,
            677087.9170879661,
            661957.7111000905,
            820550.4140203076,
            813990.1912666186,
            647650.7367107627,
            668296.0532157676,
            660887.8506017596,
            2162104.698626415,
            2296179.469408322,
            783320.0902789686,
            803555.2950807952,
            696631.9302747127,
            13940189.788922435,
            10795180.08163981,
            574478.6425071794,
            16283464.940307159,
            18260653.280621964,
            4156444.8377593555,
            5907013.75681301,
            5444793.222226214,
            12734245.709182544,
            3654934.086828093,
            4612358.501318317,
            524714.9788902036,
            5135226.471329791,
            5172008.987801526,
            2663520.9531853925,
            1820438.988856742,
            9717151.32726159,
            9587336.767429784,
            47701.28401489247,
            13940189.28692446,
            10795180.269139174,
            574478.6338550065,
            16283464.691016018,
            18260652.906384844,
            4156444.8962340397,
            5907013.696169417,
            5444793.41018315,
            12734246.38345327,
            3654933.9617235535,
            4612358.563804989,
            524714.9940928872,
            5135226.282837618,
            5172008.981834586,
            2663520.9844349893,
            1820439.0207462376,
            9717151.375165707,
            9587336.699741537,
            47701.28401476171
        ],
        "shape": [
            89
        ],
        "count": 38891110
    },
    "wandb_run_id": "qwkk58u3",
    "wandb_project": "rlgym-ppo",
    "wandb_entity": "gashfraude-epsi",
    "wandb_group": "unnamed-runs",
    "wandb_config": {
        "n_proc": 48,
        "min_inference_size": 36,
        "timestep_limit": 1e+16,
        "exp_buffer_size": 150000,
        "ts_per_iteration": 50000,
        "standardize_returns": true,
        "standardize_obs": true,
        "policy_layer_sizes": [
            512,
            512,
            256
        ],
        "critic_layer_sizes": [
            512,
            512,
            256
        ],
        "ppo_epochs": 2,
        "ppo_batch_size": 50000,
        "ppo_minibatch_size": 50000,
        "ppo_ent_coef": 0.01,
        "ppo_clip_range": 0.2,
        "gae_lambda": 0.95,
        "gae_gamma": 0.99,
        "policy_lr": 0.0002,
        "critic_lr": 0.0002,
        "shm_buffer_size": 8192
    }
}