{
    "cumulative_timesteps": 161620644,
    "cumulative_model_updates": 19264,
    "policy_average_reward": 1408.8934338657632,
    "epoch": 3216,
    "ts_since_last_save": 500312,
    "reward_running_stats": {
        "mean": [
            19.56474436421101
        ],
        "var": [
            469548435.7032233
        ],
        "shape": [
            1
        ],
        "count": 484500
    },
    "obs_running_stats": {
        "mean": [
            -3.5295477565167603e-12,
            1.9876491090065245e-12,
            0.1316212291826309,
            3.0299612725397896e-12,
            -4.087014739024282e-12,
            -0.017248036382814823,
            -4.135518394054739e-12,
            -2.5612842627921076e-12,
            0.011540108426075312,
            0.5091580699187964,
            0.25270575899994463,
            -0.1817542830988072,
            0.07505549189618267,
            0.05690890027480227,
            0.147169899073263,
            0.6646480185692251,
            0.4032376779031966,
            0.9793829281162673,
            0.9765970828469241,
            0.9768737131260304,
            0.9413100200886442,
            0.9402569641186145,
            0.9781077662193948,
            0.9779435136889926,
            0.9777165371680201,
            0.9770256372923788,
            0.9758151328929726,
            0.9771591762336732,
            0.9765617631928888,
            0.9759671218205609,
            0.9753558722838236,
            0.9756540923735008,
            0.9382825800571487,
            0.9750854712439688,
            0.9750854607276558,
            0.9382825800571387,
            0.9756541028899229,
            0.97535588280046,
            0.9759671323370862,
            0.9765617737093478,
            0.9771591762336798,
            0.9758151434094962,
            0.9770256478088032,
            0.9777165371679927,
            0.9779435242054212,
            0.978107766219393,
            0.9402569641186167,
            0.9413100095722091,
            0.9768737236427364,
            0.9765970933633875,
            0.9793829386329083,
            -0.013681298622312805,
            0.0031809197904729474,
            0.0704167042815931,
            0.05692487159634081,
            0.004711041516310741,
            -0.004669024773661249,
            0.008620086229444292,
            0.005067038441107565,
            0.6104447284721356,
            -0.0015807487644904172,
            0.001443713906498895,
            -0.006792076926117294,
            0.02065316837360701,
            -0.03111488828289009,
            0.05492436674190837,
            0.10731103634388181,
            0.4774456464660964,
            0.5458159383153661,
            0.0010841768551895419,
            0.013681295664539087,
            -0.0031809198726324615,
            0.07041670033792212,
            -0.05692487126770287,
            -0.004711040448229048,
            -0.004669028060074169,
            -0.0086200845862394,
            -0.005067037701666009,
            0.6104447179555338,
            0.001580748025047882,
            -0.0014437140964950843,
            -0.006792075282910581,
            -0.020653169359530592,
            0.031114892226584492,
            0.054924366741898774,
            0.10731104686044768,
            0.4774456438369859,
            0.5458159462027827,
            0.0010841768577571978
        ],
        "var": [
            8374003.176692955,
            6176961.381080968,
            608425.9217104698,
            1235509.6023334027,
            1425038.0611658834,
            581162.6379076063,
            7977038.531163298,
            7587868.189306905,
            3735282.4662342565,
            5724478.476374617,
            6021653.874804083,
            4850888.428869176,
            5832327.099408845,
            2375939.901585577,
            2891715.811184225,
            5142449.732241188,
            5566331.872807337,
            366699.15177794645,
            427949.32470111555,
            422613.81674580544,
            1134957.4643215307,
            1154465.9508150162,
            391469.2617727301,
            395750.35036971944,
            394061.17010997015,
            416712.9889852183,
            445003.3112160644,
            408460.91085485945,
            421004.8775392723,
            429659.6747117549,
            440259.9940777657,
            436476.2898804576,
            1192379.056247815,
            445705.14139259653,
            445705.1438935638,
            1192379.0484354456,
            436476.28840832703,
            440259.97588184796,
            429659.66935050226,
            421004.8729001399,
            408460.9108548733,
            445003.30501085473,
            416712.9858817353,
            394061.17010996444,
            395750.10803016624,
            391469.2617727196,
            1154465.9430023795,
            1134957.4293599485,
            422613.81039076636,
            427948.47063812974,
            366699.06990158226,
            8031895.846590657,
            6021693.342370767,
            404321.1709960302,
            9856955.408615269,
            10762246.577148058,
            2383105.2332956945,
            3617968.204510422,
            3308003.014412175,
            7542460.019005164,
            2216919.4004477113,
            2623473.955410762,
            351578.36214431166,
            3010348.701626555,
            3028343.0000456725,
            1456503.4705833439,
            1254672.7945952998,
            5756031.997032462,
            5730358.081965979,
            24999.808959129467,
            8031895.344784075,
            6021693.52988707,
            404321.163573473,
            9856955.15917245,
            10762246.202573638,
            2383105.290729678,
            3617968.143705692,
            3308003.2023319732,
            7542460.690298463,
            2216919.275345236,
            2623474.017900733,
            351578.3774806052,
            3010348.5137338974,
            3028342.9970015264,
            1456503.5018328882,
            1254672.8174134428,
            5756032.042876312,
            5730358.019607068,
            24999.808959016234
        ],
        "shape": [
            89
        ],
        "count": 23088746
    },
    "wandb_run_id": "qwkk58u3",
    "wandb_project": "rlgym-ppo",
    "wandb_entity": "gashfraude-epsi",
    "wandb_group": "unnamed-runs",
    "wandb_config": {
        "n_proc": 48,
        "min_inference_size": 36,
        "timestep_limit": 1e+16,
        "exp_buffer_size": 150000,
        "ts_per_iteration": 50000,
        "standardize_returns": true,
        "standardize_obs": true,
        "policy_layer_sizes": [
            512,
            512,
            256
        ],
        "critic_layer_sizes": [
            512,
            512,
            256
        ],
        "ppo_epochs": 2,
        "ppo_batch_size": 50000,
        "ppo_minibatch_size": 50000,
        "ppo_ent_coef": 0.01,
        "ppo_clip_range": 0.2,
        "gae_lambda": 0.95,
        "gae_gamma": 0.99,
        "policy_lr": 0.0002,
        "critic_lr": 0.0002,
        "shm_buffer_size": 8192
    }
}