{
    "cumulative_timesteps": 278795064,
    "cumulative_model_updates": 33252,
    "policy_average_reward": 481.06224668472856,
    "epoch": 5550,
    "ts_since_last_save": 50030,
    "reward_running_stats": {
        "mean": [
            18.868884338697413
        ],
        "var": [
            982918170.5654972
        ],
        "shape": [
            1
        ],
        "count": 835650
    },
    "obs_running_stats": {
        "mean": [
            -2.0461219717207427e-12,
            1.1522644877218762e-12,
            0.12986293610058156,
            1.7565055882158311e-12,
            -2.3692924047387425e-12,
            -0.013044505720856938,
            -2.3974105554597983e-12,
            -1.4848077981785943e-12,
            0.003406735179578412,
            0.5839590334343215,
            0.2787446587663659,
            -0.21082790994866638,
            0.02450149838049337,
            0.04101024002112416,
            0.13304087247255675,
            0.7313722817363246,
            0.2995860726011195,
            0.9790580870560452,
            0.9761523966739268,
            0.9767264922449821,
            0.9323629650852059,
            0.9364898228052808,
            0.9800132985741298,
            0.9798266109320884,
            0.9802316631425123,
            0.9758079346232463,
            0.9757551568899734,
            0.9799062191517787,
            0.9794983015862744,
            0.9790171940601698,
            0.9791979218101738,
            0.9788599813907259,
            0.9309820805001621,
            0.9789609971794025,
            0.9789609910829452,
            0.9309820805002641,
            0.9788599874873043,
            0.9791979279067764,
            0.9790172001566934,
            0.979498307682786,
            0.9799062191517901,
            0.9757551629865042,
            0.9758079407197595,
            0.9802316631425148,
            0.9798266170286577,
            0.9800132985740886,
            0.9364898228052665,
            0.9323629589884839,
            0.9767264983415148,
            0.9761524027704308,
            0.9790580931526882,
            -0.012019150419043157,
            0.008740271042422327,
            0.06332494392896995,
            0.06788137705663498,
            0.012116094164329589,
            0.0022406710719287777,
            0.010638500530660166,
            0.00648623922835849,
            0.615483494386464,
            -0.001451854877756766,
            0.0016560305743662678,
            -0.004955344478161018,
            0.03508614977169491,
            -0.04833383362166326,
            0.05490791256475956,
            0.08871983007860779,
            0.49304544216654933,
            0.5589835006927925,
            0.0012341908492325847,
            0.012019148704389969,
            -0.008740271090052846,
            0.06332494164277196,
            -0.0678813768661298,
            -0.012116093545152078,
            0.0022406691667552973,
            -0.010638499578074962,
            -0.006486238799697324,
            0.6154834882898298,
            0.0014518544490924978,
            -0.001656030684509834,
            -0.004955343525575538,
            -0.03508615034324987,
            0.048333835907884225,
            0.05490791256475957,
            0.08871983617516938,
            0.49304544064224914,
            0.5589835052652481,
            0.0012341908507209115
        ],
        "var": [
            14703009.022634227,
            11390105.947901022,
            979790.8104857939,
            2355568.874518659,
            3119745.626869127,
            943223.2083990292,
            14278412.205770979,
            13019454.32723677,
            6772364.165490246,
            9494041.84366783,
            12215710.78371363,
            10333558.730258126,
            10596963.95519857,
            3791266.318823273,
            4587620.899942572,
            7821046.741776128,
            8367591.142522,
            717097.2473059901,
            827401.4730761342,
            806368.2073269018,
            2371049.3438881026,
            2226315.294381478,
            677190.0043080681,
            684982.1576373036,
            662796.7012286639,
            838661.1776033303,
            842320.7387301973,
            677353.4524116769,
            692329.2349662671,
            706272.8816231198,
            696549.9470680138,
            712209.4021338065,
            2414469.667229282,
            705102.6783397461,
            705102.6827228107,
            2414469.6594171845,
            712209.3991049218,
            696549.9270062274,
            706272.8747807002,
            692329.2289010352,
            677353.4524116955,
            842320.7325539448,
            838661.1750911378,
            662796.7012286885,
            684981.9143833366,
            677190.0043080619,
            2226315.2865688996,
            2371049.3045823,
            806368.2010433691,
            827400.619229234,
            717097.1655875266,
            14285125.613718586,
            11099532.585209431,
            581766.365755068,
            16653580.296246275,
            18708791.50641161,
            4265397.828979307,
            6049881.763289583,
            5589999.424452125,
            13080108.43317229,
            3735613.8028936456,
            4744742.777697785,
            532932.6924503301,
            5288545.569535682,
            5319001.789875393,
            2746369.5875576455,
            1868682.702550503,
            9950650.40252938,
            9825059.631244898,
            49089.2813803659,
            14285125.111683248,
            11099532.772708336,
            581766.3570408641,
            16653580.046968201,
            18708791.132195707,
            4265397.887462367,
            6049881.702637745,
            5589999.612420635,
            13080109.106914759,
            3735613.677788715,
            4744742.840184984,
            532932.7076470915,
            5288545.380987258,
            5319001.783695588,
            2746369.6188070714,
            1868682.7343968812,
            9950650.450268792,
            9825059.564087758,
            49089.281380233806
        ],
        "shape": [
            89
        ],
        "count": 39827944
    },
    "wandb_run_id": "qwkk58u3",
    "wandb_project": "rlgym-ppo",
    "wandb_entity": "gashfraude-epsi",
    "wandb_group": "unnamed-runs",
    "wandb_config": {
        "n_proc": 48,
        "min_inference_size": 36,
        "timestep_limit": 1e+16,
        "exp_buffer_size": 150000,
        "ts_per_iteration": 50000,
        "standardize_returns": true,
        "standardize_obs": true,
        "policy_layer_sizes": [
            512,
            512,
            256
        ],
        "critic_layer_sizes": [
            512,
            512,
            256
        ],
        "ppo_epochs": 2,
        "ppo_batch_size": 50000,
        "ppo_minibatch_size": 50000,
        "ppo_ent_coef": 0.01,
        "ppo_clip_range": 0.2,
        "gae_lambda": 0.95,
        "gae_gamma": 0.99,
        "policy_lr": 0.0002,
        "critic_lr": 0.0002,
        "shm_buffer_size": 8192
    }
}