{
    "cumulative_timesteps": 314818142,
    "cumulative_model_updates": 37562,
    "policy_average_reward": 179.17534380292412,
    "epoch": 6269,
    "ts_since_last_save": 500336,
    "reward_running_stats": {
        "mean": [
            17.253620798213102
        ],
        "var": [
            1255063156.3018224
        ],
        "shape": [
            1
        ],
        "count": 943650
    },
    "obs_running_stats": {
        "mean": [
            -1.8119947928613855e-12,
            1.0204168047707335e-12,
            0.12730199580227292,
            1.5555177164835897e-12,
            -2.0981864956437195e-12,
            -0.012708549205099756,
            -2.1230872351805472e-12,
            -1.3149089013420423e-12,
            0.003241643133667443,
            0.5912549949259773,
            0.29679395719916,
            -0.2033070801273398,
            0.017438915039688283,
            0.03377132178537642,
            0.13640065485132608,
            0.7341092483977624,
            0.283432840003534,
            0.9794961238358727,
            0.976403350884163,
            0.9770716921649045,
            0.9328071006801926,
            0.9371482496271023,
            0.9803253591626141,
            0.9801523621420903,
            0.980521850302967,
            0.9762298907013499,
            0.9762622420204238,
            0.9802186143150611,
            0.9798600186194572,
            0.9793671010381682,
            0.9794432118409294,
            0.9791961035587397,
            0.9316286936352869,
            0.9792402234247116,
            0.9792402180258669,
            0.9316286936353125,
            0.9791961089577711,
            0.9794432172399035,
            0.9793671064370836,
            0.9798600240183754,
            0.9802186143150721,
            0.9762622474193491,
            0.9762298961002275,
            0.9805218503029461,
            0.9801523675410893,
            0.9803253591625979,
            0.9371482496270672,
            0.9328070952810755,
            0.9770716975637835,
            0.9764033562830802,
            0.9794961292348763,
            -0.011194532417231281,
            0.00818553964335998,
            0.06214293827623189,
            0.07057859754159043,
            0.00949171552920739,
            -0.0028436151317448076,
            0.010273664346896718,
            0.008026981433416756,
            0.6016892778122421,
            -0.0013814289026667097,
            0.0014827856939883361,
            -0.004720016131801324,
            0.03796097300734107,
            -0.04991459552373329,
            0.05159767342005277,
            0.08689172920204372,
            0.471137036701951,
            0.5417999392120035,
            0.001154026124738451,
            0.011194530898778851,
            -0.008185539685540992,
            0.06214293625162567,
            -0.07057859737290455,
            -0.009491714980879633,
            -0.0028436168189187997,
            -0.010273663503311254,
            -0.008026981053804344,
            0.6016892724132461,
            0.0013814285230525324,
            -0.0014827857915288532,
            -0.0047200152882138965,
            -0.037960973513498135,
            0.04991459754836219,
            0.051597673420053856,
            0.0868917346009829,
            0.47113703535210777,
            0.5417999432612216,
            0.001154026126056575
        ],
        "var": [
            16551727.245772365,
            12966063.54768411,
            1074310.2736454452,
            2605047.431164672,
            3568004.0049286024,
            1032630.8556238385,
            16320471.109426571,
            14672705.006591154,
            7590575.878582696,
            10907402.220927732,
            14482681.560709018,
            12275633.701111648,
            12541910.872004751,
            4388591.61219264,
            5291573.151721568,
            8774798.161525128,
            9144503.350254448,
            803726.8257304521,
            936447.2898509311,
            908542.0470253528,
            2678296.0544179184,
            2506520.9116168665,
            764510.912057392,
            772639.1725766618,
            749977.8526128376,
            942078.542655535,
            942352.0421375406,
            765191.8748804674,
            780064.3600536686,
            796906.0384595676,
            790798.3285987612,
            804216.6413318869,
            2720047.4949438917,
            799061.6935073041,
            799061.6980260275,
            2720047.4871319304,
            804216.6381398395,
            790798.3084178298,
            796906.0314472045,
            780064.3538127692,
            765191.8748804973,
            942352.0357150675,
            942078.5399384504,
            749977.8526128447,
            772638.9291645084,
            764510.9120573994,
            2506520.9038042645,
            2678296.0153279975,
            908542.04057421,
            936446.4358821829,
            803726.7437992769,
            16070439.491899498,
            12590708.504870672,
            627108.4384103488,
            18689127.857624605,
            21066888.253666084,
            4979029.969935959,
            6963952.08931112,
            6515922.296623686,
            15190454.692582672,
            4098661.4788318453,
            5324794.735414008,
            579639.189856137,
            6320776.8864749605,
            6305807.695208869,
            3290798.212174568,
            2077837.3516439993,
            11201648.614808207,
            11171581.358963689,
            51836.052944430696,
            16070438.989754181,
            12590708.692372067,
            627108.4294807989,
            18689127.60838475,
            21066887.87932221,
            4979030.027648236,
            6963952.028630407,
            6515922.484644434,
            15190455.359627856,
            4098661.353724658,
            5324794.797902111,
            579639.205035178,
            6320776.697795815,
            6305807.688742088,
            3290798.243424017,
            2077837.384378194,
            11201648.659886574,
            11171581.298065076,
            51836.052944307536
        ],
        "shape": [
            89
        ],
        "count": 44974098
    },
    "wandb_run_id": "qwkk58u3",
    "wandb_project": "rlgym-ppo",
    "wandb_entity": "gashfraude-epsi",
    "wandb_group": "unnamed-runs",
    "wandb_config": {
        "n_proc": 48,
        "min_inference_size": 36,
        "timestep_limit": 1e+16,
        "exp_buffer_size": 150000,
        "ts_per_iteration": 50000,
        "standardize_returns": true,
        "standardize_obs": true,
        "policy_layer_sizes": [
            512,
            512,
            256
        ],
        "critic_layer_sizes": [
            512,
            512,
            256
        ],
        "ppo_epochs": 2,
        "ppo_batch_size": 50000,
        "ppo_minibatch_size": 50000,
        "ppo_ent_coef": 0.01,
        "ppo_clip_range": 0.2,
        "gae_lambda": 0.95,
        "gae_gamma": 0.99,
        "policy_lr": 0.0002,
        "critic_lr": 0.0002,
        "shm_buffer_size": 8192
    }
}