{
    "cumulative_timesteps": 607654316,
    "cumulative_model_updates": 72660,
    "policy_average_reward": 323.12744033226375,
    "epoch": 12120,
    "ts_since_last_save": 500286,
    "reward_running_stats": {
        "mean": [
            12.012533023610551
        ],
        "var": [
            4674868441.568066
        ],
        "shape": [
            1
        ],
        "count": 1821600
    },
    "obs_running_stats": {
        "mean": [
            -9.387727773832936e-13,
            5.286657157671861e-13,
            0.12170592435377758,
            8.058950780351175e-13,
            -1.0870452657106914e-12,
            -0.010745251710886933,
            -1.0999460407172767e-12,
            -6.812385305762842e-13,
            -0.0030874142011441436,
            0.6299720821483904,
            0.35233582368406957,
            -0.13703189934193077,
            -0.10652986539263544,
            0.0415592793570332,
            0.1426276621365237,
            0.5393071814250361,
            0.21790075216872365,
            0.9795846267056653,
            0.9752156929773953,
            0.9768260666018393,
            0.9274935135587611,
            0.9382891205334,
            0.979980917100942,
            0.9800115435423228,
            0.980360306958737,
            0.9758364524443077,
            0.977726051157279,
            0.9802095398627462,
            0.980192611460356,
            0.9795955625394663,
            0.9794958251666751,
            0.9796150255593817,
            0.9288171752699034,
            0.9794913875382166,
            0.979491384741127,
            0.9288171752699086,
            0.9796150283564113,
            0.9794958279639581,
            0.9795955653366228,
            0.980192614257592,
            0.9802095398628012,
            0.9777260539541704,
            0.9758364552413353,
            0.9803603069586869,
            0.980011546339504,
            0.9799809171008745,
            0.9382891205332664,
            0.9274935107614961,
            0.9768260693989238,
            0.9752156957746343,
            0.9795846295028003,
            -0.01704838052203084,
            0.010334870321134386,
            0.05588380710522817,
            0.09367986111209047,
            0.0029035275436897815,
            -0.02130816123338256,
            0.011870142941195927,
            0.021012839584208975,
            0.5527449130502797,
            -0.001940059626339254,
            0.0017588324921949316,
            -0.0036152559748153824,
            0.05370040334429178,
            -0.0726011045286864,
            0.034786852869727804,
            0.13465783711953583,
            0.4131756848127708,
            0.48834357003439915,
            0.0009234913525034209,
            0.01704837973534655,
            -0.010334870342987036,
            0.055883806056301895,
            -0.0936798610247434,
            -0.0029035272596060887,
            -0.02130816210748613,
            -0.011870142504144482,
            -0.02101283938752925,
            0.5527449102534301,
            0.0019400594296667668,
            -0.0017588325427295407,
            -0.003615255537763788,
            -0.053700403606521376,
            0.07260110557759356,
            0.03478685286970613,
            0.1346578399166301,
            0.41317568411332256,
            0.4883435721319799,
            0.0009234913531860846
        ],
        "var": [
            31303390.273720816,
            26517747.81780092,
            1838825.5855793115,
            5040824.648950662,
            8660797.919759376,
            1832316.9587679554,
            35124350.54796604,
            27163287.04300211,
            14912837.704390453,
            21387915.666854504,
            32944353.033266917,
            30969841.00033383,
            31512918.53077491,
            9894293.23034026,
            10609123.095506897,
            21564011.01976716,
            14804116.395353995,
            1636524.9212706578,
            1998400.2079556633,
            1866065.7443431614,
            5697174.640370782,
            4883886.576225647,
            1600094.575739861,
            1598197.6994479075,
            1562424.6452185244,
            1945350.6215419224,
            1790595.2325166254,
            1577108.027224942,
            1577908.1552126845,
            1623229.5886055923,
            1628707.6996763088,
            1621547.7748366892,
            5594719.19095616,
            1628588.453648487,
            1628588.4582892382,
            5594719.183143393,
            1621547.7714415642,
            1628707.679469934,
            1623229.581482626,
            1577908.1488099797,
            1577108.0272248636,
            1790595.2253837525,
            1945350.619015855,
            1562424.6452184543,
            1598197.456104132,
            1600094.5757397471,
            4883886.568412759,
            5697174.598698888,
            1866065.738011936,
            1998399.354563495,
            1636524.8392958115,
            30353948.71019168,
            25320595.840899486,
            959240.3565444339,
            35290891.78972873,
            40366747.1291268,
            10337625.904340317,
            14342953.875260135,
            13949935.906466296,
            31928100.16012138,
            7456684.523738382,
            11335055.615431368,
            923666.2671906103,
            14310009.871932872,
            14030963.235814136,
            7881154.153016424,
            5925760.655874406,
            21043151.683346227,
            21696800.888171397,
            80086.91551205712,
            30353948.20885654,
            25320596.028396253,
            959240.3464747794,
            35290891.54082295,
            40366746.754461564,
            10337625.959248485,
            14342953.814703234,
            13949936.094933493,
            31928100.803389303,
            7456684.398651834,
            11335055.677914305,
            923666.2822856142,
            14310009.682534726,
            14030963.225215534,
            7881154.184266236,
            5925760.665412106,
            21043151.721369438,
            21696800.84674124,
            80086.91551196313
        ],
        "shape": [
            89
        ],
        "count": 86807834
    },
    "wandb_run_id": "qwkk58u3",
    "wandb_project": "rlgym-ppo",
    "wandb_entity": "gashfraude-epsi",
    "wandb_group": "unnamed-runs",
    "wandb_config": {
        "n_proc": 48,
        "min_inference_size": 36,
        "timestep_limit": 1e+16,
        "exp_buffer_size": 150000,
        "ts_per_iteration": 50000,
        "standardize_returns": true,
        "standardize_obs": true,
        "policy_layer_sizes": [
            512,
            512,
            256
        ],
        "critic_layer_sizes": [
            512,
            512,
            256
        ],
        "ppo_epochs": 2,
        "ppo_batch_size": 50000,
        "ppo_minibatch_size": 50000,
        "ppo_ent_coef": 0.01,
        "ppo_clip_range": 0.2,
        "gae_lambda": 0.95,
        "gae_gamma": 0.99,
        "policy_lr": 0.0002,
        "critic_lr": 0.0002,
        "shm_buffer_size": 8192
    }
}