{
    "cumulative_timesteps": 183136506,
    "cumulative_model_updates": 21808,
    "policy_average_reward": 353.2340411763864,
    "epoch": 3642,
    "ts_since_last_save": 500348,
    "reward_running_stats": {
        "mean": [
            22.94135503884468
        ],
        "var": [
            754899613.5790334
        ],
        "shape": [
            1
        ],
        "count": 549000
    },
    "obs_running_stats": {
        "mean": [
            -3.114879352475393e-12,
            1.754130440848712e-12,
            0.1332339851781003,
            2.6739867117849518e-12,
            -3.6068524038058644e-12,
            -0.015922504591530655,
            -3.6496576080395665e-12,
            -2.2603721533932342e-12,
            0.01208435326523176,
            0.5317808564830938,
            0.25481047610541213,
            -0.1912216472563033,
            0.07671972463571704,
            0.055348623014513806,
            0.13198550848048704,
            0.6900425969564616,
            0.3695223687402735,
            0.9790401652206235,
            0.9761070792564379,
            0.9765041006290376,
            0.9382988251202032,
            0.9379795604380174,
            0.9783874014968301,
            0.9783376589975306,
            0.9782947118025045,
            0.9764545157389543,
            0.9751728297136842,
            0.9777297122342631,
            0.9771914015832684,
            0.9766282077122664,
            0.9764059048159338,
            0.9763318111001522,
            0.9354828490421297,
            0.9761065358685944,
            0.9761065265877276,
            0.9354828490421461,
            0.9763318203810544,
            0.9764059140970278,
            0.9766282169931759,
            0.9771914108642066,
            0.9777297122342727,
            0.9751728389946218,
            0.9764545250198617,
            0.9782947118025085,
            0.9783376682784843,
            0.9783874014968003,
            0.9379795604380265,
            0.9382988158392626,
            0.9765041099101438,
            0.9761070885373808,
            0.9790401745016866,
            -0.01406917399893522,
            0.0020957266321120858,
            0.06860625095223057,
            0.05238544820789629,
            0.0045641207352771435,
            -0.002031281503997776,
            0.01016948240149028,
            0.005270903947603419,
            0.6287022182233851,
            -0.0015135025638438795,
            0.0016084544752565672,
            -0.0063352049628392125,
            0.018563616923245752,
            -0.029677133248881136,
            0.0588118113545503,
            0.1024912058179588,
            0.5171535731635184,
            0.5816997913541347,
            0.001436192104915319,
            0.014069171388654352,
            -0.0020957267046188897,
            0.06860624747189002,
            -0.052385447917865285,
            -0.004564119792678806,
            -0.0020312844043066007,
            -0.010169480951339923,
            -0.005270903295034835,
            0.6287022089422379,
            0.0015135019112746445,
            -0.0016084546429312606,
            -0.00633520351268456,
            -0.018563617793336408,
            0.029677136729248852,
            0.058811811354534345,
            0.10249121509898873,
            0.5171535708433028,
            0.5816997983148282,
            0.001436192107181188
        ],
        "var": [
            9580891.718335088,
            7095111.571806359,
            689294.6419084272,
            1503102.8614303237,
            1771250.1133963342,
            660347.6761441414,
            9106129.169379985,
            8592980.350083884,
            4352063.143537583,
            6060467.656565269,
            6814320.411323052,
            5705963.882324014,
            6517218.311558332,
            2610325.8696519146,
            2991134.281269301,
            5591896.880997879,
            6105532.981216002,
            437357.7964553878,
            510412.5574844364,
            501272.0952172756,
            1374060.6581492333,
            1379454.2797089051,
            450288.41341893945,
            452188.8551255724,
            446566.3149382789,
            499953.53345739754,
            533522.877115336,
            462809.71289363195,
            475647.1613280628,
            485278.2682373751,
            487995.41256091796,
            492606.7694893526,
            1434372.8458034603,
            494967.0324610984,
            494967.0354579104,
            1434372.8379912337,
            492606.76768811466,
            487995.39385505614,
            485278.2625550873,
            475647.1563831556,
            462809.71289364935,
            533522.8712220234,
            499953.53063125187,
            446566.31493826426,
            452188.6125946384,
            450288.41341891635,
            1379454.2718962368,
            1374060.621725482,
            501272.08904174133,
            510411.7036594255,
            437357.7147454568,
            9231192.143114045,
            6925734.820388979,
            448435.9588000875,
            11143526.75823987,
            12267422.509462317,
            2668432.61972316,
            3977681.2875172105,
            3588118.000592753,
            8237918.075277649,
            2584429.797035128,
            3081264.078264702,
            400595.549519737,
            3212206.595767941,
            3241793.3411581498,
            1633171.7700987468,
            1375297.0797218329,
            6528501.548006083,
            6372615.682914698,
            37514.984492037074,
            9231191.64135794,
            6925735.007910817,
            448435.9510478233,
            11143526.50872657,
            12267422.134880245,
            2668432.6775573837,
            3977681.2268298296,
            3588118.188519345,
            8237918.75543746,
            2584429.671930921,
            3081264.140753065,
            400595.56482134276,
            3212206.4079706254,
            3241793.338375923,
            1633171.801348183,
            1375297.104880386,
            6528501.598672045,
            6372615.607485481,
            37514.98449188172
        ],
        "shape": [
            89
        ],
        "count": 26162436
    },
    "wandb_run_id": "qwkk58u3",
    "wandb_project": "rlgym-ppo",
    "wandb_entity": "gashfraude-epsi",
    "wandb_group": "unnamed-runs",
    "wandb_config": {
        "n_proc": 48,
        "min_inference_size": 36,
        "timestep_limit": 1e+16,
        "exp_buffer_size": 150000,
        "ts_per_iteration": 50000,
        "standardize_returns": true,
        "standardize_obs": true,
        "policy_layer_sizes": [
            512,
            512,
            256
        ],
        "critic_layer_sizes": [
            512,
            512,
            256
        ],
        "ppo_epochs": 2,
        "ppo_batch_size": 50000,
        "ppo_minibatch_size": 50000,
        "ppo_ent_coef": 0.01,
        "ppo_clip_range": 0.2,
        "gae_lambda": 0.95,
        "gae_gamma": 0.99,
        "policy_lr": 0.0002,
        "critic_lr": 0.0002,
        "shm_buffer_size": 8192
    }
}