{
    "cumulative_timesteps": 177134106,
    "cumulative_model_updates": 21108,
    "policy_average_reward": 2957.726259506766,
    "epoch": 3524,
    "ts_since_last_save": 500408,
    "reward_running_stats": {
        "mean": [
            21.88054620552122
        ],
        "var": [
            634341655.5764903
        ],
        "shape": [
            1
        ],
        "count": 531000
    },
    "obs_running_stats": {
        "mean": [
            -3.2204302016289633e-12,
            1.8135709352513435e-12,
            0.1332131855619938,
            2.7645974673809144e-12,
            -3.729074261513892e-12,
            -0.016244937149983242,
            -3.773329962049393e-12,
            -2.336967161472818e-12,
            0.01249643201519923,
            0.526992997850164,
            0.2554833728717895,
            -0.18850835703276309,
            0.07801824939591527,
            0.05675974055615711,
            0.13563279703310055,
            0.6843065847407103,
            0.37731343346299817,
            0.97906246429608,
            0.9761659690243077,
            0.9765580680194396,
            0.9388348952838059,
            0.9383397059700825,
            0.9782872844361283,
            0.9782122641415271,
            0.9781367214872104,
            0.9765275893402705,
            0.9752434126855172,
            0.977565735814376,
            0.977010567088717,
            0.9764634993208788,
            0.976145301313711,
            0.9761233897093511,
            0.9359701281853138,
            0.9758446004499013,
            0.9758445908545179,
            0.9359701281853253,
            0.97612339930472,
            0.9761453109093435,
            0.9764635089162904,
            0.9770105766841458,
            0.9775657358143905,
            0.9752434222809642,
            0.9765275989356724,
            0.9781367214872143,
            0.9782122737369714,
            0.978287284436115,
            0.9383397059700875,
            0.9388348856883951,
            0.9765580776150371,
            0.9761659786197412,
            0.9790624738916327,
            -0.013861376808890814,
            0.0022717637117330124,
            0.0691973155420142,
            0.05369909065591069,
            0.004758209120950118,
            -0.0028799246012723616,
            0.009773616132990753,
            0.00528747135811627,
            0.6236175945333763,
            -0.0015043294603443362,
            0.0015783600471164657,
            -0.006436957942182193,
            0.019153173855829216,
            -0.030181249192483193,
            0.058151634890200456,
            0.10381836969442575,
            0.5076415580658701,
            0.5730646540059043,
            0.0013734182949073123,
            0.013861374110158526,
            -0.0022717637866969055,
            0.06919731194373194,
            -0.053699090356051915,
            -0.004758208146410506,
            -0.0028799275998610723,
            -0.009773614633699397,
            -0.005287470683434705,
            0.6236175849377593,
            0.0015043287856620962,
            -0.0015783602204728895,
            -0.0064369564428880454,
            -0.019153174755405258,
            0.030181252790788815,
            0.05815163489018232,
            0.1038183792899507,
            0.5076415556670306,
            0.5730646612024954,
            0.0013734182972499522
        ],
        "var": [
            9246832.385434944,
            6841573.755620248,
            669032.7111299749,
            1435177.903083262,
            1683334.1698524822,
            640646.1169994306,
            8783396.780335292,
            8304769.86145713,
            4194197.043675702,
            5912514.414391572,
            6594906.599786654,
            5461985.453251413,
            6336618.70230259,
            2549813.116678308,
            2960491.1146734008,
            5462831.53662471,
            5955672.101613093,
            419221.14348324103,
            488995.19363501784,
            480296.5757925641,
            1312518.839045864,
            1321584.7819477993,
            434580.1851421435,
            437051.3636014723,
            432182.10800235765,
            478476.85578229936,
            511064.98177845986,
            448102.49780278484,
            460901.679915921,
            469678.15002225153,
            474522.85401629127,
            477815.3618846769,
            1371874.149774888,
            481278.08752811933,
            481278.09039771574,
            1371874.1419625964,
            477815.36018464644,
            474522.83543699817,
            469678.14441994595,
            460901.6750588348,
            448102.4978027964,
            511064.975850883,
            478476.8529206627,
            432182.1080023423,
            437051.1211314263,
            434580.18514212803,
            1321584.7741351104,
            1312518.802882386,
            480296.56959081744,
            488994.3397814176,
            419221.0617624815,
            8903932.479848178,
            6680703.045504109,
            436769.28795682715,
            10782151.882929338,
            11843354.113677144,
            2595088.7468845295,
            3885701.114302806,
            3514166.701775353,
            8046739.26024171,
            2495471.329998143,
            2970042.5202861284,
            389662.22996463015,
            3155999.9412646983,
            3184153.6299111894,
            1585050.0546182073,
            1343133.8635983702,
            6320351.073449166,
            6197786.112701009,
            34701.21621259549,
            8903931.97806522,
            6680703.233024719,
            436769.280312207,
            10782151.633436056,
            11843353.739105728,
            2595088.804590175,
            3885701.0535853216,
            3514166.8897024975,
            8046739.937932125,
            2495471.2048935224,
            2970042.582774979,
            389662.2452739612,
            3155999.753440642,
            3184153.6270371783,
            1585050.0858676087,
            1343133.8881124535,
            6320351.122959701,
            6197786.040417462,
            34701.21621244746
        ],
        "shape": [
            89
        ],
        "count": 25304952
    },
    "wandb_run_id": "qwkk58u3",
    "wandb_project": "rlgym-ppo",
    "wandb_entity": "gashfraude-epsi",
    "wandb_group": "unnamed-runs",
    "wandb_config": {
        "n_proc": 48,
        "min_inference_size": 36,
        "timestep_limit": 1e+16,
        "exp_buffer_size": 150000,
        "ts_per_iteration": 50000,
        "standardize_returns": true,
        "standardize_obs": true,
        "policy_layer_sizes": [
            512,
            512,
            256
        ],
        "critic_layer_sizes": [
            512,
            512,
            256
        ],
        "ppo_epochs": 2,
        "ppo_batch_size": 50000,
        "ppo_minibatch_size": 50000,
        "ppo_ent_coef": 0.01,
        "ppo_clip_range": 0.2,
        "gae_lambda": 0.95,
        "gae_gamma": 0.99,
        "policy_lr": 0.0002,
        "critic_lr": 0.0002,
        "shm_buffer_size": 8192
    }
}