{
    "cumulative_timesteps": 117583338,
    "cumulative_model_updates": 14038,
    "policy_average_reward": 98.14157497539351,
    "epoch": 2343,
    "ts_since_last_save": 500430,
    "reward_running_stats": {
        "mean": [
            18.073676200748174
        ],
        "var": [
            271629841.8525492
        ],
        "shape": [
            1
        ],
        "count": 352500
    },
    "obs_running_stats": {
        "mean": [
            -4.8514256662311985e-12,
            2.732058763157181e-12,
            0.1316516652463719,
            4.164735225992582e-12,
            -5.617673860856812e-12,
            -0.019675037716734924,
            -5.684343009749415e-12,
            -3.5205304067066e-12,
            0.010580614888877123,
            0.44453260109184933,
            0.21737135635819377,
            -0.18174986146103547,
            0.08006523684182905,
            0.03582181144437141,
            0.18001887034516867,
            0.5963769747722678,
            0.5083418120339163,
            0.978973242302592,
            0.976654909717129,
            0.9766718790709077,
            0.9442494750523933,
            0.9429711612600149,
            0.9769026687967147,
            0.9768287667528202,
            0.975986234947675,
            0.9769688087761491,
            0.9759958171867612,
            0.9754974322467705,
            0.9750423393280375,
            0.9741592114868477,
            0.9729444037703983,
            0.9737916341130608,
            0.940568032684241,
            0.9728171708808906,
            0.9728171564258254,
            0.9405680326842079,
            0.9737916485682246,
            0.9729444182256354,
            0.9741592259420357,
            0.9750423537830692,
            0.9754974322467687,
            0.9759958316418844,
            0.976968823231293,
            0.9759862349476632,
            0.9768287812078357,
            0.9769026687967397,
            0.9429711612599855,
            0.9442494605972636,
            0.9766718935262843,
            0.976654924172066,
            0.9789732567579039,
            -0.01465369337272411,
            0.004799411688489036,
            0.07465725772390124,
            0.0630537618447945,
            0.012240819035870194,
            -0.007461422716045685,
            0.005367955290118633,
            0.004634587270316706,
            0.5922675813367264,
            -0.0016873411049891736,
            0.0013460042389619165,
            -0.007614833772430742,
            0.02537686250905603,
            -0.02579350211999929,
            0.04642047827774948,
            0.12292837298937787,
            0.42256998752816144,
            0.4949943505694493,
            0.000720591406193676,
            0.014653689307214932,
            -0.004799411801420295,
            0.07465725230323858,
            -0.06305376139307345,
            -0.012240817567771857,
            -0.007461427233275962,
            -0.005367953031502331,
            -0.004634586253940219,
            0.5922675668815691,
            0.0016873400886121567,
            -0.0013460045001148795,
            -0.0076148315138157225,
            -0.025376863864224938,
            0.025793507540674873,
            0.04642047827774551,
            0.1229283874445514,
            0.42256998391435435,
            0.49499436141082054,
            0.0007205914097227539
        ],
        "var": [
            5989180.039620003,
            4387697.839850111,
            455661.5816254326,
            821342.8788237133,
            914955.6564139138,
            433105.41500880313,
            5720581.168743726,
            5502241.340534522,
            2594692.9034686275,
            4546576.500274735,
            3857456.3972052513,
            3104909.1977879046,
            3857014.9324678904,
            1772182.748377568,
            2473370.622937187,
            4039576.4873443963,
            4208582.194963165,
            246265.6595870593,
            283240.31348394835,
            283722.9253743567,
            743680.6576806245,
            760806.0117840621,
            276091.64880208205,
            277930.97076418926,
            284718.3680257707,
            276411.6167164036,
            293646.24611167575,
            294642.44640329893,
            301297.66453629086,
            310955.6467090472,
            327456.5410942856,
            316747.54220481386,
            794335.8404584859,
            328989.17455252545,
            328989.17595207464,
            794335.8326460319,
            316747.541637067,
            327456.52406944835,
            310955.64222571347,
            301297.6606349866,
            294642.44640329486,
            293646.23981868627,
            276411.61364049633,
            284718.36802576034,
            277930.7289660914,
            276091.6488020736,
            760806.0039714758,
            743680.6241465901,
            283722.9191173718,
            283239.4593928439,
            246265.5779096402,
            5736002.7612962825,
            4291429.141391507,
            306778.7933806229,
            7195639.021134833,
            7757403.149827524,
            1763824.4589840523,
            2724924.826336571,
            2539128.039356604,
            5626343.2128546145,
            1550082.1675502823,
            1818490.1740019075,
            260157.6479827617,
            2296418.0749322805,
            2285623.337459182,
            1030045.8257849285,
            1013074.9041713387,
            4094308.6225833697,
            4205643.281187345,
            12090.226139057624,
            5736002.259625123,
            4291429.328900462,
            306778.78673037543,
            7195638.771784457,
            7757402.775626271,
            1763824.5159941842,
            2724924.7652854756,
            2539128.22726189,
            5626343.875321323,
            1550082.042451403,
            1818490.2364925852,
            260157.66338145427,
            2296417.8868250023,
            2285623.335383694,
            1030045.8570347507,
            1013074.9194053396,
            4094308.6617659843,
            4205643.237338333,
            12090.226138987766
        ],
        "shape": [
            89
        ],
        "count": 16797708
    },
    "wandb_run_id": "qwkk58u3",
    "wandb_project": "rlgym-ppo",
    "wandb_entity": "gashfraude-epsi",
    "wandb_group": "unnamed-runs",
    "wandb_config": {
        "n_proc": 48,
        "min_inference_size": 36,
        "timestep_limit": 1e+16,
        "exp_buffer_size": 150000,
        "ts_per_iteration": 50000,
        "standardize_returns": true,
        "standardize_obs": true,
        "policy_layer_sizes": [
            512,
            512,
            256
        ],
        "critic_layer_sizes": [
            512,
            512,
            256
        ],
        "ppo_epochs": 2,
        "ppo_batch_size": 50000,
        "ppo_minibatch_size": 50000,
        "ppo_ent_coef": 0.01,
        "ppo_clip_range": 0.2,
        "gae_lambda": 0.95,
        "gae_gamma": 0.99,
        "policy_lr": 0.0002,
        "critic_lr": 0.0002,
        "shm_buffer_size": 8192
    }
}