{
    "cumulative_timesteps": 183636930,
    "cumulative_model_updates": 21868,
    "policy_average_reward": 469.47798132718196,
    "epoch": 3652,
    "ts_since_last_save": 500424,
    "reward_running_stats": {
        "mean": [
            22.90365769953087
        ],
        "var": [
            755891416.4172595
        ],
        "shape": [
            1
        ],
        "count": 550500
    },
    "obs_running_stats": {
        "mean": [
            -3.1063910032793513e-12,
            1.7493502645366186e-12,
            0.13317119701334232,
            2.666699837902104e-12,
            -3.5970233806026145e-12,
            -0.015907594906353635,
            -3.639711935425979e-12,
            -2.2542124195649223e-12,
            0.012007265036149056,
            0.531987578884129,
            0.2545982197491409,
            -0.1916982070235349,
            0.07631825321435495,
            0.05517713973797586,
            0.13181364537462792,
            0.6904437132340469,
            0.3690052080933605,
            0.979044831643344,
            0.9761178326947131,
            0.9765168216318422,
            0.9382969579575147,
            0.9380234669895656,
            0.9783992596025164,
            0.9783503769093738,
            0.9783086903070266,
            0.9764636362445889,
            0.9751923805199098,
            0.9777526254220332,
            0.9772119317433754,
            0.9766505775790825,
            0.9764281181081708,
            0.9763510624628509,
            0.9354976516729654,
            0.9761274684484467,
            0.9761274591928658,
            0.935497651672982,
            0.9763510717184641,
            0.9764281273639649,
            0.9766505868347017,
            0.9772119409990155,
            0.9777526254220411,
            0.9751923897755553,
            0.9764636455001935,
            0.9783086903070339,
            0.9783503861650431,
            0.9783992596024862,
            0.9380234669895764,
            0.9382969487018663,
            0.9765168308876473,
            0.9761178419503652,
            0.9790448408991177,
            -0.014118479910956485,
            0.002138225217267246,
            0.06854611356420949,
            0.05230526346833501,
            0.004488033770596107,
            -0.0019713184662237338,
            0.010163104671164507,
            0.0052380688544199005,
            0.6290578930082443,
            -0.0015152816150562074,
            0.001608038653526233,
            -0.00632764096928044,
            0.018510507975817773,
            -0.02963234062008515,
            0.05877411439669332,
            0.10234862371884837,
            0.5175615826644432,
            0.582097607598496,
            0.001433307543390657,
            0.014118477307788984,
            -0.0021382252895764727,
            0.0685461100933534,
            -0.052305263179093904,
            -0.0044880328305664545,
            -0.0019713213586289393,
            -0.01016310322496578,
            -0.005238068203629546,
            0.6290578837524025,
            0.0015152809642652665,
            -0.0016080388207440112,
            -0.006327639523077649,
            -0.01851050884353741,
            0.02963234409096807,
            0.0587741143966762,
            0.10234863297458566,
            0.5175615803505559,
            0.5820976145402175,
            0.00143330754565035
        ],
        "var": [
            9607985.439625012,
            7115744.966394126,
            690690.877169768,
            1506782.070990067,
            1775902.2181137435,
            661699.3852340603,
            9133321.569544038,
            8617842.224609828,
            4362597.88607772,
            6082877.207336138,
            6836709.570299694,
            5728243.5746260425,
            6531660.830997125,
            2614937.971570885,
            2996005.289470515,
            5603183.632496567,
            6118640.969314768,
            438707.52102486015,
            511811.2234559714,
            502594.3065863568,
            1378242.4485086717,
            1382604.115751914,
            451502.4631315208,
            453384.7585779207,
            447733.5486147887,
            501369.1652454992,
            534766.2689156297,
            463792.01599921833,
            476726.5276890942,
            486350.63580979005,
            489087.1010022443,
            493777.61898073973,
            1438349.373627102,
            496111.4493876872,
            496111.45239466935,
            1438349.3658148835,
            493777.6171701515,
            489087.0822855927,
            486350.63011664065,
            476726.5227342118,
            463792.0159992346,
            534766.2630128247,
            501369.16241492436,
            447733.5486147724,
            453384.51604080753,
            451502.4631314969,
            1382604.1079392477,
            1378242.4120840093,
            502594.3004046456,
            511810.3696257316,
            438707.43931266497,
            9256639.239512771,
            6944661.855526642,
            449311.2664330245,
            11174218.140493706,
            12302606.924539175,
            2674093.441303683,
            3984899.141191182,
            3594677.218236449,
            8255640.638114017,
            2589111.4370951154,
            3086926.2372456184,
            401147.85348719143,
            3218259.7085574744,
            3248039.2944314317,
            1637360.3573158903,
            1377467.1645003527,
            6545981.432122972,
            6388301.561633368,
            37542.05417806745,
            9256638.73776321,
            6944662.043048381,
            449311.2586697992,
            11174217.890978962,
            12302606.549953686,
            2674093.499147,
            3984899.0805033795,
            3594677.4061618433,
            8255641.318446602,
            2589111.311991007,
            3086926.299733989,
            401147.86878822657,
            3218259.520762524,
            3248039.2916573593,
            1637360.3885653846,
            1377467.189728153,
            6545981.482838512,
            6388301.486059153,
            37542.054177912425
        ],
        "shape": [
            89
        ],
        "count": 26233926
    },
    "wandb_run_id": "qwkk58u3",
    "wandb_project": "rlgym-ppo",
    "wandb_entity": "gashfraude-epsi",
    "wandb_group": "unnamed-runs",
    "wandb_config": {
        "n_proc": 48,
        "min_inference_size": 36,
        "timestep_limit": 1e+16,
        "exp_buffer_size": 150000,
        "ts_per_iteration": 50000,
        "standardize_returns": true,
        "standardize_obs": true,
        "policy_layer_sizes": [
            512,
            512,
            256
        ],
        "critic_layer_sizes": [
            512,
            512,
            256
        ],
        "ppo_epochs": 2,
        "ppo_batch_size": 50000,
        "ppo_minibatch_size": 50000,
        "ppo_ent_coef": 0.01,
        "ppo_clip_range": 0.2,
        "gae_lambda": 0.95,
        "gae_gamma": 0.99,
        "policy_lr": 0.0002,
        "critic_lr": 0.0002,
        "shm_buffer_size": 8192
    }
}