{
    "cumulative_timesteps": 971540784,
    "cumulative_model_updates": 116254,
    "policy_average_reward": 107.30673411153549,
    "epoch": 19388,
    "ts_since_last_save": 500234,
    "reward_running_stats": {
        "mean": [
            8.612524056853877
        ],
        "var": [
            8708913807.986176
        ],
        "shape": [
            1
        ],
        "count": 2912550
    },
    "obs_running_stats": {
        "mean": [
            -5.871596519745721e-13,
            3.306563428361761e-13,
            0.11981811018808756,
            5.040506937036438e-13,
            -6.798973384351346e-13,
            -0.010218789800716105,
            -6.879661899876719e-13,
            -4.260836992948833e-13,
            0.016085031198096192,
            0.6367719416406146,
            0.32154374912596223,
            0.059884415639210174,
            -0.27106911058791205,
            -0.01770503781009981,
            0.09912193984053849,
            0.38653210416112055,
            0.17477176518291845,
            0.9790468215051854,
            0.9744877801992462,
            0.9756143111793737,
            0.9306494234225131,
            0.9346542855767127,
            0.9791353939420058,
            0.9793974315069377,
            0.9797812183762946,
            0.9771981010190058,
            0.9779645448470087,
            0.9798040456567703,
            0.9799922377410052,
            0.9795120248193351,
            0.979033725113887,
            0.9795710957010622,
            0.930059410848407,
            0.9791232750462132,
            0.9791232732964169,
            0.9300594108484025,
            0.9795710974502357,
            0.9790337268638909,
            0.9795120265689222,
            0.9799922394906638,
            0.9798040456567908,
            0.9779645465964657,
            0.9771981027681743,
            0.9797812183763684,
            0.9793974332563411,
            0.9791353939419399,
            0.9346542855766515,
            0.9306494216728747,
            0.975614312928697,
            0.974487781948757,
            0.9790468232545662,
            -0.021278780787405402,
            0.019608149327111354,
            0.053446544318150005,
            0.06036368504224586,
            0.0005391279359250826,
            -0.005280564461506643,
            0.01599933427473774,
            0.007773525239508548,
            0.6358006882491267,
            -0.0013943002193349276,
            0.002783409969669769,
            -0.004072708136180147,
            0.038575342420908335,
            -0.05466264972011607,
            0.036198182643886315,
            0.1924772364479121,
            0.5695058685396253,
            0.6358956123811891,
            0.0006061409997394111,
            0.021278780295371977,
            -0.019608149340785946,
            0.053446543662091756,
            -0.060363684987589795,
            -0.0005391277582435581,
            -0.00528056500821993,
            -0.015999334001377322,
            -0.007773525116484186,
            0.6358006864999795,
            0.0013943000963261537,
            -0.0027834100012770297,
            -0.004072707862824537,
            -0.03857534258493234,
            0.05466265037615327,
            0.03619818264389502,
            0.19247723819737392,
            0.569505868102235,
            0.6358956136929625,
            0.000606141000166474
        ],
        "var": [
            48561222.02093394,
            43418871.74276819,
            2774135.242745475,
            7997751.158319328,
            14686230.624396723,
            2844682.959736454,
            57516917.31212558,
            42012938.69168371,
            23817908.16419593,
            33067989.310428977,
            59114016.487199165,
            58405857.37831294,
            58765896.26183753,
            20212714.586080667,
            12387469.8697908,
            32907140.484037004,
            20027765.152346462,
            2747681.869247472,
            3350797.190674012,
            3203000.188553918,
            8817168.385488309,
            8334271.177612899,
            2732482.6041668914,
            2698277.466937271,
            2640488.0609908095,
            2991001.2734191474,
            2891054.2674138327,
            2639559.538957679,
            2613878.956948894,
            2673406.4883053727,
            2734212.887214774,
            2665482.21787035,
            8883589.044282556,
            2721815.497571169,
            2721815.502032908,
            8883589.036468178,
            2665482.2144946815,
            2734212.8672332335,
            2673406.481224033,
            2613878.9506428707,
            2639559.538957849,
            2891054.260164864,
            2991001.27023179,
            2640488.0609906986,
            2698277.2238937095,
            2732482.6041667582,
            8334271.169800402,
            8817168.345347948,
            3203000.1828120057,
            3350796.3376352037,
            2747681.787534159,
            47481540.77502693,
            40810677.12012233,
            1621346.828799619,
            55476538.929023504,
            68022656.24063592,
            14772172.256482663,
            19632372.159555715,
            19494619.01828062,
            43501081.76676173,
            11749050.879640058,
            18255501.070426103,
            1452766.7453722968,
            17355963.334673032,
            17229656.348475587,
            11352328.512191053,
            12337488.287307402,
            34022981.33049643,
            32141388.84958526,
            84070.95538609839,
            47481540.274274096,
            40810677.30758831,
            1621346.8182857477,
            55476538.67958613,
            68022655.86584474,
            14772172.313824251,
            19632372.099315323,
            19494619.206293073,
            43501082.450333156,
            11749050.754535936,
            18255501.132900536,
            1452766.760502551,
            17355963.14596195,
            17229656.341145243,
            11352328.543441266,
            12337488.268774843,
            34022981.3875038,
            32141388.75442924,
            84070.95538604075
        ],
        "shape": [
            89
        ],
        "count": 138791608
    },
    "wandb_run_id": "qwkk58u3",
    "wandb_project": "rlgym-ppo",
    "wandb_entity": "gashfraude-epsi",
    "wandb_group": "unnamed-runs",
    "wandb_config": {
        "n_proc": 48,
        "min_inference_size": 36,
        "timestep_limit": 1e+16,
        "exp_buffer_size": 150000,
        "ts_per_iteration": 50000,
        "standardize_returns": true,
        "standardize_obs": true,
        "policy_layer_sizes": [
            512,
            512,
            256
        ],
        "critic_layer_sizes": [
            512,
            512,
            256
        ],
        "ppo_epochs": 2,
        "ppo_batch_size": 50000,
        "ppo_minibatch_size": 50000,
        "ppo_ent_coef": 0.01,
        "ppo_clip_range": 0.2,
        "gae_lambda": 0.95,
        "gae_gamma": 0.99,
        "policy_lr": 0.0002,
        "critic_lr": 0.0002,
        "shm_buffer_size": 8192
    }
}