{
    "cumulative_timesteps": 131095250,
    "cumulative_model_updates": 15642,
    "policy_average_reward": 1577.9836790323832,
    "epoch": 2611,
    "ts_since_last_save": 500476,
    "reward_running_stats": {
        "mean": [
            17.043104901809293
        ],
        "var": [
            285291940.21468985
        ],
        "shape": [
            1
        ],
        "count": 393000
    },
    "obs_running_stats": {
        "mean": [
            -4.3513941696612124e-12,
            2.4504682538919873e-12,
            0.13078403722454407,
            3.735480213824282e-12,
            -5.038665947601115e-12,
            -0.019392457170005994,
            -5.098463572136129e-12,
            -3.157672925437952e-12,
            0.010245172287479164,
            0.4656634401345546,
            0.23996984492741438,
            -0.17785208640598146,
            0.06960806552462198,
            0.04830916069119081,
            0.17326140203188847,
            0.6186960389084177,
            0.47544451520384867,
            0.9795501012342207,
            0.9772316627704238,
            0.9772447472687763,
            0.9451612544844492,
            0.9438021789675918,
            0.9774547933070287,
            0.9772532027163315,
            0.9765561920484145,
            0.9775769634405255,
            0.9764511064953537,
            0.9760359136201363,
            0.9755285702254867,
            0.9747703719528541,
            0.9735591904546574,
            0.9743714257453389,
            0.9413729769264362,
            0.9734445907649655,
            0.9734445777997293,
            0.9413729769264199,
            0.974371438710625,
            0.9735592034199859,
            0.9747703849181086,
            0.9755285831906633,
            0.9760359136201344,
            0.9764511194605251,
            0.9775769764058535,
            0.9765561920483852,
            0.9772532156814757,
            0.9774547933070369,
            0.9438021789675437,
            0.9451612415192655,
            0.9772447602342321,
            0.9772316757355325,
            0.9795501141996463,
            -0.014375627230480456,
            0.0042490237283269346,
            0.07362457187834243,
            0.060877141865894074,
            0.008927855178663452,
            -0.008572926800977224,
            0.006968091185275421,
            0.005581117272571636,
            0.5885914320688193,
            -0.0016756679255879956,
            0.0012727625495319156,
            -0.007562486151392124,
            0.02414237836597041,
            -0.026369181580385766,
            0.04824624183228318,
            0.11700040918122946,
            0.4240038921471441,
            0.4974246858265526,
            0.0007176044930280822,
            0.014375623583998564,
            -0.004249023829618141,
            0.07362456701638459,
            -0.06087714146073249,
            -0.008927853861880166,
            -0.008572930852622406,
            -0.006968089159453085,
            -0.00558111636095176,
            0.5885914191035656,
            0.0016756670139676218,
            -0.0012727627837683044,
            -0.007562484125569459,
            -0.024142379581459452,
            0.026369186442359343,
            0.04824624183227579,
            0.11700042214653335,
            0.42400388890581203,
            0.49742469555050817,
            0.0007176044961935605
        ],
        "var": [
            6686943.761331023,
            4900399.932124092,
            502615.92296901,
            913354.2427910857,
            1018677.1462079558,
            477463.5242842095,
            6384088.081201173,
            6139940.06452502,
            2897031.4165203543,
            5113363.073602762,
            4653374.603485481,
            3626857.824601833,
            4603392.128856849,
            1993254.897612065,
            2676457.5731541133,
            4414317.00543063,
            4681027.131738019,
            275644.32714754675,
            316947.41773709224,
            317467.88098868687,
            830107.5314890441,
            850808.3826905607,
            309777.8252402287,
            314037.58955172263,
            319790.8235389286,
            308972.4317065516,
            330747.4891400962,
            331184.3267422895,
            339614.4335531562,
            348685.2551756997,
            367370.51263406273,
            355715.54106606543,
            888942.5433505535,
            368914.3239962133,
            368914.32570042735,
            888942.5355381181,
            355715.5402167865,
            367370.4953106873,
            348685.25039555994,
            339614.4294157231,
            331184.3267422942,
            330747.4826260129,
            308972.4283353133,
            319790.82353891735,
            314037.34754740127,
            309777.82524022914,
            850808.3748779745,
            830107.4983977255,
            317467.8744534705,
            316946.5633659777,
            275644.2451899855,
            6394433.252378123,
            4777845.712464764,
            339655.05338007736,
            8022709.952130505,
            8652102.062002243,
            1970289.1140993035,
            3049296.005361984,
            2843075.1712902207,
            6331846.262844709,
            1723237.255487635,
            2024223.5592488204,
            285301.0257381164,
            2606141.46855105,
            2590816.9902899596,
            1181742.0267776563,
            1084876.3350034805,
            4569424.471155906,
            4688508.464869334,
            13424.304291504655,
            6394432.750667952,
            4777845.899976406,
            339655.0465417127,
            8022709.70274725,
            8652101.687637737,
            1970289.1709409053,
            3049295.94443202,
            2843075.3592275307,
            6331846.923525997,
            1723237.130388472,
            2024223.6217403044,
            285301.0411328499,
            2606141.2805001056,
            2590816.988109728,
            1181742.0580272377,
            1084876.3531162918,
            4569424.51051227,
            4688508.420134806,
            13424.304291435128
        ],
        "shape": [
            89
        ],
        "count": 18727982
    },
    "wandb_run_id": "qwkk58u3",
    "wandb_project": "rlgym-ppo",
    "wandb_entity": "gashfraude-epsi",
    "wandb_group": "unnamed-runs",
    "wandb_config": {
        "n_proc": 48,
        "min_inference_size": 36,
        "timestep_limit": 1e+16,
        "exp_buffer_size": 150000,
        "ts_per_iteration": 50000,
        "standardize_returns": true,
        "standardize_obs": true,
        "policy_layer_sizes": [
            512,
            512,
            256
        ],
        "critic_layer_sizes": [
            512,
            512,
            256
        ],
        "ppo_epochs": 2,
        "ppo_batch_size": 50000,
        "ppo_minibatch_size": 50000,
        "ppo_ent_coef": 0.01,
        "ppo_clip_range": 0.2,
        "gae_lambda": 0.95,
        "gae_gamma": 0.99,
        "policy_lr": 0.0002,
        "critic_lr": 0.0002,
        "shm_buffer_size": 8192
    }
}