{
    "cumulative_timesteps": 182135858,
    "cumulative_model_updates": 21688,
    "policy_average_reward": 848.5728759702544,
    "epoch": 3622,
    "ts_since_last_save": 500336,
    "reward_running_stats": {
        "mean": [
            23.007921363734017
        ],
        "var": [
            752789425.3920835
        ],
        "shape": [
            1
        ],
        "count": 546000
    },
    "obs_running_stats": {
        "mean": [
            -3.1319923727205847e-12,
            1.7637675623271117e-12,
            0.13335418373631797,
            2.6886774863888157e-12,
            -3.626668304288192e-12,
            -0.015961990620555734,
            -3.66970867952692e-12,
            -2.272790547080769e-12,
            0.012230680769566045,
            0.5313485295257655,
            0.25533913406458636,
            -0.19014703921855725,
            0.07745778872169852,
            0.055661670501128,
            0.13242142517911834,
            0.6892576309980568,
            0.3705695155828872,
            0.9790254759073258,
            0.9760856917078806,
            0.9764769771564544,
            0.9383113471604403,
            0.9379246469076163,
            0.9783644371324978,
            0.9782960889355283,
            0.9782623986758016,
            0.9764293105148694,
            0.9751488075638133,
            0.9776951789757605,
            0.9771527578858703,
            0.976599652278565,
            0.9763570654227699,
            0.9762810657624773,
            0.9354440424827132,
            0.9760637383015126,
            0.9760637289696498,
            0.935444042482732,
            0.9762810750943615,
            0.9763570747548596,
            0.9765996616104541,
            0.9771527672177934,
            0.9776951789757734,
            0.9751488168957311,
            0.9764293198467687,
            0.9782623986758018,
            0.9782960982674752,
            0.9783644371324742,
            0.9379246469076209,
            0.9383113378285236,
            0.9764769864885486,
            0.976085701039805,
            0.9790254852393777,
            -0.013990795220758936,
            0.002044299023573904,
            0.06873702254617457,
            0.05258704396882378,
            0.004685116848711939,
            -0.002179828199019243,
            0.010194403766386917,
            0.005307005424522861,
            0.6278208038228416,
            -0.0015058142329347807,
            0.0016126788423771593,
            -0.006342728382949906,
            0.018674476715462282,
            -0.02978961470989191,
            0.058872436292205725,
            0.10277817020993704,
            0.5160219636952891,
            0.5806499622058718,
            0.0014402007798521444,
            0.01399079259613753,
            -0.0020442990964791,
            0.06873701904671219,
            -0.05258704367719973,
            -0.004685115900934783,
            -0.0021798311152622304,
            -0.010194402308268997,
            -0.005307004768369033,
            0.6278207944906736,
            0.0015058135767803719,
            -0.001612679010973052,
            -0.006342726924828218,
            -0.018674477590333187,
            0.02978961820938167,
            0.05887243629218899,
            0.10277817954195677,
            0.5160219613623247,
            0.5806499692047978,
            0.0014402007821304437
        ],
        "var": [
            9526587.889193943,
            7053984.039962975,
            686540.0045752825,
            1495301.8249029012,
            1761196.6416948142,
            657793.3539472745,
            9049734.833157826,
            8544147.913369296,
            4330935.068105542,
            6015917.338330856,
            6773446.740538533,
            5663174.208905421,
            6490637.3676530905,
            2601468.6901896866,
            2983100.504924109,
            5569069.173825655,
            6079310.635326728,
            434790.56882458885,
            507608.55919919285,
            498664.8287280384,
            1365499.0763096758,
            1372389.83109798,
            447837.3443122026,
            450194.02910563827,
            444335.13595651434,
            497291.88342575904,
            530655.938672715,
            460555.5587800233,
            473420.6220635857,
            482723.60174902726,
            485912.96247737424,
            490561.2792507016,
            1426624.5412884408,
            492693.3804959045,
            492693.38347192,
            1426624.5334761958,
            490561.2774741047,
            485912.9437952312,
            482723.5960806054,
            473420.61713744444,
            460555.5587800377,
            530655.9327910678,
            497291.880611854,
            444335.1359564992,
            450193.7865948893,
            447837.34431217966,
            1372389.8232853068,
            1365499.0398919773,
            498664.8225656743,
            507607.7053845662,
            434790.4871217928,
            9181033.702444566,
            6888232.826301187,
            446681.68361955625,
            11082990.26130282,
            12195116.893131038,
            2658124.568635682,
            3964693.2230751947,
            3576633.443078189,
            8204756.690023554,
            2574935.075378187,
            3069358.247935907,
            399473.38249678345,
            3201860.3278295584,
            3231211.5129150804,
            1625345.6674366754,
            1370908.8957701016,
            6493782.927419964,
            6342267.101841822,
            37413.979329225236,
            9181033.200678177,
            6888233.013823041,
            446681.67589111254,
            11082990.011792792,
            12195116.518555323,
            2658124.626447421,
            3964693.162389688,
            3576633.6310060183,
            8204757.3697552085,
            2574934.9502737396,
            3069358.3104242063,
            399473.3977989607,
            3201860.1400272725,
            3231211.5101124155,
            1625345.6986861348,
            1370908.9207892925,
            6493782.977948504,
            6342267.026795142,
            37413.97932906946
        ],
        "shape": [
            89
        ],
        "count": 26019486
    },
    "wandb_run_id": "qwkk58u3",
    "wandb_project": "rlgym-ppo",
    "wandb_entity": "gashfraude-epsi",
    "wandb_group": "unnamed-runs",
    "wandb_config": {
        "n_proc": 48,
        "min_inference_size": 36,
        "timestep_limit": 1e+16,
        "exp_buffer_size": 150000,
        "ts_per_iteration": 50000,
        "standardize_returns": true,
        "standardize_obs": true,
        "policy_layer_sizes": [
            512,
            512,
            256
        ],
        "critic_layer_sizes": [
            512,
            512,
            256
        ],
        "ppo_epochs": 2,
        "ppo_batch_size": 50000,
        "ppo_minibatch_size": 50000,
        "ppo_ent_coef": 0.01,
        "ppo_clip_range": 0.2,
        "gae_lambda": 0.95,
        "gae_gamma": 0.99,
        "policy_lr": 0.0002,
        "critic_lr": 0.0002,
        "shm_buffer_size": 8192
    }
}