{
    "cumulative_timesteps": 181635522,
    "cumulative_model_updates": 21628,
    "policy_average_reward": 744.0643814459688,
    "epoch": 3612,
    "ts_since_last_save": 500424,
    "reward_running_stats": {
        "mean": [
            23.040941450452067
        ],
        "var": [
            752011501.168438
        ],
        "shape": [
            1
        ],
        "count": 544500
    },
    "obs_running_stats": {
        "mean": [
            -3.140619712253977e-12,
            1.7686260106857316e-12,
            0.13341339783398848,
            2.6960836769364327e-12,
            -3.6366582710703143e-12,
            -0.01598389135498161,
            -3.679817203654476e-12,
            -2.2790511427196417e-12,
            0.012251590588273038,
            0.5311217590351677,
            0.2556014187073555,
            -0.18968331428970966,
            0.0777714277009797,
            0.05583064602807365,
            0.1326842566558344,
            0.6888800443713148,
            0.3710871593904794,
            0.9790144856585923,
            0.9760720760549108,
            0.9764659423379544,
            0.9383209333232925,
            0.9379084260900014,
            0.9783484272923787,
            0.978281856293133,
            0.9782524666312105,
            0.9764260448077283,
            0.9751389315143406,
            0.9776729707452375,
            0.9771415420170085,
            0.9765782031094923,
            0.9763281266952195,
            0.9762631324202478,
            0.9354404891613056,
            0.9760356102006995,
            0.9760356008431358,
            0.9354404891613312,
            0.9762631417778407,
            0.9763281360530179,
            0.9765782124670839,
            0.9771415513746389,
            0.9776729707452522,
            0.9751389408719595,
            0.9764260541653342,
            0.9782524666312115,
            0.9782818656507821,
            0.9783484272923556,
            0.9379084260900148,
            0.9383209239656768,
            0.9764659516957545,
            0.9760720854125398,
            0.9790144950163506,
            -0.01397504945860129,
            0.00205710954908625,
            0.06880768847389608,
            0.05268488538096741,
            0.0047138862141036285,
            -0.0022539532995096727,
            0.010195937894066,
            0.005314363291038528,
            0.6273332373504794,
            -0.0015107358341512388,
            0.0016100516674348252,
            -0.006350955782256685,
            0.01875250445978127,
            -0.029848067455165137,
            0.05887542958141392,
            0.10291498484178001,
            0.5153471984966165,
            0.5800303592651742,
            0.0014414316947061355,
            0.0139750468267503,
            -0.0020571096221923555,
            0.06880768496479335,
            -0.05268488508854037,
            -0.004713885263715627,
            -0.0022539562237856962,
            -0.010195936431931714,
            -0.005314362633077219,
            0.6273332279926372,
            0.0015107351761893823,
            -0.001610051836495092,
            -0.006350954320118498,
            -0.018752505337062058,
            0.02984807096429507,
            0.05887542958139757,
            0.10291499419950646,
            0.5153471961572245,
            0.5800303662833775,
            0.0014414316969907108
        ],
        "var": [
            9498663.391630052,
            7033262.978356101,
            685175.7877470113,
            1491087.5103549086,
            1755922.477692126,
            656502.9106309381,
            9022498.728460228,
            8518553.11294593,
            4319828.169531397,
            5993887.863253722,
            6754222.827414771,
            5642019.188696237,
            6477433.570211673,
            2596924.0117617664,
            2979900.859095167,
            5557465.183264995,
            6066109.041938687,
            433596.04735102196,
            506276.533287253,
            497295.90480097383,
            1361143.7642197402,
            1368596.9915005944,
            446721.8195618753,
            449029.6624280724,
            443061.7031832966,
            495727.59890493687,
            529167.3414925787,
            459547.3989276226,
            472102.6305774229,
            481620.6808255974,
            484978.3879266594,
            489349.407955371,
            1422388.510836879,
            491718.37112159806,
            491718.37408394885,
            1422388.5030246386,
            489349.4061874854,
            484978.36925857107,
            481620.67516758945,
            472102.6256567303,
            459547.39892763575,
            529167.3356157292,
            495727.5960926183,
            443061.7031832827,
            449029.41992423387,
            446721.8195618527,
            1368596.983687926,
            1361143.7278066913,
            497295.89864396804,
            506275.67947924376,
            433595.9656535631,
            9154932.535028977,
            6869229.593571804,
            445808.9249452572,
            11051958.624112828,
            12159518.055715647,
            2653195.8033888787,
            3958550.7950554206,
            3571349.457007598,
            8188766.042026858,
            2569976.4954257268,
            3063286.2880007755,
            398915.2197225292,
            3197080.381645827,
            3226476.572583827,
            1621550.3195323178,
            1368627.143956595,
            6476481.51237652,
            6327446.343480363,
            37343.03554445353,
            9154932.03326049,
            6869229.781093668,
            445808.9172296799,
            11051958.374604225,
            12159517.681141417,
            2653195.861189419,
            3958550.734370055,
            3571349.644935693,
            8188766.721521719,
            2569976.3703214303,
            3063286.3504892075,
            398915.23502532963,
            3197080.1938399947,
            3226476.569770458,
            1621550.350781763,
            1368627.1689093425,
            6476481.562823131,
            6327446.268659507,
            37343.035544297505
        ],
        "shape": [
            89
        ],
        "count": 25948010
    },
    "wandb_run_id": "qwkk58u3",
    "wandb_project": "rlgym-ppo",
    "wandb_entity": "gashfraude-epsi",
    "wandb_group": "unnamed-runs",
    "wandb_config": {
        "n_proc": 48,
        "min_inference_size": 36,
        "timestep_limit": 1e+16,
        "exp_buffer_size": 150000,
        "ts_per_iteration": 50000,
        "standardize_returns": true,
        "standardize_obs": true,
        "policy_layer_sizes": [
            512,
            512,
            256
        ],
        "critic_layer_sizes": [
            512,
            512,
            256
        ],
        "ppo_epochs": 2,
        "ppo_batch_size": 50000,
        "ppo_minibatch_size": 50000,
        "ppo_ent_coef": 0.01,
        "ppo_clip_range": 0.2,
        "gae_lambda": 0.95,
        "gae_gamma": 0.99,
        "policy_lr": 0.0002,
        "critic_lr": 0.0002,
        "shm_buffer_size": 8192
    }
}