{
    "cumulative_timesteps": 130094334,
    "cumulative_model_updates": 15522,
    "policy_average_reward": 669.0309471762357,
    "epoch": 2591,
    "ts_since_last_save": 500442,
    "reward_running_stats": {
        "mean": [
            17.02487514860358
        ],
        "var": [
            283028827.51292264
        ],
        "shape": [
            1
        ],
        "count": 390000
    },
    "obs_running_stats": {
        "mean": [
            -4.384872639813253e-12,
            2.4693215053539054e-12,
            0.13087248852375646,
            3.764220005094374e-12,
            -5.0774321029341786e-12,
            -0.01947549570447475,
            -5.1376897955491725e-12,
            -3.1819672210444122e-12,
            0.010127038593226861,
            0.46356830440258023,
            0.2394320706202514,
            -0.17773667246362188,
            0.07030141520222422,
            0.0472784596191263,
            0.17430451785715173,
            0.6176293239668662,
            0.4785987728990674,
            0.97954267103948,
            0.9772317919604739,
            0.9772707506090201,
            0.94526045911461,
            0.9439198753180019,
            0.9774142932124648,
            0.9772355799476597,
            0.9765256737059574,
            0.9775945999729054,
            0.9764763306528383,
            0.9759985944376027,
            0.9755183404239383,
            0.9747405880285074,
            0.9735090576176375,
            0.9743401866405402,
            0.9414582090887269,
            0.973390455431065,
            0.9733904423660878,
            0.9414582090887179,
            0.9743401997055695,
            0.9735090706827199,
            0.9747406010935159,
            0.9755183534888555,
            0.975998594437607,
            0.9764763437177645,
            0.9775946130379783,
            0.9765256737059269,
            0.9772355930125509,
            0.9774142932124714,
            0.9439198753179536,
            0.945260446049665,
            0.9772707636742342,
            0.9772318050253244,
            0.9795426841046538,
            -0.014416739980312412,
            0.004223611519351336,
            0.07373069064946143,
            0.060982873666844156,
            0.009222449225742294,
            -0.008873550287687106,
            0.006845867854285765,
            0.005602230563244073,
            0.5881562670912639,
            -0.0016704998251720865,
            0.0012730286854158999,
            -0.007597379474687352,
            0.02419322887806958,
            -0.026062890448601415,
            0.04801970211599801,
            0.11736232676160034,
            0.42232869486326813,
            0.49594971957026973,
            0.0007127408288939776,
            0.01441673630577561,
            -0.004223611621421796,
            0.07373068575009416,
            -0.06098287325856524,
            -0.009222447898827967,
            -0.008873554370504425,
            -0.006845865812877107,
            -0.005602229644610398,
            0.5881562540262578,
            0.0016704989065379245,
            -0.0012730289214543927,
            -0.007597377433278496,
            -0.0241932301029109,
            0.02606289534798188,
            0.048019702115991034,
            0.11736233982665664,
            0.4223286915970046,
            0.49594972936907034,
            0.000712740832083778
        ],
        "var": [
            6631515.561772465,
            4858566.562996319,
            499800.6267015575,
            904505.4649251715,
            1007585.4309255062,
            474623.47385597526,
            6330827.213929081,
            6091205.297448429,
            2870539.6952230404,
            5084646.077476615,
            4604354.022160915,
            3589754.1451902883,
            4554765.121268871,
            1976975.1753568416,
            2668623.9856777666,
            4385269.652075572,
            4648060.417421116,
            272912.47561040276,
            313763.6516461697,
            313826.90177618986,
            821054.5689864341,
            841282.5618926974,
            307345.5343196496,
            311171.66815254977,
            317057.8003002902,
            305525.01864434785,
            327012.8503757409,
            328500.1737727005,
            336381.7550415588,
            345694.3245150201,
            364572.16040001134,
            352695.68205117685,
            879652.6113826166,
            366170.66815138905,
            366170.6698293176,
            879652.6035701862,
            352695.68121706817,
            364572.1431009862,
            345694.3197493368,
            336381.7509090938,
            328500.17377270537,
            327012.843849373,
            305525.015264541,
            317057.8003002777,
            311171.4261567813,
            307345.5343196488,
            841282.5540801119,
            821054.5359432941,
            313826.8952283404,
            313762.79727498634,
            272912.3936564509,
            6340993.685525168,
            4736584.817320336,
            337417.4528176637,
            7963369.011433879,
            8582561.537316827,
            1956298.0958819329,
            3028416.5877912217,
            2825418.509462889,
            6286486.465831567,
            1706990.1806113184,
            2004462.5114018307,
            283245.68762873975,
            2590864.8920652736,
            2574495.64627064,
            1173334.5844759503,
            1079034.6526125749,
            4529719.076015301,
            4652580.790817359,
            13231.507214648313,
            6340993.183820691,
            4736585.004832102,
            337417.4459986343,
            7963368.762052367,
            8582561.162967136,
            1956298.152677927,
            3028416.526852036,
            2825418.697400937,
            6286487.126301556,
            1706990.0555119829,
            2004462.5738933797,
            283245.7030261056,
            2590864.704011882,
            2574495.644146332,
            1173334.6157255345,
            1079034.6705496095,
            4529719.115168317,
            4652580.746620241,
            13231.50721457936
        ],
        "shape": [
            89
        ],
        "count": 18584994
    },
    "wandb_run_id": "qwkk58u3",
    "wandb_project": "rlgym-ppo",
    "wandb_entity": "gashfraude-epsi",
    "wandb_group": "unnamed-runs",
    "wandb_config": {
        "n_proc": 48,
        "min_inference_size": 36,
        "timestep_limit": 1e+16,
        "exp_buffer_size": 150000,
        "ts_per_iteration": 50000,
        "standardize_returns": true,
        "standardize_obs": true,
        "policy_layer_sizes": [
            512,
            512,
            256
        ],
        "critic_layer_sizes": [
            512,
            512,
            256
        ],
        "ppo_epochs": 2,
        "ppo_batch_size": 50000,
        "ppo_minibatch_size": 50000,
        "ppo_ent_coef": 0.01,
        "ppo_clip_range": 0.2,
        "gae_lambda": 0.95,
        "gae_gamma": 0.99,
        "policy_lr": 0.0002,
        "critic_lr": 0.0002,
        "shm_buffer_size": 8192
    }
}