{
    "cumulative_timesteps": 174131284,
    "cumulative_model_updates": 20754,
    "policy_average_reward": 2821.878285426446,
    "epoch": 3465,
    "ts_since_last_save": 500426,
    "reward_running_stats": {
        "mean": [
            21.4465342560766
        ],
        "var": [
            598708568.5148982
        ],
        "shape": [
            1
        ],
        "count": 522000
    },
    "obs_running_stats": {
        "mean": [
            -3.2759646691593213e-12,
            1.844844923549527e-12,
            0.1328902262871801,
            2.812271362882933e-12,
            -3.793380007648093e-12,
            -0.016429621085606107,
            -3.83839887244629e-12,
            -2.377266817704439e-12,
            0.012455380336963317,
            0.5241295302521475,
            0.2550693655697518,
            -0.18751005198800486,
            0.07761646442087573,
            0.05705594273183124,
            0.13771511387886387,
            0.6808349773615743,
            0.38203818795226263,
            0.9791354818589605,
            0.9762343429361593,
            0.9766177266762684,
            0.9393107713176146,
            0.9386578224965173,
            0.9782560435756394,
            0.9781668657842906,
            0.9780720110995145,
            0.9766378158742395,
            0.9753491418759481,
            0.9774864355746994,
            0.9769206882974361,
            0.9763789398474616,
            0.9759978901241025,
            0.9760302316802155,
            0.9364079391912501,
            0.9757125859501313,
            0.975712576189295,
            0.9364079391912703,
            0.9760302414410579,
            0.9759978998851917,
            0.9763789496083697,
            0.9769206980583083,
            0.9774864355747146,
            0.9753491516368663,
            0.9766378256351249,
            0.978072011099516,
            0.9781668755452007,
            0.9782560435756312,
            0.9386578224965336,
            0.9393107615567147,
            0.9766177364373593,
            0.9762343526970998,
            0.9791354916200015,
            -0.013886620184632872,
            0.002437355012879924,
            0.06939057145755209,
            0.054388749480408415,
            0.00470256193712133,
            -0.0032706989974041092,
            0.009557359218712423,
            0.005246584687741269,
            0.6212024364082138,
            -0.001507421408353251,
            0.0015558223172745635,
            -0.006506053911889006,
            0.019420883064626845,
            -0.030398324461477656,
            0.05758575053583918,
            0.10443279959922461,
            0.5021110830633223,
            0.5680748884070596,
            0.0013121607280819076,
            0.013886617439362531,
            -0.002437355089136532,
            0.06939056779721409,
            -0.05438874917538302,
            -0.004702560945776379,
            -0.0032707020477015956,
            -0.009557357693566278,
            -0.005246584001425522,
            0.621202426647178,
            0.0015074207220364768,
            -0.001555822493620431,
            -0.0065060523867402405,
            -0.01942088397971427,
            0.030398328121833625,
            0.05758575053582428,
            0.10443280936022083,
            0.5021110806231512,
            0.5680748957277468,
            0.0013121607304649595
        ],
        "var": [
            9077963.505596029,
            6712823.317683048,
            657023.4259599271,
            1395981.631380084,
            1632031.035581332,
            628908.1918453274,
            8628513.553566486,
            8166465.5688845245,
            4104672.4699688363,
            5883816.482838372,
            6493998.463466097,
            5347196.141439598,
            6243448.658145365,
            2516023.785039179,
            2947840.2610597173,
            5401693.743257818,
            5883170.086792502,
            408687.1249588762,
            477394.8367015331,
            469061.79656082665,
            1277490.1935433487,
            1289825.1051812547,
            426211.648343948,
            428988.7366435427,
            424547.6655770396,
            466030.6197818761,
            498207.8412069805,
            440578.7304984542,
            453399.39607503364,
            461823.5903776011,
            468025.4682836383,
            470024.0365455732,
            1336664.7873222732,
            474291.2998199059,
            474291.30262540246,
            1336664.7795099814,
            470024.0348907894,
            468025.4497759321,
            461823.5848163517,
            453399.39126159024,
            440578.7304984645,
            498207.83522806776,
            466030.6168667225,
            424547.6655770272,
            428988.4941955455,
            426211.6483439378,
            1289825.097368533,
            1277490.1576109028,
            469061.79033010156,
            477393.9828147294,
            408687.04320266814,
            8734026.646725615,
            6552955.052460707,
            430208.9359379608,
            10603711.369573578,
            11633630.598679032,
            2553629.982512607,
            3833920.2201176113,
            3474244.6726684063,
            7951252.672030597,
            2441136.6825856697,
            2901540.765431123,
            382095.966516674,
            3128799.759956389,
            3155591.6675726105,
            1560899.8545998468,
            1325901.367792586,
            6214474.851801824,
            6110352.144904967,
            32593.11777108946,
            8734026.144946832,
            6552955.239980186,
            430208.9283285015,
            10603711.120091215,
            11633630.224104231,
            2553630.0401589675,
            3833920.1593838953,
            3474244.8605943257,
            7951253.348548094,
            2441136.557481169,
            2901540.827920178,
            382095.9818312789,
            3128799.572120022,
            3155591.664659189,
            1560899.8858493683,
            1325901.3920083172,
            6214474.900641227,
            6110352.0744387265,
            32593.117770949033
        ],
        "shape": [
            89
        ],
        "count": 24875980
    },
    "wandb_run_id": "qwkk58u3",
    "wandb_project": "rlgym-ppo",
    "wandb_entity": "gashfraude-epsi",
    "wandb_group": "unnamed-runs",
    "wandb_config": {
        "n_proc": 48,
        "min_inference_size": 36,
        "timestep_limit": 1e+16,
        "exp_buffer_size": 150000,
        "ts_per_iteration": 50000,
        "standardize_returns": true,
        "standardize_obs": true,
        "policy_layer_sizes": [
            512,
            512,
            256
        ],
        "critic_layer_sizes": [
            512,
            512,
            256
        ],
        "ppo_epochs": 2,
        "ppo_batch_size": 50000,
        "ppo_minibatch_size": 50000,
        "ppo_ent_coef": 0.01,
        "ppo_clip_range": 0.2,
        "gae_lambda": 0.95,
        "gae_gamma": 0.99,
        "policy_lr": 0.0002,
        "critic_lr": 0.0002,
        "shm_buffer_size": 8192
    }
}