{
    "cumulative_timesteps": 278745034,
    "cumulative_model_updates": 33246,
    "policy_average_reward": 621.2450870538785,
    "epoch": 5549,
    "ts_since_last_save": 500800,
    "reward_running_stats": {
        "mean": [
            18.868997074811347
        ],
        "var": [
            982771358.2391894
        ],
        "shape": [
            1
        ],
        "count": 835500
    },
    "obs_running_stats": {
        "mean": [
            -2.046489259224075e-12,
            1.1524713238369984e-12,
            0.12986491590637644,
            1.756820888382157e-12,
            -2.369717702723249e-12,
            -0.013045487124710048,
            -2.3978409007328985e-12,
            -1.4850743273191934e-12,
            0.0034064245759908044,
            0.5839364023840462,
            0.27874256052563245,
            -0.2108329215772299,
            0.024513665987813443,
            0.04101762183576324,
            0.13304009338608216,
            0.731387270112496,
            0.29961036747576086,
            0.9790575422956209,
            0.97615477074328,
            0.9767272617164563,
            0.9323674484329124,
            0.9364959258789969,
            0.9800135530908455,
            0.979824295574428,
            0.9802302492061395,
            0.9758091419099281,
            0.9757540694647358,
            0.9799048723593775,
            0.9794966806709046,
            0.9790172195469314,
            0.9791966990004913,
            0.9788582207816962,
            0.930987069348485,
            0.9789596565032359,
            0.978959650405684,
            0.930987069348587,
            0.9788582268793691,
            0.9791967050981892,
            0.9790172256445501,
            0.9794966867685101,
            0.979904872359389,
            0.9757540755623599,
            0.9758091480075366,
            0.9802302492061419,
            0.9798243016720914,
            0.9800135530908035,
            0.9364959258789822,
            0.9323674423350983,
            0.9767272678140831,
            0.9761547768408774,
            0.9790575483933575,
            -0.012021910088302242,
            0.008739794630984427,
            0.06332717253760642,
            0.06787362999473263,
            0.01211339509279583,
            0.002238319276699644,
            0.010638163759333307,
            0.00648365447494356,
            0.6154914400459295,
            -0.001452261629401846,
            0.0016560878005903988,
            -0.00495574218030432,
            0.03507729806369184,
            -0.048322390207620594,
            0.05490890296318347,
            0.08871700267096157,
            0.49305388722175797,
            0.5589932346534852,
            0.001234111041591132,
            0.01202190837334121,
            -0.008739794678623354,
            0.06332717025099807,
            -0.06787362980419338,
            -0.012113394473507195,
            0.002238317371184162,
            -0.010638162806577027,
            -0.006483654046205437,
            0.6154914339481996,
            0.0014522612006606145,
            -0.0016560879107537258,
            -0.004955741227547826,
            -0.035077298635349544,
            0.048322392494252145,
            0.05490890296318308,
            0.08871700876861734,
            0.49305388569718106,
            0.5589932392267581,
            0.0012341110430797244
        ],
        "var": [
            14700140.118037853,
            11387676.585100282,
            979666.9412596856,
            2355080.229104383,
            3118849.862502328,
            943082.5278786412,
            14275572.909876838,
            13017217.462654775,
            6771063.109926551,
            9492382.828799853,
            12212680.433031956,
            10330831.168879535,
            10594796.692420082,
            3790498.5853093276,
            4586773.673494381,
            7819366.199000989,
            8366479.001143734,
            716971.473570432,
            827145.046955357,
            806176.5053071255,
            2370444.1940767285,
            2225677.9943227083,
            677040.2648371891,
            684929.3464659944,
            662712.2684198285,
            838446.6870281028,
            842192.840659159,
            677264.1831433158,
            692247.5926954134,
            706125.0713223061,
            696451.0142953953,
            712128.6322494226,
            2413839.1377322623,
            705006.5958465746,
            705006.6002289874,
            2413839.1299201576,
            712128.6292213928,
            696450.9942342007,
            706125.0644798749,
            692247.5866309656,
            677264.183143335,
            842192.8344834355,
            838446.6845153272,
            662712.2684198515,
            684929.1032131513,
            677040.2648371832,
            2225677.9865101227,
            2370444.1547731045,
            806176.4990232183,
            827144.1931073026,
            716971.3918522323,
            14282327.505067926,
            11097082.117641699,
            581711.581398502,
            16650798.519532703,
            18705316.063461613,
            4264585.97422176,
            6048768.255970692,
            5588925.941183133,
            13077468.475095274,
            3734986.744459692,
            4743736.905122137,
            532869.7031525365,
            5287444.977350156,
            5317851.938116055,
            2745733.6647188575,
            1868264.1491025428,
            9948868.42288876,
            9823251.770076567,
            49077.300112665456,
            14282327.003032891,
            11097082.305140529,
            581711.572684703,
            16650798.270254493,
            18705315.68924561,
            4264586.032704424,
            6048768.195318815,
            5588926.129151493,
            13077469.1488415,
            3734986.619354797,
            4743736.967609311,
            532869.7183493341,
            5287444.788802166,
            5317851.9319383195,
            2745733.695968284,
            1868264.180950295,
            9948868.470629258,
            9823251.702915907,
            49077.300112533354
        ],
        "shape": [
            89
        ],
        "count": 39820796
    },
    "wandb_run_id": "qwkk58u3",
    "wandb_project": "rlgym-ppo",
    "wandb_entity": "gashfraude-epsi",
    "wandb_group": "unnamed-runs",
    "wandb_config": {
        "n_proc": 48,
        "min_inference_size": 36,
        "timestep_limit": 1e+16,
        "exp_buffer_size": 150000,
        "ts_per_iteration": 50000,
        "standardize_returns": true,
        "standardize_obs": true,
        "policy_layer_sizes": [
            512,
            512,
            256
        ],
        "critic_layer_sizes": [
            512,
            512,
            256
        ],
        "ppo_epochs": 2,
        "ppo_batch_size": 50000,
        "ppo_minibatch_size": 50000,
        "ppo_ent_coef": 0.01,
        "ppo_clip_range": 0.2,
        "gae_lambda": 0.95,
        "gae_gamma": 0.99,
        "policy_lr": 0.0002,
        "critic_lr": 0.0002,
        "shm_buffer_size": 8192
    }
}