{
    "cumulative_timesteps": 111578558,
    "cumulative_model_updates": 13328,
    "policy_average_reward": 734.2704045955423,
    "epoch": 2224,
    "ts_since_last_save": 500000,
    "reward_running_stats": {
        "mean": [
            18.878588881850675
        ],
        "var": [
            264162730.37123218
        ],
        "shape": [
            1
        ],
        "count": 334500
    },
    "obs_running_stats": {
        "mean": [
            -5.112510966830217e-12,
            2.879087785228639e-12,
            0.1322861864698298,
            4.388865453033e-12,
            -5.9199957277059345e-12,
            -0.0197678406879147,
            -5.990252756203411e-12,
            -3.709991978751618e-12,
            0.01085545732564508,
            0.4357866242752158,
            0.2041652152810228,
            -0.17609516508971326,
            0.08511738921685329,
            0.03044190786533553,
            0.18344013159366876,
            0.5838462990162522,
            0.5166113707437808,
            0.9785821317151328,
            0.9762611189764087,
            0.9763262415488209,
            0.9435914314735349,
            0.9422624543105341,
            0.97651173464424,
            0.9764492257229425,
            0.9756010010280195,
            0.9765343195050701,
            0.9756276611752465,
            0.97513833987948,
            0.9746832852528333,
            0.9737762194546792,
            0.9725543168801538,
            0.9733861000916911,
            0.9399333876686085,
            0.9724066231500599,
            0.9724066079170557,
            0.9399333876685768,
            0.9733861153248072,
            0.972554332113344,
            0.9737762346877785,
            0.9746833004857927,
            0.9751383398794844,
            0.9756276764082874,
            0.9765343347381207,
            0.9756010010280046,
            0.9764492409559141,
            0.9765117346442681,
            0.9422624543104853,
            0.9435914162405821,
            0.9763262567821567,
            0.9762611342093287,
            0.9785821469483842,
            -0.014981785149489963,
            0.00544101574568315,
            0.07538920333437746,
            0.06261821480544327,
            0.01339278786943269,
            -0.005534071877111689,
            0.004801687064108871,
            0.003961154431131145,
            0.5929054082817601,
            -0.0017110491334068239,
            0.0014563534667371776,
            -0.007605980591174582,
            0.02545943368003062,
            -0.025501179712635602,
            0.04580509343857586,
            0.1262372208162548,
            0.42098400841950967,
            0.49261290499449323,
            0.0007417421625246222,
            0.014981780865190733,
            -0.0054410158646919175,
            0.07538919762198873,
            -0.06261821432941508,
            -0.013392786322326159,
            -0.0055340766374421405,
            -0.004801684683942175,
            -0.003961153360056863,
            0.5929053930486992,
            0.0017110480623323072,
            -0.001456353741944402,
            -0.00760597821100933,
            -0.025459435108128262,
            0.025501185425032716,
            0.04580509343857757,
            0.12623723604934495,
            0.42098400461120156,
            0.4926129164193269,
            0.0007417421662436035
        ],
        "var": [
            5680701.00639514,
            4163052.7204584116,
            435132.57354462286,
            784774.6991544401,
            874382.5882884496,
            413727.19104611076,
            5424277.362726991,
            5216776.873497623,
            2471090.0116870776,
            4258187.495625677,
            3487010.011005525,
            2885413.976423073,
            3526998.6538828723,
            1668889.625518912,
            2381458.8906757026,
            3869085.753202347,
            3990896.6634422746,
            234577.31390442545,
            269663.27667906357,
            269428.80105826055,
            707835.4262522436,
            724675.4207014861,
            262676.9909197809,
            264281.8809902988,
            270456.75895215134,
            263713.6134662492,
            279133.63393660635,
            279579.90775241767,
            285858.25574660825,
            295148.6092450901,
            310754.58712497185,
            300977.3111624303,
            755290.9432974319,
            312490.5659741203,
            312490.5671742961,
            755290.9354849799,
            300977.31079158233,
            310754.5702895762,
            295148.6049477679,
            285858.2520196734,
            279579.9077524151,
            279133.62782240944,
            263713.6106013428,
            270456.75895214174,
            264281.6393765229,
            262676.9909197815,
            724675.4128888983,
            707835.3923986553,
            269428.79496910545,
            269662.4227791863,
            234577.23241694045,
            5450625.502667536,
            4081830.0392208374,
            292638.0226379873,
            6824276.733864527,
            7360884.778118993,
            1678268.9632035512,
            2591953.1957907663,
            2406988.4674155214,
            5322716.36454395,
            1486334.7711202411,
            1743493.6610830638,
            250231.2579392952,
            2161513.1682705996,
            2160135.1294426504,
            962733.001469821,
            982267.6810584988,
            3881040.6209356016,
            3990738.3471166,
            11809.178553843107,
            5450625.001040979,
            4081830.226727364,
            292638.0161209995,
            6824276.48450818,
            7360884.40397482,
            1678269.0205062032,
            2591953.13469659,
            2406988.6552979103,
            5322717.027320496,
            1486334.6460222178,
            1743493.7235726523,
            250231.27333730075,
            2161512.9801595104,
            2160135.127420279,
            962733.0327197199,
            982267.6946855796,
            3881040.6599256326,
            3990738.3041351447,
            11809.178553770787
        ],
        "shape": [
            89
        ],
        "count": 15939884
    },
    "wandb_run_id": "qwkk58u3",
    "wandb_project": "rlgym-ppo",
    "wandb_entity": "gashfraude-epsi",
    "wandb_group": "unnamed-runs",
    "wandb_config": {
        "n_proc": 48,
        "min_inference_size": 36,
        "timestep_limit": 1e+16,
        "exp_buffer_size": 150000,
        "ts_per_iteration": 50000,
        "standardize_returns": true,
        "standardize_obs": true,
        "policy_layer_sizes": [
            512,
            512,
            256
        ],
        "critic_layer_sizes": [
            512,
            512,
            256
        ],
        "ppo_epochs": 2,
        "ppo_batch_size": 50000,
        "ppo_minibatch_size": 50000,
        "ppo_ent_coef": 0.01,
        "ppo_clip_range": 0.2,
        "gae_lambda": 0.95,
        "gae_gamma": 0.99,
        "policy_lr": 0.0002,
        "critic_lr": 0.0002,
        "shm_buffer_size": 8192
    }
}