{
    "cumulative_timesteps": 147108824,
    "cumulative_model_updates": 17530,
    "policy_average_reward": 1125.808314800108,
    "epoch": 2927,
    "ts_since_last_save": 500340,
    "reward_running_stats": {
        "mean": [
            17.641490545945548
        ],
        "var": [
            348137768.215108
        ],
        "shape": [
            1
        ],
        "count": 441000
    },
    "obs_running_stats": {
        "mean": [
            -3.877724524810267e-12,
            2.183723305778632e-12,
            0.13039361074376377,
            3.3288556933169348e-12,
            -4.49018355434611e-12,
            -0.018381135133911392,
            -4.5434719221853674e-12,
            -2.813945435739318e-12,
            0.010329724350609026,
            0.4896315833227103,
            0.24844173015857482,
            -0.17655951025452502,
            0.07099245933380555,
            0.05389675728297931,
            0.15968305966473614,
            0.6414924509597935,
            0.4334132003613866,
            0.9796828220066265,
            0.977132022020255,
            0.977171708966169,
            0.9439005194363164,
            0.9424639344306003,
            0.9779071490625079,
            0.9776809181809442,
            0.9772282264302874,
            0.9775605023408949,
            0.9763404567762693,
            0.97662782740147,
            0.9760853494043188,
            0.9754452295351452,
            0.9744885138248489,
            0.9750800510150262,
            0.9404175980605078,
            0.9743017851589666,
            0.9743017736050512,
            0.9404175980605183,
            0.9750800625689704,
            0.9744885253788503,
            0.9754452410890736,
            0.9760853609581617,
            0.9766278274014629,
            0.9763404683302359,
            0.9775605138947415,
            0.9772282264302664,
            0.9776809297347911,
            0.9779071490625031,
            0.9424639344305823,
            0.9439005078824454,
            0.9771717205203236,
            0.9771320335741281,
            0.9796828335607163,
            -0.014174457334670003,
            0.0035970762838123333,
            0.07180344575151364,
            0.059888423492827046,
            0.006256252022875548,
            -0.006623985264555663,
            0.008017746988564365,
            0.005503079510420823,
            0.5979830274300624,
            -0.0016554203987085498,
            0.0012308412937542274,
            -0.007202270119170905,
            0.02282478242336391,
            -0.030426062283064152,
            0.05149605891580089,
            0.11140977376470657,
            0.44763404022597003,
            0.5189679550211366,
            0.0008391031984452816,
            0.014174454085123881,
            -0.0035970763740773037,
            0.07180344141880467,
            -0.059888423131773005,
            -0.006256250849431199,
            -0.006623988875160861,
            -0.00801774518326263,
            -0.005503078698035569,
            0.5979830158760868,
            0.0016554195863225617,
            -0.001230841502492777,
            -0.007202268313868564,
            -0.02282478350654477,
            0.030426066615788623,
            0.05149605891579061,
            0.1114097853186925,
            0.44763403733747836,
            0.518967963686534,
            0.0008391032012661837
        ],
        "var": [
            7557751.883374436,
            5557830.093541546,
            554872.7772022244,
            1058307.1515179866,
            1198693.1537439062,
            528473.7948150554,
            7216888.008254031,
            6901939.967438232,
            3310344.99798154,
            5550908.010924161,
            5469263.445217797,
            4284601.5250457,
            5312456.658350542,
            2203096.262172798,
            2813795.614615768,
            4829348.013658523,
            5171052.928584022,
            318794.34364569664,
            369845.9433751217,
            369804.36404352443,
            972235.5848183809,
            997069.879645905,
            351108.397557217,
            356307.0051941831,
            358694.21650763403,
            359448.69852342625,
            385566.09469045664,
            372841.41762359027,
            383091.6410840793,
            391469.1580193952,
            407742.82383404055,
            398702.7371748688,
            1032902.2019489855,
            410977.4186095974,
            410977.4207300735,
            1032902.1941365693,
            398702.7359814755,
            407742.80605936266,
            391469.1529115744,
            383091.63667629706,
            372841.4176236051,
            385566.0882301526,
            359448.6951602011,
            358694.21650761797,
            356306.7629821488,
            351108.39755720866,
            997069.8718333114,
            972235.5511147747,
            369804.3575437762,
            369845.0890523877,
            318794.261623675,
            7228780.226068433,
            5408993.745948421,
            374059.25454698404,
            8988479.946470996,
            9755489.76552645,
            2183937.150675993,
            3358024.825395338,
            3104015.190933243,
            7022604.950502131,
            1959563.9296523689,
            2309634.576490952,
            316956.89770423656,
            2854654.052671295,
            2853163.503580112,
            1332761.0904180296,
            1172842.9724825583,
            5191869.781301193,
            5252984.099594076,
            17614.1513979755,
            7228779.7243295675,
            5408993.933462665,
            374059.2473769559,
            8988479.697073335,
            9755489.39102933,
            2183937.207813358,
            3358024.7645448577,
            3104015.3788678194,
            7022605.6157437535,
            1959563.8045523528,
            2309634.638982853,
            316956.9130716347,
            2854653.864680176,
            2853163.5006616213,
            1332761.1216674063,
            1172842.9933102473,
            5191869.823526498,
            5252984.047013846,
            17614.151397891423
        ],
        "shape": [
            89
        ],
        "count": 21015632
    },
    "wandb_run_id": "qwkk58u3",
    "wandb_project": "rlgym-ppo",
    "wandb_entity": "gashfraude-epsi",
    "wandb_group": "unnamed-runs",
    "wandb_config": {
        "n_proc": 48,
        "min_inference_size": 36,
        "timestep_limit": 1e+16,
        "exp_buffer_size": 150000,
        "ts_per_iteration": 50000,
        "standardize_returns": true,
        "standardize_obs": true,
        "policy_layer_sizes": [
            512,
            512,
            256
        ],
        "critic_layer_sizes": [
            512,
            512,
            256
        ],
        "ppo_epochs": 2,
        "ppo_batch_size": 50000,
        "ppo_minibatch_size": 50000,
        "ppo_ent_coef": 0.01,
        "ppo_clip_range": 0.2,
        "gae_lambda": 0.95,
        "gae_gamma": 0.99,
        "policy_lr": 0.0002,
        "critic_lr": 0.0002,
        "shm_buffer_size": 8192
    }
}