{
    "cumulative_timesteps": 972041260,
    "cumulative_model_updates": 116314,
    "policy_average_reward": 139.31398159558924,
    "epoch": 19398,
    "ts_since_last_save": 500476,
    "reward_running_stats": {
        "mean": [
            8.612507247640945
        ],
        "var": [
            8713916262.592121
        ],
        "shape": [
            1
        ],
        "count": 2914050
    },
    "obs_running_stats": {
        "mean": [
            -5.868573349481093e-13,
            3.304860943360939e-13,
            0.11981626572046779,
            5.037911673871338e-13,
            -6.795472720624643e-13,
            -0.010218427181905574,
            -6.876119692157668e-13,
            -4.2586431682765753e-13,
            0.016086150651052105,
            0.6367719685112812,
            0.3215054740513755,
            0.06012083766386025,
            -0.27129955273033607,
            -0.01793495589484174,
            0.09908007832222616,
            0.386412531202822,
            0.17473685431417033,
            0.9790461669782567,
            0.9744880399708493,
            0.975614912692487,
            0.9306517525330527,
            0.934654631873818,
            0.979135161897662,
            0.9793963660147258,
            0.9797799048700926,
            0.9771999250468645,
            0.977964022685088,
            0.9798040382418354,
            0.9799923350669937,
            0.9795118869083362,
            0.9790319179147977,
            0.9795705817113833,
            0.9300611003702083,
            0.9791225955574426,
            0.9791225938085544,
            0.9300611003702014,
            0.9795705834596535,
            0.9790319196639213,
            0.9795118886570302,
            0.9799923368157499,
            0.9798040382418512,
            0.9779640244336485,
            0.9771999267951325,
            0.979779904870163,
            0.9793963677632479,
            0.9791351618975933,
            0.9346546318737597,
            0.9306517507843189,
            0.9756149144409044,
            0.9744880417194464,
            0.9790461687267308,
            -0.021284281023781725,
            0.0196219783892381,
            0.053445669248817676,
            0.060327778578469396,
            0.0005411640022501954,
            -0.005264293593420816,
            0.016008334599742886,
            0.007759804048113338,
            0.6358776806626908,
            -0.0013959334470773357,
            0.0027849733819747986,
            -0.004073347236412847,
            0.0385608868847613,
            -0.05464367343790821,
            0.036195891975410635,
            0.19250343089544955,
            0.5696582954154252,
            0.636039111515549,
            0.0006058289091456767,
            0.02128428053200238,
            -0.019621978402905353,
            0.05344566859309774,
            -0.06032777852384079,
            -0.0005411638246601572,
            -0.0052642941398525185,
            -0.01600833432652277,
            -0.007759803925152567,
            0.635877678914446,
            0.0013959333241319078,
            -0.0027849734135658786,
            -0.0040733469631978065,
            -0.03856088704869999,
            0.054643674093607986,
            0.03619589197541975,
            0.19250343264400793,
            0.5696582949782595,
            0.6360391128266544,
            0.00060582890957252
        ],
        "var": [
            48584553.75916966,
            43441827.10843993,
            2775356.080964171,
            8002122.467187618,
            14694084.467025282,
            2846043.797322962,
            57546390.46280709,
            42033738.98864079,
            23830253.115304478,
            33084374.13090426,
            59150135.09233276,
            58443485.614586316,
            58801588.23053849,
            20240118.957727153,
            12389193.542961432,
            32920324.360784218,
            20034923.592742022,
            2749235.670160439,
            3352540.4951100955,
            3204621.7451475966,
            8821504.374697996,
            8338596.161350256,
            2733974.1341921715,
            2699862.0217103916,
            2642079.4567183587,
            2992352.650239169,
            2892664.35517643,
            2640975.335008657,
            2615267.876353163,
            2674859.691787408,
            2735920.9342247564,
            2666981.462655637,
            8888038.115957027,
            2723367.3963020057,
            2723367.400763353,
            8888038.108142769,
            2666981.4592802753,
            2735920.914244154,
            2674859.684706263,
            2615267.8700470617,
            2640975.335008828,
            2892664.347927657,
            2992352.647051002,
            2642079.456718236,
            2699861.778667342,
            2733974.134192045,
            8338596.15353774,
            8821504.334558636,
            3204621.739405325,
            3352539.642071148,
            2749235.58844738,
            47505025.68044476,
            40831342.38622855,
            1622377.5785825162,
            55504910.05384736,
            68060146.23102488,
            14778171.902070863,
            19639825.146829907,
            19501707.04727738,
            43515507.1606497,
            11755212.108998867,
            18264701.08710924,
            1453538.980914249,
            17359377.68962883,
            17233608.729071427,
            11357055.706723822,
            12344628.188101517,
            34037564.80493717,
            32152524.1805541,
            84070.98164143239,
            47505025.179693684,
            40831342.57369387,
            1622377.5680685309,
            55504909.80440951,
            68060145.8562351,
            14778171.95941473,
            19639825.086590145,
            19501707.235289365,
            43515507.84425817,
            11755211.983894894,
            18264701.149583478,
            1453538.9960445415,
            17359377.500918772,
            17233608.721744668,
            11357055.737973887,
            12344628.169556223,
            34037564.86196334,
            32152524.085345402,
            84070.98164137478
        ],
        "shape": [
            89
        ],
        "count": 138863106
    },
    "wandb_run_id": "qwkk58u3",
    "wandb_project": "rlgym-ppo",
    "wandb_entity": "gashfraude-epsi",
    "wandb_group": "unnamed-runs",
    "wandb_config": {
        "n_proc": 48,
        "min_inference_size": 36,
        "timestep_limit": 1e+16,
        "exp_buffer_size": 150000,
        "ts_per_iteration": 50000,
        "standardize_returns": true,
        "standardize_obs": true,
        "policy_layer_sizes": [
            512,
            512,
            256
        ],
        "critic_layer_sizes": [
            512,
            512,
            256
        ],
        "ppo_epochs": 2,
        "ppo_batch_size": 50000,
        "ppo_minibatch_size": 50000,
        "ppo_ent_coef": 0.01,
        "ppo_clip_range": 0.2,
        "gae_lambda": 0.95,
        "gae_gamma": 0.99,
        "policy_lr": 0.0002,
        "critic_lr": 0.0002,
        "shm_buffer_size": 8192
    }
}