{
    "cumulative_timesteps": 798980216,
    "cumulative_model_updates": 95570,
    "policy_average_reward": 138.8011825858612,
    "epoch": 15940,
    "ts_since_last_save": 500402,
    "reward_running_stats": {
        "mean": [
            9.828119295548676
        ],
        "var": [
            6831343928.333158
        ],
        "shape": [
            1
        ],
        "count": 2395200
    },
    "obs_running_stats": {
        "mean": [
            -7.139719675001597e-13,
            4.020701376950044e-13,
            0.12040138917071352,
            6.129134824202439e-13,
            -8.267387610652062e-13,
            -0.010329197662195358,
            -8.365502829897637e-13,
            -5.181074971189411e-13,
            0.009512188891902541,
            0.6351903528529066,
            0.33617362046214494,
            -0.031273553002643215,
            -0.19112174438292268,
            0.03828434329087551,
            0.11644715063812552,
            0.43806729869835725,
            0.1879931270669825,
            0.9792562969896303,
            0.9746056117891808,
            0.97601682525633,
            0.9288978278543599,
            0.9360738007001033,
            0.9795216297767633,
            0.9796519311783489,
            0.9800812141102714,
            0.976495497856881,
            0.9778862621142809,
            0.9800053883045547,
            0.980122765826121,
            0.9795954005651057,
            0.9793002283574948,
            0.9796455542151182,
            0.9293711164365365,
            0.9793360245335029,
            0.9793360224060548,
            0.9293711164365195,
            0.9796455563424008,
            0.979300230485172,
            0.979595402692522,
            0.9801227679534777,
            0.9800053883045988,
            0.9778862642413267,
            0.9764954999840348,
            0.980081214110236,
            0.979651933305764,
            0.9795216297766677,
            0.9360738006999759,
            0.928897825727175,
            0.9760168273835348,
            0.9746056139166134,
            0.979256299116809,
            -0.018090687572436356,
            0.014791506284438954,
            0.05387936593474568,
            0.0747448362277385,
            0.0009867934929411282,
            -0.011595879960605486,
            0.012645202013274163,
            0.013998008997781567,
            0.6037111800271497,
            -0.0015898851976145869,
            0.002179367202333813,
            -0.003843265763175385,
            0.04370974810187086,
            -0.06222197775559288,
            0.03680565462161476,
            0.18017122646669007,
            0.5069326315648087,
            0.5763347198971434,
            0.0007200386545003425,
            0.018090686974133425,
            -0.014791506301061795,
            0.05387936513700041,
            -0.07474483616130623,
            -0.0009867932768848613,
            -0.011595880625394354,
            -0.012645201680880385,
            -0.01399800884818468,
            0.6037111779002708,
            0.0015898850480383407,
            -0.002179367240767054,
            -0.003843265430781915,
            -0.04370974830133143,
            0.06222197855328868,
            0.03680565462159943,
            0.18017122859396525,
            0.5069326310329215,
            0.5763347214923578,
            0.0007200386550196265
        ],
        "var": [
            40444056.72701489,
            35419587.69900897,
            2325972.868130435,
            6609805.631010946,
            11833598.05206853,
            2359710.407380967,
            47020033.90262514,
            35001898.493318416,
            19667910.139006916,
            27304750.40083733,
            46442097.03747851,
            44424566.724505715,
            45928034.718472816,
            13340672.90356788,
            11737382.699295057,
            28093397.797517624,
            17434005.66377932,
            2219064.7148342747,
            2725162.85922062,
            2572794.709700659,
            7397980.536253502,
            6687585.755464363,
            2186607.79415096,
            2172997.7491243505,
            2119274.9482692727,
            2518198.697213593,
            2368357.603460949,
            2129695.941778005,
            2116221.441854663,
            2169567.2893181206,
            2199047.7397917663,
            2164014.88699131,
            7347554.063184156,
            2194642.2958803237,
            2194642.300444587,
            7347554.055370961,
            2164014.8835810097,
            2199047.7196804956,
            2169567.282195788,
            2116221.435486412,
            2129695.9417781625,
            2368357.596250333,
            2518198.694367075,
            2119274.948269184,
            2172997.505955681,
            2186607.7941508535,
            6687585.747652046,
            7397980.495261067,
            2572794.7037620842,
            2725162.0061244047,
            2219064.633018685,
            39387866.51612866,
            33508548.41183934,
            1281682.6168891327,
            45958254.78697397,
            54843728.7408952,
            12674375.805106305,
            17172890.83142223,
            16881999.13018053,
            38430120.559081,
            9730699.589226732,
            15007143.725420026,
            1190128.6213702862,
            16132744.133425143,
            15919378.181172062,
            9779244.449276898,
            9832870.930773823,
            28525129.985119324,
            27876569.013544057,
            82120.77180078195,
            39387866.01494362,
            33508548.59931793,
            1281682.6064536436,
            45958254.537801266,
            54843728.36613525,
            12674375.861486452,
            17172890.770920474,
            16881999.318405647,
            38430121.2270866,
            9730699.464128077,
            15007143.787901083,
            1190128.636482965,
            16132743.944482261,
            15919378.17246526,
            9779244.480529835,
            9832870.918215558,
            28525130.034532215,
            27876568.940069374,
            82120.77180071181
        ],
        "shape": [
            89
        ],
        "count": 114140100
    },
    "wandb_run_id": "qwkk58u3",
    "wandb_project": "rlgym-ppo",
    "wandb_entity": "gashfraude-epsi",
    "wandb_group": "unnamed-runs",
    "wandb_config": {
        "n_proc": 48,
        "min_inference_size": 36,
        "timestep_limit": 1e+16,
        "exp_buffer_size": 150000,
        "ts_per_iteration": 50000,
        "standardize_returns": true,
        "standardize_obs": true,
        "policy_layer_sizes": [
            512,
            512,
            256
        ],
        "critic_layer_sizes": [
            512,
            512,
            256
        ],
        "ppo_epochs": 2,
        "ppo_batch_size": 50000,
        "ppo_minibatch_size": 50000,
        "ppo_ent_coef": 0.01,
        "ppo_clip_range": 0.2,
        "gae_lambda": 0.95,
        "gae_gamma": 0.99,
        "policy_lr": 0.0002,
        "critic_lr": 0.0002,
        "shm_buffer_size": 8192
    }
}