{
    "cumulative_timesteps": 160119426,
    "cumulative_model_updates": 19084,
    "policy_average_reward": 2188.43018514331,
    "epoch": 3186,
    "ts_since_last_save": 500480,
    "reward_running_stats": {
        "mean": [
            19.406025557070045
        ],
        "var": [
            458654697.47615904
        ],
        "shape": [
            1
        ],
        "count": 480000
    },
    "obs_running_stats": {
        "mean": [
            -3.5626390494306236e-12,
            2.0062843233219747e-12,
            0.13149337165845076,
            3.058368689344898e-12,
            -4.125332566351989e-12,
            -0.017358380787322478,
            -4.174290965959888e-12,
            -2.585297596178646e-12,
            0.011480535085170992,
            0.507087249382684,
            0.2523528967822386,
            -0.18094551641807055,
            0.07468420839174443,
            0.0568384558924136,
            0.14838199197930002,
            0.6624518883450384,
            0.4059647374701545,
            0.9794208092515431,
            0.9766531745247652,
            0.9769109769206272,
            0.9415820051352968,
            0.9404811296974923,
            0.978077078284022,
            0.9779179308187685,
            0.9776736126900153,
            0.9770798450614737,
            0.975853270113683,
            0.977100621520043,
            0.976515618919921,
            0.9759091946409889,
            0.9752731973458472,
            0.9755865416520236,
            0.9384691303687408,
            0.9749940095989923,
            0.9749939989840914,
            0.9384691303687315,
            0.9755865522670503,
            0.9752732079610785,
            0.9759092052561138,
            0.9765156295349853,
            0.9771006215200506,
            0.9758532807287971,
            0.9770798556765108,
            0.9776736126899879,
            0.9779179414338114,
            0.9780770782840215,
            0.9404811296974984,
            0.9415819945202857,
            0.9769109875359302,
            0.9766531851398157,
            0.9794208198667758,
            -0.013648425428491094,
            0.003300148223773803,
            0.07054235454595671,
            0.05725476635174425,
            0.004770484219784363,
            -0.004838876492893727,
            0.008497255570294083,
            0.005062974322861037,
            0.6091629630377885,
            -0.0015884226562673932,
            0.0014277120102417521,
            -0.0068308492901138895,
            0.020842537228156433,
            -0.031131347494134966,
            0.05461101446623202,
            0.10769921228188564,
            0.4744128980128891,
            0.5430600315303805,
            0.001056569893172208,
            0.013648422442986839,
            -0.003300148306703594,
            0.0705423505653154,
            -0.057254766020026944,
            -0.004770483141688847,
            -0.004838879810118646,
            -0.00849725391168337,
            -0.005062973576487086,
            0.609162952422603,
            0.0015884219098922536,
            -0.0014277122020192694,
            -0.006830847631501459,
            -0.020842538223324273,
            0.031131351474802022,
            0.05461101446622236,
            0.10769922289705376,
            0.4744128953591325,
            0.5430600394917477,
            0.0010565698957639244
        ],
        "var": [
            8290414.62131489,
            6112095.103756154,
            602833.5126184253,
            1216846.6040755913,
            1400397.3049258136,
            575597.9233950916,
            7899205.120228926,
            7518018.512710437,
            3690494.3823223896,
            5703259.499096682,
            5960452.382365973,
            4791849.996629406,
            5781252.680949159,
            2359233.3247264274,
            2884330.3510903246,
            5111080.803830273,
            5526627.198383252,
            361538.00680513104,
            421824.7651973779,
            416955.9074105634,
            1117616.7509325386,
            1137902.9315052838,
            387548.2883456582,
            391683.852300713,
            390326.85887827695,
            410716.09204984317,
            439111.9120098901,
            404952.529979033,
            417102.16260502575,
            425890.77524956997,
            436902.87464048207,
            432852.06237974437,
            1176218.8611176999,
            442482.8229927386,
            442482.82544928894,
            1176218.8533053175,
            432852.0609404205,
            436902.8564847148,
            425890.76991644496,
            417102.15798830165,
            404952.5299790461,
            439111.9057861578,
            410716.08892003493,
            390326.85887826787,
            391683.60997358285,
            387548.28834564844,
            1137902.9236926532,
            1117616.7161030348,
            416955.9010374232,
            421823.9111071507,
            361537.92491036665,
            7949133.983160896,
            5957172.760696709,
            401098.2411368726,
            9767805.572055405,
            10657325.87774944,
            2362510.6974448706,
            3591452.120943334,
            3287384.8032079916,
            7490881.266185175,
            2190629.5950781656,
            2590578.706046474,
            347999.97119655285,
            2995112.7207792387,
            3011616.9086531443,
            1443412.624158414,
            1246240.7313544534,
            5699186.924371917,
            5682796.439099794,
            24137.41290083139,
            7949133.481350015,
            5957172.948212461,
            401098.2337371913,
            9767805.322618382,
            10657325.503178118,
            2362510.7548531056,
            3591452.0601293175,
            3287384.9911276177,
            7490881.9368563155,
            2190629.469976008,
            2590578.7685368014,
            347999.98653578485,
            2995112.532878055,
            3011616.905605847,
            1443412.655407922,
            1246240.7539840408,
            5699186.969847659,
            5682796.377744617,
            24137.41290072144
        ],
        "shape": [
            89
        ],
        "count": 22874288
    },
    "wandb_run_id": "qwkk58u3",
    "wandb_project": "rlgym-ppo",
    "wandb_entity": "gashfraude-epsi",
    "wandb_group": "unnamed-runs",
    "wandb_config": {
        "n_proc": 48,
        "min_inference_size": 36,
        "timestep_limit": 1e+16,
        "exp_buffer_size": 150000,
        "ts_per_iteration": 50000,
        "standardize_returns": true,
        "standardize_obs": true,
        "policy_layer_sizes": [
            512,
            512,
            256
        ],
        "critic_layer_sizes": [
            512,
            512,
            256
        ],
        "ppo_epochs": 2,
        "ppo_batch_size": 50000,
        "ppo_minibatch_size": 50000,
        "ppo_ent_coef": 0.01,
        "ppo_clip_range": 0.2,
        "gae_lambda": 0.95,
        "gae_gamma": 0.99,
        "policy_lr": 0.0002,
        "critic_lr": 0.0002,
        "shm_buffer_size": 8192
    }
}