{
    "cumulative_timesteps": 102071094,
    "cumulative_model_updates": 12200,
    "policy_average_reward": 2345.7942296922515,
    "epoch": 2036,
    "ts_since_last_save": 500526,
    "reward_running_stats": {
        "mean": [
            17.28667821338281
        ],
        "var": [
            186193243.28799447
        ],
        "shape": [
            1
        ],
        "count": 306000
    },
    "obs_running_stats": {
        "mean": [
            -5.588715028223756e-12,
            3.1472599792474134e-12,
            0.1335923801040028,
            4.79766566193853e-12,
            -6.4714128322399e-12,
            -0.020965150041684335,
            -6.548213945298555e-12,
            -4.055558622204706e-12,
            0.009302807151020729,
            0.41660476707567956,
            0.1921726738714371,
            -0.1525720222868635,
            0.09453445871916737,
            0.01887088573750819,
            0.1975221105274816,
            0.5742805751649412,
            0.5311397896056961,
            0.9783461560942597,
            0.9762198110966569,
            0.9762961429430003,
            0.9447681433246417,
            0.9435555432218974,
            0.9759934848962017,
            0.9758856519589477,
            0.974908288091848,
            0.9765397184061446,
            0.975735487904532,
            0.9744822900763699,
            0.9740390956204026,
            0.9729819795794623,
            0.971572403252547,
            0.9726729988153331,
            0.9410960829992846,
            0.9713946993365891,
            0.9713946826846926,
            0.9410960829992635,
            0.9726730154673153,
            0.971572419904511,
            0.9729819962314707,
            0.9740391122721598,
            0.9744822900763734,
            0.9757355045565012,
            0.9765397350580637,
            0.9749082880918415,
            0.975885668610796,
            0.9759934848962246,
            0.9435555432218421,
            0.944768126672851,
            0.9762961595951096,
            0.976219827748653,
            0.9783461727464131,
            -0.015145381109437656,
            0.006376457866130896,
            0.07765916218388456,
            0.0609221565695508,
            0.012588912935465095,
            -0.005859757251246493,
            0.003333738903173043,
            0.0036355637549571828,
            0.5820328132900019,
            -0.0017452301216802318,
            0.0015414046992801083,
            -0.008035332741706471,
            0.024523219932258096,
            -0.023233209539499013,
            0.04191987384355404,
            0.1302463899516993,
            0.3918199293457105,
            0.46676586165507056,
            0.0006452128019133212,
            0.015145376426077668,
            -0.006376457996224673,
            0.07765915593940936,
            -0.060922156049174996,
            -0.01258891124425323,
            -0.005859762454977479,
            -0.0033337363013066753,
            -0.003635562584117806,
            0.5820327966379736,
            0.0017452289508405668,
            -0.001541405000121394,
            -0.00803533013984074,
            -0.024523221493375845,
            0.023233215783976722,
            0.04191987384355474,
            0.1302464066036839,
            0.3918199251826682,
            0.46676587414407755,
            0.0006452128059787398
        ],
        "var": [
            5146547.744839878,
            3768922.1578648603,
            408686.8740884047,
            694979.5687204278,
            764066.6204953411,
            387723.00806226686,
            4900848.156064479,
            4734341.521790027,
            2220770.5385338813,
            3944410.4292087103,
            3150580.671343517,
            2581967.9500824646,
            3142449.1996611874,
            1507836.3110269161,
            2305125.622416071,
            3561138.4437364335,
            3641603.423066943,
            209403.151662471,
            238760.05116043618,
            238454.2109663132,
            620299.7189481439,
            634081.1234688398,
            238722.39670765787,
            240874.4912483308,
            247727.41382633123,
            232515.1888693378,
            245341.89574253737,
            255736.47457586188,
            261255.11084389177,
            271430.01892329054,
            288018.6877578173,
            275629.44052590046,
            663671.3868304535,
            289973.45587643876,
            289973.4565852134,
            663671.3790179711,
            275629.4405013625,
            288018.67139926326,
            271430.01501167135,
            261255.10742979124,
            255736.47457585728,
            245341.88957599524,
            232515.18600181479,
            247727.413826321,
            240874.24990824438,
            238722.39670765857,
            634081.1156562862,
            620299.685665986,
            238454.2048917732,
            238759.19728062535,
            209403.07028955052,
            4932576.982487482,
            3698884.0036960403,
            275105.80223996297,
            6250713.722289477,
            6693466.213527113,
            1569959.103821887,
            2418380.917458189,
            2263860.24098056,
            4945207.302275447,
            1349549.574221965,
            1577851.3006253515,
            233976.70214489344,
            2044991.9114576227,
            2039290.1868372923,
            887014.5425539557,
            915983.6660749115,
            3470361.4160982314,
            3635950.596309434,
            9396.878036807477,
            4932576.4808831075,
            3698884.1911993776,
            275105.7961363542,
            6250713.472908057,
            6693465.83934289,
            1569959.1610750754,
            2418380.856252716,
            2263860.4288518415,
            4945207.959772308,
            1349549.449125182,
            1577851.3631141367,
            233976.7175754518,
            2044991.7233892852,
            2039290.1852280253,
            887014.5738038644,
            915983.6777550745,
            3470361.4515474723,
            3635950.562742247,
            9396.878036746499
        ],
        "shape": [
            89
        ],
        "count": 14581676
    },
    "wandb_run_id": "qwkk58u3",
    "wandb_project": "rlgym-ppo",
    "wandb_entity": "gashfraude-epsi",
    "wandb_group": "unnamed-runs",
    "wandb_config": {
        "n_proc": 48,
        "min_inference_size": 36,
        "timestep_limit": 1e+16,
        "exp_buffer_size": 150000,
        "ts_per_iteration": 50000,
        "standardize_returns": true,
        "standardize_obs": true,
        "policy_layer_sizes": [
            512,
            512,
            256
        ],
        "critic_layer_sizes": [
            512,
            512,
            256
        ],
        "ppo_epochs": 2,
        "ppo_batch_size": 50000,
        "ppo_minibatch_size": 50000,
        "ppo_ent_coef": 0.01,
        "ppo_clip_range": 0.2,
        "gae_lambda": 0.95,
        "gae_gamma": 0.99,
        "policy_lr": 0.0002,
        "critic_lr": 0.0002,
        "shm_buffer_size": 8192
    }
}