{
    "cumulative_timesteps": 223683134,
    "cumulative_model_updates": 26662,
    "policy_average_reward": 488.5680105193718,
    "epoch": 4451,
    "ts_since_last_save": 500454,
    "reward_running_stats": {
        "mean": [
            20.52496099364573
        ],
        "var": [
            841624575.2762681
        ],
        "shape": [
            1
        ],
        "count": 670500
    },
    "obs_running_stats": {
        "mean": [
            -2.5502522546327886e-12,
            1.4361632123457793e-12,
            0.13098641319945292,
            2.189279230588097e-12,
            -2.9530464832871366e-12,
            -0.014505610653589142,
            -2.988092480840159e-12,
            -1.850639646016645e-12,
            0.007736503986657322,
            0.5558410468479326,
            0.2641953756926297,
            -0.20919837641706032,
            0.04491501542424851,
            0.049455236946589404,
            0.13238980778695703,
            0.71685232509417,
            0.3341537206583089,
            0.9792695592767884,
            0.9765217517221849,
            0.9769023531243689,
            0.9364504776646522,
            0.9380719629728781,
            0.979359001544657,
            0.9791508831255534,
            0.9793433548182899,
            0.9764454184530682,
            0.9757500919211698,
            0.9788758895413827,
            0.978383772174105,
            0.9778727529382818,
            0.9778732228113924,
            0.977687664777055,
            0.9343156569709834,
            0.977600017607505,
            0.9776000100090116,
            0.9343156569710113,
            0.9776876723756924,
            0.977873230410011,
            0.9778727605368431,
            0.9783837797726398,
            0.9788758895413905,
            0.9757500995197512,
            0.9764454260516637,
            0.979343354818282,
            0.9791508907242716,
            0.9793590015446312,
            0.9380719629728475,
            0.9364504700659866,
            0.9769023607230602,
            0.9765217593208131,
            0.9792695668755966,
            -0.013936284131285786,
            0.0063037237852568125,
            0.06627029259042745,
            0.0588982594324694,
            0.007909811672281589,
            0.0010197506217083344,
            0.010579808901626346,
            0.004751205276556896,
            0.6253972824657013,
            -0.0015155422684427157,
            0.0016354196536617445,
            -0.00567439858458267,
            0.024899109349605864,
            -0.03620124884565032,
            0.05702184788567736,
            0.09383148510858806,
            0.5064516186189103,
            0.5729102885198133,
            0.0012965585286044915,
            0.013936281994166449,
            -0.0063037238446204185,
            0.06627028974095749,
            -0.05889825919501095,
            -0.007909810900546764,
            0.0010197482471323703,
            -0.010579807714341541,
            -0.004751204742277722,
            0.6253972748668712,
            0.0015155417341630758,
            -0.0016354197909428326,
            -0.0056743973972936896,
            -0.024899110061977606,
            0.03620125169514375,
            0.05702184788566853,
            0.0938314927072592,
            0.506451616719159,
            0.5729102942188122,
            0.0012965585304597139
        ],
        "var": [
            11760884.879788825,
            8849251.170141805,
            812047.6061457105,
            1848417.5113938136,
            2258668.750580195,
            777351.876854757,
            11256619.04356983,
            10517344.57478792,
            5335077.224106241,
            7606476.389325655,
            8981018.58813417,
            7439725.586377618,
            8097445.5237863865,
            3054613.7838965813,
            3664243.5346502513,
            6482205.529142074,
            7120110.344910698,
            549195.7205707117,
            632879.559143826,
            622038.3252013827,
            1761071.1235802767,
            1713832.6864995214,
            543035.6289898998,
            550065.4628130018,
            537472.9275388465,
            633403.6070307153,
            656219.814602303,
            553898.2510146875,
            568340.4547949883,
            579532.6976554649,
            576692.6593510252,
            585123.1324213017,
            1816411.1187477475,
            584545.4838587437,
            584545.4875807989,
            1816411.1109355406,
            585123.1299616562,
            576692.6399325605,
            579532.6913687602,
            568340.4492709705,
            553898.2510147018,
            656219.808428549,
            633403.6042089697,
            537472.9275388431,
            550065.2198871482,
            543035.6289898723,
            1713832.6786867706,
            1761071.0862587476,
            622038.3188324566,
            632878.7051174726,
            549195.6387494368,
            11362015.612638619,
            8608371.015451893,
            512215.13329693984,
            13514648.480861384,
            14981740.53822057,
            3334933.824784979,
            4840233.858782447,
            4402792.262483768,
            10195113.293204492,
            3056177.1525403685,
            3706474.95442482,
            459304.27258854505,
            4033060.566771971,
            4082530.5939880935,
            2075625.9821931731,
            1563160.1787993622,
            7982963.648506513,
            7825471.26324288,
            41372.2302974483,
            11362015.110863095,
            8608371.202959435,
            512215.1251191542,
            13514648.231446696,
            14981740.163801426,
            3334933.8830830767,
            4840233.798126412,
            4402792.450393177,
            10195113.971756198,
            3056177.027437307,
            3706475.0169127053,
            459304.2878399483,
            4033060.3786857133,
            4082530.5900173946,
            2075626.013442562,
            1563160.2081633343,
            7982963.697871608,
            7825471.191014014,
            41372.23029730969
        ],
        "shape": [
            89
        ],
        "count": 31954812
    },
    "wandb_run_id": "qwkk58u3",
    "wandb_project": "rlgym-ppo",
    "wandb_entity": "gashfraude-epsi",
    "wandb_group": "unnamed-runs",
    "wandb_config": {
        "n_proc": 48,
        "min_inference_size": 36,
        "timestep_limit": 1e+16,
        "exp_buffer_size": 150000,
        "ts_per_iteration": 50000,
        "standardize_returns": true,
        "standardize_obs": true,
        "policy_layer_sizes": [
            512,
            512,
            256
        ],
        "critic_layer_sizes": [
            512,
            512,
            256
        ],
        "ppo_epochs": 2,
        "ppo_batch_size": 50000,
        "ppo_minibatch_size": 50000,
        "ppo_ent_coef": 0.01,
        "ppo_clip_range": 0.2,
        "gae_lambda": 0.95,
        "gae_gamma": 0.99,
        "policy_lr": 0.0002,
        "critic_lr": 0.0002,
        "shm_buffer_size": 8192
    }
}