{
    "cumulative_timesteps": 26514270,
    "cumulative_model_updates": 3170,
    "policy_average_reward": 311.86027486747776,
    "epoch": 529,
    "ts_since_last_save": 500224,
    "reward_running_stats": {
        "mean": [
            10.824763298034668
        ],
        "var": [
            14940161.0
        ],
        "shape": [
            1
        ],
        "count": 79500
    },
    "obs_running_stats": {
        "mean": [
            -1.9555572439156066e-11,
            1.0668733257945817e-11,
            0.15677085518836975,
            1.9538369186444804e-11,
            -2.4014382496440057e-11,
            -0.031934890896081924,
            -1.8392329326211154e-11,
            -1.9516124827312353e-11,
            0.0010739266872406006,
            0.06489457190036774,
            0.03758798539638519,
            0.13043613731861115,
            0.09959235042333603,
            -0.040112752467393875,
            0.432117223739624,
            0.2859748601913452,
            0.627123236656189,
            0.9644433259963989,
            0.9642986059188843,
            0.9646191000938416,
            0.9351668953895569,
            0.9351034164428711,
            0.9622679352760315,
            0.962539792060852,
            0.9594917297363281,
            0.9635043740272522,
            0.9639482498168945,
            0.9604648947715759,
            0.9601029753684998,
            0.9580820202827454,
            0.9554828405380249,
            0.9577657580375671,
            0.9312576055526733,
            0.9552209377288818,
            0.9552208781242371,
            0.9312576055526733,
            0.9577658176422119,
            0.9554829001426697,
            0.9580820798873901,
            0.9601030349731445,
            0.9604648947715759,
            0.9639483094215393,
            0.963504433631897,
            0.9594917297363281,
            0.9625398516654968,
            0.9622679352760315,
            0.9351034164428711,
            0.9351668357849121,
            0.9646191596984863,
            0.964298665523529,
            0.9644433856010437,
            -0.02800949662923813,
            0.006447403691709042,
            0.1128029152750969,
            0.020129336044192314,
            -0.0034417316783219576,
            0.027541760355234146,
            -0.01497697178274393,
            -0.008068613708019257,
            0.5207415223121643,
            -0.004807497840374708,
            0.00011924172576982528,
            -0.010613243095576763,
            0.0123054888099432,
            -0.014779931865632534,
            0.0064455922693014145,
            0.2132738083600998,
            0.09659004956483841,
            0.19808422029018402,
            0.00012294630869291723,
            0.028009481728076935,
            -0.006447404623031616,
            0.1128028929233551,
            -0.020129328593611717,
            0.003441739361733198,
            0.0275417473167181,
            0.014976982958614826,
            0.00806861650198698,
            0.5207414627075195,
            0.004807494580745697,
            -0.0001192430208902806,
            -0.010613233782351017,
            -0.012305496260523796,
            0.014779956080019474,
            0.00644559133797884,
            0.21327385306358337,
            0.09659003466367722,
            0.1980842500925064,
            0.00012294632324483246
        ],
        "var": [
            1223607.625,
            890023.8125,
            137493.578125,
            160833.75,
            166651.1875,
            130871.9765625,
            1125927.5,
            1121174.25,
            495935.625,
            435066.1875,
            446244.59375,
            379803.0,
            515997.3125,
            338503.90625,
            922878.0,
            777824.375,
            896454.875,
            40090.5390625,
            40388.96875,
            39940.44140625,
            103947.0859375,
            102250.65625,
            44846.52734375,
            44494.25390625,
            49232.90234375,
            41591.98046875,
            41570.546875,
            47690.0390625,
            48437.5859375,
            51566.76171875,
            57289.171875,
            52683.9140625,
            113667.53125,
            57787.27734375,
            57787.26953125,
            113667.5234375,
            52683.921875,
            57289.1640625,
            51566.765625,
            48437.58984375,
            47690.0390625,
            41570.546875,
            41591.984375,
            49232.90234375,
            44494.01953125,
            44846.52734375,
            102250.6484375,
            103947.0546875,
            39940.44140625,
            40388.12109375,
            40090.46484375,
            1197547.0,
            915625.75,
            86133.53125,
            1576951.625,
            1632551.375,
            564800.875,
            763550.1875,
            737783.9375,
            1243530.875,
            307025.0625,
            345471.5625,
            88912.46875,
            543503.4375,
            550877.5,
            202649.765625,
            316411.0,
            330592.125,
            607393.625,
            463.8944091796875,
            1197546.75,
            915626.0,
            86133.53125,
            1576951.375,
            1632551.0,
            564800.9375,
            763550.125,
            737784.125,
            1243531.5,
            307024.9375,
            345471.625,
            88912.484375,
            543503.25,
            550877.4375,
            202649.796875,
            316410.96875,
            330592.125,
            607393.6875,
            463.8944091796875
        ],
        "shape": [
            89
        ],
        "count": 3787848
    },
    "wandb_run_id": "qwkk58u3",
    "wandb_project": "rlgym-ppo",
    "wandb_entity": "gashfraude-epsi",
    "wandb_group": "unnamed-runs",
    "wandb_config": {
        "n_proc": 48,
        "min_inference_size": 36,
        "timestep_limit": 1e+16,
        "exp_buffer_size": 150000,
        "ts_per_iteration": 50000,
        "standardize_returns": true,
        "standardize_obs": true,
        "policy_layer_sizes": [
            512,
            512,
            256
        ],
        "critic_layer_sizes": [
            512,
            512,
            256
        ],
        "ppo_epochs": 2,
        "ppo_batch_size": 50000,
        "ppo_minibatch_size": 50000,
        "ppo_ent_coef": 0.01,
        "ppo_clip_range": 0.2,
        "gae_lambda": 0.95,
        "gae_gamma": 0.99,
        "policy_lr": 0.0002,
        "critic_lr": 0.0002,
        "shm_buffer_size": 8192
    }
}