{
    "cumulative_timesteps": 110578238,
    "cumulative_model_updates": 13214,
    "policy_average_reward": 969.5311949045947,
    "epoch": 2205,
    "ts_since_last_save": 500306,
    "reward_running_stats": {
        "mean": [
            18.334498522338322
        ],
        "var": [
            237771982.15028
        ],
        "shape": [
            1
        ],
        "count": 331500
    },
    "obs_running_stats": {
        "mean": [
            -5.158759549488351e-12,
            2.9051324670123708e-12,
            0.13253228005094167,
            4.428567825257997e-12,
            -5.9735489463319854e-12,
            -0.019876460488214877,
            -6.044441532665887e-12,
            -3.743553155023735e-12,
            0.010716825330684644,
            0.43421065053776714,
            0.2034591929062296,
            -0.17328720765745323,
            0.08578918892504804,
            0.029085011590359457,
            0.18484248564363856,
            0.582028154501175,
            0.5181693137801184,
            0.9785208759503493,
            0.9762273572378629,
            0.976307058933417,
            0.9436131509855109,
            0.9422532873219248,
            0.97644839848953,
            0.976366776255967,
            0.9755182848641868,
            0.9764949896714272,
            0.9756120976984347,
            0.9750724550823383,
            0.974614739933816,
            0.9736806676152484,
            0.9724530922912253,
            0.9733114542178953,
            0.9399413234227063,
            0.9722976055707092,
            0.9722975901999172,
            0.9399413234226817,
            0.973311469588815,
            0.9724531076622241,
            0.9736806829861631,
            0.9746147553045686,
            0.9750724550823414,
            0.975612113069302,
            0.9764950050422667,
            0.975518284864172,
            0.9763667916267433,
            0.9764483984895612,
            0.9422532873218773,
            0.9436131356148151,
            0.9763070743045479,
            0.9762273726085798,
            0.978520891321408,
            -0.015093226281763465,
            0.005534399157440612,
            0.07564080934862695,
            0.062369572075127375,
            0.013391891911514636,
            -0.005598828391506915,
            0.004723213167344856,
            0.003920853845873854,
            0.5915466088634163,
            -0.0017136976872974413,
            0.0014844151316684834,
            -0.007640540573176359,
            0.02544726940326228,
            -0.025254865518520506,
            0.04558298094544211,
            0.12684019861546456,
            0.4178566045122999,
            0.4898746838171433,
            0.0007425648790732108,
            0.0150932219587078,
            -0.005534399277525741,
            0.0756408035845592,
            -0.06236957159479124,
            -0.013391890350413242,
            -0.005598833194900126,
            -0.004723210765646697,
            -0.00392085276511046,
            0.5915465934925163,
            0.0017136966065338375,
            -0.0014844154093652166,
            -0.007640538171479783,
            -0.02544727084427844,
            0.02525487128259179,
            0.04558298094544381,
            0.12684021398636286,
            0.4178566006695431,
            0.48987469534533684,
            0.0007425648828258455
        ],
        "var": [
            5625172.32561509,
            4122049.2434627195,
            432682.24044921424,
            777437.1137710692,
            865567.4506615284,
            411411.1779526114,
            5368469.137826053,
            5166705.142749205,
            2448927.3358207205,
            4209895.415028748,
            3446371.5000269376,
            2849955.975069329,
            3486145.1161109386,
            1651257.5363388094,
            2374048.0325478916,
            3839128.995828701,
            3954354.6150779715,
            232508.35709490709,
            266859.4673913319,
            266414.53662324394,
            699924.8303445597,
            717029.0789018348,
            260352.76542236036,
            262236.6850804708,
            268297.9593512129,
            261031.11821463733,
            275969.5312861837,
            277104.41612864943,
            283359.946226088,
            292929.5708579806,
            308451.2947566614,
            298391.6754490601,
            747112.592437866,
            310283.14322048286,
            310283.1443677193,
            747112.5846254091,
            298391.67511446145,
            308451.2779704213,
            292929.5666070576,
            283359.94253243844,
            277104.41612864594,
            275969.52517954604,
            261031.1153688336,
            268297.9593512028,
            262236.443506739,
            260352.7654223601,
            717029.0710892525,
            699924.7965015251,
            266414.5305434016,
            266858.6135078598,
            232508.2756371421,
            5397754.434231453,
            4043039.588210737,
            290726.5341257104,
            6763656.570172228,
            7289513.21713137,
            1668428.9385790406,
            2575475.699605238,
            2393949.84740376,
            5285012.337532684,
            1475444.3905593834,
            1730121.1519578146,
            248844.36323810235,
            2151574.171731786,
            2148761.2572167413,
            956436.8148341576,
            976901.9934175151,
            3838245.4886745056,
            3954263.1347703305,
            11716.23788516545,
            5397753.93262045,
            4043039.7757169316,
            290726.52765454946,
            6763656.32081199,
            7289512.842986974,
            1668428.9958718517,
            2575475.6385050877,
            2393950.035284794,
            5285012.999649282,
            1475444.2654614893,
            1730121.214447135,
            248844.3786387287,
            2151573.983621245,
            2148761.2552393237,
            956436.8460840643,
            976902.0067517901,
            3838245.527284881,
            3954263.092786208,
            11716.237885093004
        ],
        "shape": [
            89
        ],
        "count": 15796982
    },
    "wandb_run_id": "qwkk58u3",
    "wandb_project": "rlgym-ppo",
    "wandb_entity": "gashfraude-epsi",
    "wandb_group": "unnamed-runs",
    "wandb_config": {
        "n_proc": 48,
        "min_inference_size": 36,
        "timestep_limit": 1e+16,
        "exp_buffer_size": 150000,
        "ts_per_iteration": 50000,
        "standardize_returns": true,
        "standardize_obs": true,
        "policy_layer_sizes": [
            512,
            512,
            256
        ],
        "critic_layer_sizes": [
            512,
            512,
            256
        ],
        "ppo_epochs": 2,
        "ppo_batch_size": 50000,
        "ppo_minibatch_size": 50000,
        "ppo_ent_coef": 0.01,
        "ppo_clip_range": 0.2,
        "gae_lambda": 0.95,
        "gae_gamma": 0.99,
        "policy_lr": 0.0002,
        "critic_lr": 0.0002,
        "shm_buffer_size": 8192
    }
}