{
    "cumulative_timesteps": 615659238,
    "cumulative_model_updates": 73612,
    "policy_average_reward": 301.8713773378908,
    "epoch": 12279,
    "ts_since_last_save": 500384,
    "reward_running_stats": {
        "mean": [
            11.9496035627542
        ],
        "var": [
            4761317945.185026
        ],
        "shape": [
            1
        ],
        "count": 1845600
    },
    "obs_running_stats": {
        "mean": [
            -9.26566682912829e-13,
            5.217919080685061e-13,
            0.12161886814738111,
            7.95416683457183e-13,
            -1.0729113056711629e-12,
            -0.010715632377820023,
            -1.0856443408515964e-12,
            -6.723809447250585e-13,
            -0.0031352423339239812,
            0.6303804662638933,
            0.35353685410197416,
            -0.13503297382266286,
            -0.10917561170300022,
            0.04145155851731671,
            0.1429357722125097,
            0.5342244294632953,
            0.21688035237666525,
            0.9795942934573246,
            0.9752030307805467,
            0.976838480086444,
            0.9273898485461888,
            0.938349302562161,
            0.9799746070524754,
            0.9800057448766087,
            0.9803524181397706,
            0.97582595194493,
            0.977761873181212,
            0.9802014738006599,
            0.9801980683066733,
            0.979585906052392,
            0.9794716954089763,
            0.979619362515891,
            0.9288301464235856,
            0.9794835062403868,
            0.9794835034796324,
            0.9288301464235903,
            0.9796193652765404,
            0.9794716981698585,
            0.9795859088131988,
            0.9801980710675123,
            0.980201473800713,
            0.9777618759417227,
            0.9758259547055962,
            0.980352418139738,
            0.9800057476373788,
            0.9799746070524056,
            0.9383493025620336,
            0.9273898457852837,
            0.9768384828471693,
            0.9752030335414573,
            0.9795942962181093,
            -0.017249456300856184,
            0.010317093563343508,
            0.05582335577819351,
            0.09403326731943153,
            0.0025429911784846304,
            -0.021429494501195762,
            0.011883782114980333,
            0.02116266349536109,
            0.551319931275805,
            -0.0019625528127267125,
            0.0017599022574069623,
            -0.0035978720299056173,
            0.05357319693654145,
            -0.073183175101246,
            0.03443276451142217,
            0.1361161734631543,
            0.41163516134905975,
            0.4867249012848429,
            0.0009168050710890428,
            0.017249455524400794,
            -0.010317093584911967,
            0.05582335474290344,
            -0.094033267233209,
            -0.00254299089809473,
            -0.021429495363933335,
            -0.01188378168361171,
            -0.02116266330123771,
            0.5513199285153768,
            0.0019625526186113885,
            -0.0017599023072844531,
            -0.0035978715985366234,
            -0.05357319719536408,
            0.07318317613650917,
            0.034432764511400954,
            0.136116176223876,
            0.41163516065869704,
            0.486724903355113,
            0.0009168050717628759
        ],
        "var": [
            31699877.934173945,
            26890727.891851537,
            1859758.60797133,
            5103993.789199261,
            8802918.87742714,
            1854136.4065714935,
            35654593.14061171,
            27511154.05866032,
            15115549.719935928,
            21681405.076106213,
            33449596.8073761,
            31424703.840981934,
            32054095.955245156,
            10069918.299546404,
            10768323.653777145,
            21881005.369755853,
            14948276.007045738,
            1658579.0060521609,
            2027098.5460682963,
            1890911.2052295753,
            5781872.629129123,
            4945461.598041616,
            1623062.054640314,
            1621088.41211263,
            1585109.295272167,
            1973194.2817333431,
            1812489.1190787996,
            1599973.052596617,
            1599649.5092858132,
            1646901.8103739251,
            1653709.8418170623,
            1644018.121391081,
            5669348.179039395,
            1652225.0312507423,
            1652225.035887685,
            5669348.171226354,
            1644018.1179938333,
            1653709.8216224136,
            1646901.8032556304,
            1599649.5028803989,
            1599973.0525965416,
            1812489.1119285147,
            1973194.2792123638,
            1585109.2952721152,
            1621088.1687716513,
            1623062.0546402235,
            4945461.590228568,
            5781872.587406493,
            1890911.1988922537,
            2027097.6926822988,
            1658578.9240726246,
            30735813.37444476,
            25665219.5987332,
            968386.9115631717,
            35748700.23377987,
            40886923.001523934,
            10486518.975220488,
            14562098.343566708,
            14168801.569227565,
            32421382.831914883,
            7547108.320441624,
            11501463.525235908,
            933507.9029673022,
            14558404.007161599,
            14268667.878835369,
            8007882.232158189,
            6053409.037986979,
            21296684.413825996,
            21978986.15351511,
            80555.02246161815,
            30735812.8731354,
            25665219.786230166,
            968386.9014824871,
            35748699.98487831,
            40886922.62683995,
            10486519.03010963,
            14562098.283009369,
            14168801.757699925,
            32421383.474492785,
            7547108.195356182,
            11501463.587718261,
            933507.9180609606,
            14558403.817770015,
            14268667.8681314,
            8007882.263408595,
            6053409.046816904,
            21296684.45166021,
            21978986.112674505,
            80555.02246152419
        ],
        "shape": [
            89
        ],
        "count": 87951394
    },
    "wandb_run_id": "qwkk58u3",
    "wandb_project": "rlgym-ppo",
    "wandb_entity": "gashfraude-epsi",
    "wandb_group": "unnamed-runs",
    "wandb_config": {
        "n_proc": 48,
        "min_inference_size": 36,
        "timestep_limit": 1e+16,
        "exp_buffer_size": 150000,
        "ts_per_iteration": 50000,
        "standardize_returns": true,
        "standardize_obs": true,
        "policy_layer_sizes": [
            512,
            512,
            256
        ],
        "critic_layer_sizes": [
            512,
            512,
            256
        ],
        "ppo_epochs": 2,
        "ppo_batch_size": 50000,
        "ppo_minibatch_size": 50000,
        "ppo_ent_coef": 0.01,
        "ppo_clip_range": 0.2,
        "gae_lambda": 0.95,
        "gae_gamma": 0.99,
        "policy_lr": 0.0002,
        "critic_lr": 0.0002,
        "shm_buffer_size": 8192
    }
}