{
    "cumulative_timesteps": 110077932,
    "cumulative_model_updates": 13154,
    "policy_average_reward": 668.231418061144,
    "epoch": 2195,
    "ts_since_last_save": 500436,
    "reward_running_stats": {
        "mean": [
            18.335142299808062
        ],
        "var": [
            236816603.24828845
        ],
        "shape": [
            1
        ],
        "count": 330000
    },
    "obs_running_stats": {
        "mean": [
            -5.182205965561287e-12,
            2.918336212493701e-12,
            0.13267281612891968,
            4.448695541006724e-12,
            -6.0006985581873784e-12,
            -0.019932074427344054,
            -6.071913349945606e-12,
            -3.7605674988794705e-12,
            0.01062238837001706,
            0.43342393146548985,
            0.2031038029192543,
            -0.1719022754853419,
            0.0862625884357206,
            0.028476324500551813,
            0.18555795128729233,
            0.581128642578105,
            0.5189016650485094,
            0.9784967014749817,
            0.9762150792053248,
            0.976290818958755,
            0.943620522392045,
            0.942268531784685,
            0.9764114979334815,
            0.9763447029643885,
            0.9754805272878552,
            0.9764878706591842,
            0.975607643015989,
            0.9750319081308996,
            0.9745733209078259,
            0.9736401541232103,
            0.972391992041565,
            0.9732646841135153,
            0.939981861775203,
            0.972238660230646,
            0.9722386447899599,
            0.939981861775178,
            0.9732646995542891,
            0.9723920074823282,
            0.9736401695639807,
            0.9745733363484309,
            0.9750319081309046,
            0.9756076584567204,
            0.9764878860998848,
            0.9754805272878433,
            0.97634471840503,
            0.9764114979335089,
            0.9422685317846402,
            0.9436205069514914,
            0.9762908343997564,
            0.9762150946458984,
            0.9784967169159042,
            -0.015153845357232531,
            0.005614919027754126,
            0.07577840069824045,
            0.062236003849468924,
            0.013311857483299341,
            -0.005623435341559002,
            0.004673949634719901,
            0.003872509607537486,
            0.5908524865631917,
            -0.001716442660667684,
            0.0014874857716777035,
            -0.007657036798693501,
            0.02542544060921225,
            -0.02514706957940771,
            0.045472743680919775,
            0.1271525309283558,
            0.4162782803268003,
            0.48849115624961803,
            0.000740280221662262,
            0.015153841014528581,
            -0.005614919148385243,
            0.07577839490797343,
            -0.06223600336695005,
            -0.013311855915103076,
            -0.005623440166783629,
            -0.004673947222106094,
            -0.003872508521862032,
            0.5908524711224151,
            0.0017164415749919915,
            -0.0014874860506364897,
            -0.007657034386081259,
            -0.025425442056778248,
            0.025147075369676558,
            0.04547274368092159,
            0.1271525463691141,
            0.4162782764665761,
            0.48849116783022106,
            0.0007402802254319303
        ],
        "var": [
            5597318.310220656,
            4101921.320275441,
            431509.2175933267,
            773678.1464262446,
            861108.4846873332,
            410334.60569736536,
            5340136.3206946375,
            5140778.402621009,
            2437816.5627624434,
            4185652.376202126,
            3427024.8132080063,
            2832541.4596622926,
            3465761.859287065,
            1642949.851250046,
            2370362.5997803966,
            3824049.8028127933,
            3936083.278167064,
            231369.99087621493,
            265384.676638696,
            265004.55217717326,
            696019.1456804107,
            712928.0985849772,
            259262.0549013573,
            260918.18978746104,
            267155.70160181646,
            259497.34188564427,
            274335.62350960297,
            275973.01304808405,
            282209.907989701,
            291701.5183729087,
            307444.5353659011,
            297231.2910344866,
            742516.9424523305,
            309233.5805918833,
            309233.5817104933,
            742516.9346398681,
            297231.2907226026,
            307444.5186093355,
            291701.51414166705,
            282209.9043161658,
            275973.01304808044,
            274335.6174051313,
            259497.339043296,
            267155.7016018057,
            260917.94822444915,
            259262.05490135695,
            712928.0907724008,
            696019.11184096,
            265004.5461052232,
            265383.8227611939,
            231369.9094301866,
            5371015.823790724,
            4023664.0704583307,
            289849.8598676917,
            6732722.705939649,
            7254298.031983884,
            1663690.06106109,
            2567372.3734077937,
            2387349.886062105,
            5266175.9245207235,
            1469911.988180549,
            1723605.320315664,
            248191.5054852514,
            2146380.7804418663,
            2143237.792326477,
            953291.6407985301,
            974255.0698512233,
            3816742.984345966,
            3935931.7748035416,
            11627.330569785576,
            5371015.322187965,
            4023664.257964211,
            289849.85342158715,
            6732722.456577434,
            7254297.657835541,
            1663690.1183501435,
            2567372.3123038597,
            2387350.073941506,
            5266176.586300408,
            1469911.8630827933,
            1723605.3828049644,
            248191.5208871244,
            2146380.59233237,
            2143237.7903687693,
            953291.6720484407,
            974255.0830338267,
            3816743.0227647,
            3935931.73332339,
            11627.3305697134
        ],
        "shape": [
            89
        ],
        "count": 15725510
    },
    "wandb_run_id": "qwkk58u3",
    "wandb_project": "rlgym-ppo",
    "wandb_entity": "gashfraude-epsi",
    "wandb_group": "unnamed-runs",
    "wandb_config": {
        "n_proc": 48,
        "min_inference_size": 36,
        "timestep_limit": 1e+16,
        "exp_buffer_size": 150000,
        "ts_per_iteration": 50000,
        "standardize_returns": true,
        "standardize_obs": true,
        "policy_layer_sizes": [
            512,
            512,
            256
        ],
        "critic_layer_sizes": [
            512,
            512,
            256
        ],
        "ppo_epochs": 2,
        "ppo_batch_size": 50000,
        "ppo_minibatch_size": 50000,
        "ppo_ent_coef": 0.01,
        "ppo_clip_range": 0.2,
        "gae_lambda": 0.95,
        "gae_gamma": 0.99,
        "policy_lr": 0.0002,
        "critic_lr": 0.0002,
        "shm_buffer_size": 8192
    }
}