{
    "cumulative_timesteps": 27014504,
    "cumulative_model_updates": 3230,
    "policy_average_reward": 264.92920629005937,
    "epoch": 539,
    "ts_since_last_save": 500234,
    "reward_running_stats": {
        "mean": [
            10.810571670532227
        ],
        "var": [
            15197753.0
        ],
        "shape": [
            1
        ],
        "count": 81000
    },
    "obs_running_stats": {
        "mean": [
            -1.876390536004191e-11,
            1.243474507389708e-11,
            0.15653592348098755,
            1.8883370561662005e-11,
            -2.419336432579744e-11,
            -0.03190382942557335,
            -1.8182823302570483e-11,
            -1.9053260705281794e-11,
            0.0008147437474690378,
            0.06487962603569031,
            0.03906090185046196,
            0.13408327102661133,
            0.1035771518945694,
            -0.04121249169111252,
            0.4296949505805969,
            0.2836339473724365,
            0.6300414204597473,
            0.9642261266708374,
            0.9640697240829468,
            0.9644157290458679,
            0.9345250725746155,
            0.9345324039459229,
            0.9619753956794739,
            0.9622951745986938,
            0.9592249393463135,
            0.963290274143219,
            0.9637234210968018,
            0.9601883292198181,
            0.9598342776298523,
            0.9578190445899963,
            0.9551292657852173,
            0.957488477230072,
            0.9307142496109009,
            0.9548888206481934,
            0.9548887610435486,
            0.9307142496109009,
            0.9574885368347168,
            0.9551293253898621,
            0.9578191041946411,
            0.9598343372344971,
            0.9601883292198181,
            0.9637234807014465,
            0.9632903337478638,
            0.9592249393463135,
            0.9622952342033386,
            0.9619753956794739,
            0.9345324039459229,
            0.9345250129699707,
            0.9644157886505127,
            0.9640697836875916,
            0.9642261862754822,
            -0.027775801718235016,
            0.006754694506525993,
            0.11240405589342117,
            0.020112693309783936,
            -0.00345802353695035,
            0.027879243716597557,
            -0.014695387333631516,
            -0.007866807281970978,
            0.5190867781639099,
            -0.004749889951199293,
            0.00019688773318193853,
            -0.01063981931656599,
            0.012104840017855167,
            -0.014655927196145058,
            0.006739923730492592,
            0.2151232659816742,
            0.09725371748209,
            0.19905872642993927,
            0.0001250359055120498,
            0.027775783091783524,
            -0.006754694506525993,
            0.11240403354167938,
            -0.020112687721848488,
            0.0034580312203615904,
            0.027879230678081512,
            0.014695397578179836,
            0.007866811007261276,
            0.5190867185592651,
            0.004749886691570282,
            -0.00019688914471771568,
            -0.01063980907201767,
            -0.012104845605790615,
            0.014655949547886848,
            0.006739924196153879,
            0.21512331068515778,
            0.0972537025809288,
            0.19905877113342285,
            0.00012503592006396502
        ],
        "var": [
            1246533.75,
            907187.3125,
            139995.765625,
            163872.875,
            169642.28125,
            133017.4375,
            1147159.75,
            1142504.75,
            505759.3125,
            442526.25,
            453073.40625,
            386712.875,
            528784.75,
            343167.0625,
            939118.375,
            787229.6875,
            910085.875,
            40937.484375,
            41281.46875,
            40733.46484375,
            106839.8515625,
            104885.8671875,
            45982.4609375,
            45444.10546875,
            50264.48046875,
            42426.83984375,
            42447.2421875,
            48759.4140625,
            49476.5390625,
            52579.28125,
            58918.08203125,
            53751.51171875,
            116184.34375,
            59331.7265625,
            59331.71875,
            116184.3359375,
            53751.51953125,
            58918.07421875,
            52579.28515625,
            49476.54296875,
            48759.4140625,
            42447.2421875,
            42426.84375,
            50264.48046875,
            45443.87109375,
            45982.4609375,
            104885.859375,
            106839.8203125,
            40733.46484375,
            41280.62109375,
            40937.41015625,
            1220645.375,
            933375.125,
            87617.6328125,
            1606994.125,
            1663083.375,
            575162.3125,
            778680.4375,
            752699.125,
            1272078.0,
            312466.96875,
            352158.5,
            90188.375,
            558365.9375,
            565866.25,
            208340.40625,
            324194.78125,
            337671.4375,
            621396.625,
            479.8905029296875,
            1220645.125,
            933375.375,
            87617.6328125,
            1606993.875,
            1663083.0,
            575162.375,
            778680.375,
            752699.3125,
            1272078.625,
            312466.84375,
            352158.5625,
            90188.390625,
            558365.75,
            565866.1875,
            208340.4375,
            324194.75,
            337671.4375,
            621396.6875,
            479.8905029296875
        ],
        "shape": [
            89
        ],
        "count": 3859310
    },
    "wandb_run_id": "qwkk58u3",
    "wandb_project": "rlgym-ppo",
    "wandb_entity": "gashfraude-epsi",
    "wandb_group": "unnamed-runs",
    "wandb_config": {
        "n_proc": 48,
        "min_inference_size": 36,
        "timestep_limit": 1e+16,
        "exp_buffer_size": 150000,
        "ts_per_iteration": 50000,
        "standardize_returns": true,
        "standardize_obs": true,
        "policy_layer_sizes": [
            512,
            512,
            256
        ],
        "critic_layer_sizes": [
            512,
            512,
            256
        ],
        "ppo_epochs": 2,
        "ppo_batch_size": 50000,
        "ppo_minibatch_size": 50000,
        "ppo_ent_coef": 0.01,
        "ppo_clip_range": 0.2,
        "gae_lambda": 0.95,
        "gae_gamma": 0.99,
        "policy_lr": 0.0002,
        "critic_lr": 0.0002,
        "shm_buffer_size": 8192
    }
}