{
    "cumulative_timesteps": 130594774,
    "cumulative_model_updates": 15582,
    "policy_average_reward": 942.5052625606277,
    "epoch": 2601,
    "ts_since_last_save": 500440,
    "reward_running_stats": {
        "mean": [
            17.022095098010837
        ],
        "var": [
            283931272.952633
        ],
        "shape": [
            1
        ],
        "count": 391500
    },
    "obs_running_stats": {
        "mean": [
            -4.368069726279257e-12,
            2.4598590194623835e-12,
            0.13083301819317752,
            3.7497954441679985e-12,
            -5.057975288767673e-12,
            -0.01943000988541972,
            -5.118002072607175e-12,
            -3.169773863704506e-12,
            0.010172899504416615,
            0.46461913357781,
            0.23968645670942793,
            -0.17782556620274007,
            0.06996239466340752,
            0.047795173369448406,
            0.17377738865443296,
            0.6181816490065807,
            0.4770223247151993,
            0.979555135088822,
            0.9772329038916879,
            0.9772665675864247,
            0.9451908553991476,
            0.9438714889430896,
            0.9774369500702262,
            0.977247879901596,
            0.9765453572913555,
            0.9775849951019071,
            0.9764563780298712,
            0.9760182073747085,
            0.975525964732519,
            0.9747609480191656,
            0.9735391753178708,
            0.9743540944780873,
            0.9414063381048671,
            0.9734150243429338,
            0.9734150113280244,
            0.9414063381048503,
            0.9743541074930545,
            0.9735391883328889,
            0.974760961034108,
            0.9755259777473745,
            0.9760182073747132,
            0.9764563910447348,
            0.9775850081169183,
            0.9765453572913256,
            0.9772478929164259,
            0.9774369500702311,
            0.943871488943044,
            0.9451908423842731,
            0.9772665806015677,
            0.9772329169064785,
            0.979555148103929,
            -0.01440480368026867,
            0.004227482788855917,
            0.07368513963396235,
            0.06091822718362211,
            0.009078902053913018,
            -0.008721324430630839,
            0.0069110049275693955,
            0.0055900631779351425,
            0.5883831068247152,
            -0.0016752898106193771,
            0.0012786159186160503,
            -0.007579246766641449,
            0.024163685122103686,
            -0.02622263802640792,
            0.048127422828662655,
            0.11718334488824889,
            0.4231872100706252,
            0.4967079310924448,
            0.00071633447094748,
            0.014404800019812725,
            -0.004227482890535175,
            0.07368513475336905,
            -0.060918226776907954,
            -0.009078900732083726,
            -0.008721328497802824,
            -0.006911002893983459,
            -0.005590062262821769,
            0.5883830938097779,
            0.0016752888955054376,
            -0.00127861615375008,
            -0.007579244733055306,
            -0.02416368634225104,
            0.02622264290701375,
            0.04812742282865578,
            0.11718335790323944,
            0.4231872068168705,
            0.4967079408536871,
            0.0007163344741250863
        ],
        "var": [
            6659278.808026447,
            4879165.4249669295,
            501250.1980180061,
            908787.8376212874,
            1013044.676467724,
            476079.1374912229,
            6357504.645211053,
            6115313.382847345,
            2883955.6589795286,
            5099233.937705897,
            4628960.480131321,
            3608330.9628363634,
            4579240.49476458,
            1985207.6013578894,
            2672502.0803398774,
            4399723.540678972,
            4664595.446025371,
            274122.0672498442,
            315334.53543309076,
            315489.41973598825,
            825910.0934958004,
            845868.4280061215,
            308520.14949856576,
            312543.0645114666,
            318346.63862569386,
            307262.0980117612,
            329009.76874376147,
            329826.5470166333,
            337953.869788425,
            347093.891543472,
            365883.7425495212,
            354236.9222235496,
            884447.2426729748,
            367588.4297126338,
            367588.4314024925,
            884447.234860543,
            354236.92138268787,
            365883.7252358675,
            347093.8867679079,
            337953.865652254,
            329826.5470166383,
            329009.76222711103,
            307262.09463662305,
            318346.6386256817,
            312542.82250972546,
            308520.1494985653,
            845868.4201935396,
            825910.060418865,
            315489.41319016926,
            315333.6810613711,
            274121.98528983974,
            6367795.299791075,
            4756880.912942252,
            338619.4436694703,
            7993069.604105274,
            8617315.545032017,
            1963303.9175103628,
            3038802.660079471,
            2834199.3576449715,
            6309081.5516604725,
            1715026.802415518,
            2014334.5037157994,
            284309.14518177137,
            2598453.0129509494,
            2582487.5302960174,
            1177505.297822504,
            1081965.5343664018,
            4549635.129556442,
            4670556.479670021,
            13349.375084777439,
            6367794.798084933,
            4756881.100453991,
            338619.43684213347,
            7993069.354722756,
            8617315.17067518,
            1963303.9743294527,
            3038802.5991451736,
            2834199.5455826353,
            6309082.21224054,
            1715026.6773163266,
            2014334.5662072545,
            284309.1605777686,
            2598452.824898909,
            2582487.528142574,
            1177505.329072051,
            1081965.5523903621,
            4549635.168813644,
            4670556.43519675,
            13349.375084708057
        ],
        "shape": [
            89
        ],
        "count": 18656486
    },
    "wandb_run_id": "qwkk58u3",
    "wandb_project": "rlgym-ppo",
    "wandb_entity": "gashfraude-epsi",
    "wandb_group": "unnamed-runs",
    "wandb_config": {
        "n_proc": 48,
        "min_inference_size": 36,
        "timestep_limit": 1e+16,
        "exp_buffer_size": 150000,
        "ts_per_iteration": 50000,
        "standardize_returns": true,
        "standardize_obs": true,
        "policy_layer_sizes": [
            512,
            512,
            256
        ],
        "critic_layer_sizes": [
            512,
            512,
            256
        ],
        "ppo_epochs": 2,
        "ppo_batch_size": 50000,
        "ppo_minibatch_size": 50000,
        "ppo_ent_coef": 0.01,
        "ppo_clip_range": 0.2,
        "gae_lambda": 0.95,
        "gae_gamma": 0.99,
        "policy_lr": 0.0002,
        "critic_lr": 0.0002,
        "shm_buffer_size": 8192
    }
}