{
    "cumulative_timesteps": 273238388,
    "cumulative_model_updates": 32592,
    "policy_average_reward": 798.710742084796,
    "epoch": 5440,
    "ts_since_last_save": 500606,
    "reward_running_stats": {
        "mean": [
            19.007625622395917
        ],
        "var": [
            967841492.0146173
        ],
        "shape": [
            1
        ],
        "count": 819000
    },
    "obs_running_stats": {
        "mean": [
            -2.0877325296795722e-12,
            1.1756972874258566e-12,
            0.1299590316610899,
            1.7922264188125883e-12,
            -2.417475055000996e-12,
            -0.013171034726625957,
            -2.4461650273072012e-12,
            -1.515003298174108e-12,
            0.003856437764161904,
            0.5815352307980166,
            0.2783488963414083,
            -0.21172663765416366,
            0.02572268577974164,
            0.0416762310880294,
            0.13296338067979446,
            0.7327071296149782,
            0.3024323870676237,
            0.9790886013768091,
            0.9762032120449926,
            0.9767682571476671,
            0.9328132900575611,
            0.9366668470026729,
            0.9799735476356738,
            0.9797811932989967,
            0.9801555937341035,
            0.9758735719596284,
            0.9757441972793627,
            0.9798383389683782,
            0.9794193334396188,
            0.9789372803830069,
            0.9790983961568482,
            0.9787746161518714,
            0.9312973144777175,
            0.9788631348615647,
            0.9788631286410999,
            0.9312973144778388,
            0.9787746223724182,
            0.9790984023774529,
            0.9789372866034877,
            0.9794193396601194,
            0.9798383389683833,
            0.9757442034998662,
            0.9758735781801111,
            0.9801555937340997,
            0.9797811995195481,
            0.9799735476356306,
            0.9366668470026572,
            0.932813283836862,
            0.9767682633681948,
            0.9762032182654604,
            0.9790886075974412,
            -0.012262983356576856,
            0.008834079625968286,
            0.06361439055920358,
            0.06712472854744846,
            0.011754524601045112,
            0.0021721171366178758,
            0.01072311787388582,
            0.006208438062441262,
            0.616424218641764,
            -0.0014598449535839755,
            0.0016628140657593154,
            -0.005021013388000999,
            0.03405982023522552,
            -0.04727677618991833,
            0.0551495044594218,
            0.08860373904402527,
            0.49421645322182306,
            0.560257249783378,
            0.0012296233862534032,
            0.012262981607052524,
            -0.008834079674566802,
            0.06361438822651153,
            -0.06712472835306545,
            -0.011754523969275149,
            0.002172115192700015,
            -0.010723116901928845,
            -0.006208437625062413,
            0.6164242124211351,
            0.0014598445162024409,
            -0.001662814178142804,
            -0.00502101241604317,
            -0.034059820818406986,
            0.047276778522634455,
            0.055149504459420184,
            0.08860374526456746,
            0.4942164516665177,
            0.5602572544488323,
            0.0012296233877719734
        ],
        "var": [
            14408964.024999494,
            11129648.973913403,
            963688.3215796241,
            2303635.9088390633,
            3025138.513369544,
            926570.0366181078,
            13964534.386701696,
            12767659.137752391,
            6625481.196807599,
            9308241.89738798,
            11870240.243216496,
            10031777.87999318,
            10345240.351702629,
            3707897.5850979076,
            4493841.853043821,
            7640908.691422774,
            8245239.720756878,
            699680.2350537989,
            807033.4235901836,
            786768.9949072757,
            2305781.7787610763,
            2173068.6465049163,
            663131.0200384826,
            670992.6022026779,
            650266.2897139085,
            817483.5563371609,
            823948.6015818906,
            664266.2985630376,
            679344.2544298812,
            692954.2236371529,
            684103.4351189526,
            698973.9879078467,
            2352853.5961509994,
            692411.9395268233,
            692411.9438623558,
            2352853.5883389167,
            698973.9849204038,
            684103.4151055011,
            692954.2168335333,
            679344.2484030051,
            664266.2985630515,
            823948.5954109945,
            817483.5537930988,
            650266.2897139273,
            670992.3589707466,
            663131.020038472,
            2173068.6386923515,
            2305781.7396744285,
            786768.988603468,
            807032.5697186121,
            699680.1533204827,
            13992283.888422178,
            10842041.507797841,
            575607.8035841091,
            16340337.573415115,
            18328270.903800253,
            4173465.5788605222,
            5928377.221573083,
            5467310.695573147,
            12786157.00015913,
            3667128.703258107,
            4632304.008111415,
            525990.7928380726,
            5158454.9562157905,
            5193356.0713932095,
            2676309.0905001387,
            1826956.7333466988,
            9752818.546993483,
            9623440.22511857,
            47932.92979918638,
            13992283.386420118,
            10842041.695297146,
            575607.7949226458,
            16340337.32412635,
            18328270.529568277,
            4173465.637333179,
            5928377.160928329,
            5467310.883532336,
            12786157.674357086,
            3667128.5781533406,
            4632304.070598071,
            525990.8080398774,
            5158454.76771428,
            5193356.065405666,
            2676309.1217497657,
            1826956.7652494723,
            9752818.594874945,
            9623440.15749756,
            47932.929799055375
        ],
        "shape": [
            89
        ],
        "count": 39034134
    },
    "wandb_run_id": "qwkk58u3",
    "wandb_project": "rlgym-ppo",
    "wandb_entity": "gashfraude-epsi",
    "wandb_group": "unnamed-runs",
    "wandb_config": {
        "n_proc": 48,
        "min_inference_size": 36,
        "timestep_limit": 1e+16,
        "exp_buffer_size": 150000,
        "ts_per_iteration": 50000,
        "standardize_returns": true,
        "standardize_obs": true,
        "policy_layer_sizes": [
            512,
            512,
            256
        ],
        "critic_layer_sizes": [
            512,
            512,
            256
        ],
        "ppo_epochs": 2,
        "ppo_batch_size": 50000,
        "ppo_minibatch_size": 50000,
        "ppo_ent_coef": 0.01,
        "ppo_clip_range": 0.2,
        "gae_lambda": 0.95,
        "gae_gamma": 0.99,
        "policy_lr": 0.0002,
        "critic_lr": 0.0002,
        "shm_buffer_size": 8192
    }
}