{
    "cumulative_timesteps": 222682012,
    "cumulative_model_updates": 26542,
    "policy_average_reward": 612.4154082639519,
    "epoch": 4431,
    "ts_since_last_save": 500584,
    "reward_running_stats": {
        "mean": [
            20.56850471669595
        ],
        "var": [
            839306173.1947598
        ],
        "shape": [
            1
        ],
        "count": 667500
    },
    "obs_running_stats": {
        "mean": [
            -2.5617175616244272e-12,
            1.4426198490325433e-12,
            0.13101982263009948,
            2.1991216915174145e-12,
            -2.9663226535232197e-12,
            -0.014545303105947517,
            -3.001526209259639e-12,
            -1.8589596675521322e-12,
            0.007915187877139882,
            0.5552631162804181,
            0.2639088726854332,
            -0.20874870340337356,
            0.045580176415769884,
            0.04968879814744913,
            0.13234548854894396,
            0.7163057286284445,
            0.33492657857450764,
            0.9792752858896474,
            0.9765268815142253,
            0.9768960542258862,
            0.9365547872302972,
            0.9380663416614994,
            0.9793349842158309,
            0.9791366494423708,
            0.9793233222454474,
            0.9764632819805584,
            0.9757487662067789,
            0.9788543526224199,
            0.9783539558842428,
            0.9778375900480596,
            0.9778384706870789,
            0.9776591512779749,
            0.9343997124828679,
            0.977564760222086,
            0.9775647525894374,
            0.9343997124828984,
            0.9776591589107841,
            0.9778384783198495,
            0.9778375976807784,
            0.9783539635169354,
            0.9788543526224263,
            0.9757487738395154,
            0.9764632896133104,
            0.9793233222454403,
            0.9791366570752501,
            0.9793349842158019,
            0.9380663416614673,
            0.9365547795974674,
            0.9768960618587476,
            0.9765268891470141,
            0.9792752935226181,
            -0.013979528871747101,
            0.0062125058047916475,
            0.06632845937118727,
            0.05869056739660441,
            0.007778921786743126,
            0.0009227338300471271,
            0.010564790311386855,
            0.004728379385397478,
            0.6255857377504103,
            -0.0015195935794324624,
            0.0016248286503920983,
            -0.005693369539958751,
            0.024697431766912623,
            -0.035942495798083535,
            0.05707217677869994,
            0.09399894389769944,
            0.5067159136030633,
            0.5731975242426227,
            0.0012980495230339201,
            0.01397952672501977,
            -0.0062125058644221685,
            0.0663284565089067,
            -0.05869056715807924,
            -0.007778921011538928,
            0.0009227314447956317,
            -0.010564789118764297,
            -0.004728378848716443,
            0.6255857301174356,
            0.0015195930427508095,
            -0.001624828788290319,
            -0.0056933683473322245,
            -0.024697432482487392,
            0.0359424986603884,
            0.05707217677868958,
            0.09399895153053126,
            0.5067159116947813,
            0.5731975299672502,
            0.0012980495248974626
        ],
        "var": [
            11707515.337666247,
            8803234.327708537,
            809082.2055357198,
            1839342.436505832,
            2243697.523450354,
            774381.039719085,
            11202234.98479084,
            10471434.29031482,
            5309945.347905623,
            7571123.266727725,
            8925568.055672927,
            7396258.375914756,
            8054789.680582937,
            3042350.8853856674,
            3646779.4634253825,
            6460708.285716894,
            7096425.544048685,
            546117.7347681805,
            629445.0565846363,
            619002.3676480554,
            1749663.1111301552,
            1705681.0227803758,
            540877.002713298,
            547579.743325363,
            535190.61231628,
            629572.7166491688,
            652875.8720315187,
            551597.1094609911,
            566223.2468890202,
            577507.1792504055,
            574654.7182069303,
            582869.8291805226,
            1805311.2097230928,
            582484.9572418492,
            582484.9609467875,
            1805311.2019108762,
            582869.8267347167,
            574654.6988053345,
            577507.1729807769,
            566223.2413795001,
            551597.1094610062,
            652875.8658584141,
            629572.713818743,
            535190.612316273,
            547579.5004064263,
            540877.0027132698,
            1705681.0149676136,
            1749663.073859286,
            619002.3612821922,
            629444.2025557911,
            546117.6529441281,
            11309124.9033228,
            8562968.191212526,
            510894.14063181245,
            13458062.432623219,
            14913100.042503709,
            3318495.8313917057,
            4818503.019752829,
            4381652.326854268,
            10143439.972726714,
            3044007.5169362663,
            3688413.250002055,
            457891.5255880893,
            4010863.2886893493,
            4060439.0836409424,
            2064458.7970385605,
            1558365.506844479,
            7947104.392770524,
            7789141.976334709,
            41234.34765446856,
            11309124.401553232,
            8562968.378720207,
            510894.13246462506,
            13458062.183204884,
            14913099.668077732,
            3318495.8896751697,
            4818502.95909583,
            4381652.514762927,
            10143440.651369292,
            3044007.391833221,
            3688413.3124900344,
            457891.5408409337,
            4010863.100612264,
            4060439.079717241,
            2064458.8282879542,
            1558365.5361271438,
            7947104.44216769,
            7789141.904001051,
            41234.34765432988
        ],
        "shape": [
            89
        ],
        "count": 31811794
    },
    "wandb_run_id": "qwkk58u3",
    "wandb_project": "rlgym-ppo",
    "wandb_entity": "gashfraude-epsi",
    "wandb_group": "unnamed-runs",
    "wandb_config": {
        "n_proc": 48,
        "min_inference_size": 36,
        "timestep_limit": 1e+16,
        "exp_buffer_size": 150000,
        "ts_per_iteration": 50000,
        "standardize_returns": true,
        "standardize_obs": true,
        "policy_layer_sizes": [
            512,
            512,
            256
        ],
        "critic_layer_sizes": [
            512,
            512,
            256
        ],
        "ppo_epochs": 2,
        "ppo_batch_size": 50000,
        "ppo_minibatch_size": 50000,
        "ppo_ent_coef": 0.01,
        "ppo_clip_range": 0.2,
        "gae_lambda": 0.95,
        "gae_gamma": 0.99,
        "policy_lr": 0.0002,
        "critic_lr": 0.0002,
        "shm_buffer_size": 8192
    }
}