{
    "cumulative_timesteps": 109577496,
    "cumulative_model_updates": 13094,
    "policy_average_reward": 978.2701466097864,
    "epoch": 2185,
    "ts_since_last_save": 500476,
    "reward_running_stats": {
        "mean": [
            18.322902836195603
        ],
        "var": [
            235595857.82863787
        ],
        "shape": [
            1
        ],
        "count": 328500
    },
    "obs_running_stats": {
        "mean": [
            -5.2058731328860125e-12,
            2.931664272825092e-12,
            0.13280114684966154,
            4.469012761522644e-12,
            -6.028103786975991e-12,
            -0.019990980924678707,
            -6.099643817393713e-12,
            -3.7777420344966506e-12,
            0.010568211946392321,
            0.4326214543858313,
            0.2027306904035846,
            -0.17056225688126142,
            0.08675578294738238,
            0.02786356581553238,
            0.1862734167386181,
            0.5802475300685409,
            0.5196729889244507,
            0.9784800722735749,
            0.9762064915342551,
            0.9762800219371213,
            0.9436273141554683,
            0.9422699794560925,
            0.9763682253890349,
            0.9763048304859254,
            0.9754363887067472,
            0.9764772069975696,
            0.9756011361635326,
            0.9749892980595509,
            0.974527786007987,
            0.9735954679537357,
            0.972342052677436,
            0.9732217327636858,
            0.9399562570558294,
            0.9721958141254057,
            0.9721957986141966,
            0.9399562570558051,
            0.9732217482749771,
            0.9723420681887172,
            0.973595483465019,
            0.9745278015191097,
            0.9749892980595567,
            0.9756011516747829,
            0.9764772225087881,
            0.975436388706736,
            0.9763048459970792,
            0.9763682253890599,
            0.9422699794560513,
            0.9436272986443853,
            0.9762800374486478,
            0.9762065070453566,
            0.9784800877850116,
            -0.015206449178315332,
            0.00565260746121492,
            0.07591556786650513,
            0.06213325256469176,
            0.013247316451645709,
            -0.005646408470816155,
            0.004637590241133707,
            0.0038534677122384338,
            0.5901683345876241,
            -0.0017200723642981518,
            0.0015014616961411794,
            -0.007677796221009659,
            0.02541237188288505,
            -0.025029284625573398,
            0.0453594946870531,
            0.12747657263354353,
            0.41470542962592444,
            0.48710532736802115,
            0.0007403392552986835,
            0.015206444815778089,
            -0.005652607582396978,
            0.07591556204979415,
            -0.062133252079969066,
            -0.013247314876287133,
            -0.0056464133180774475,
            -0.004637587817501526,
            -0.0038534666216047237,
            0.5901683190763108,
            0.0017200712736641693,
            -0.0015014619763739493,
            -0.007677793797378942,
            -0.025412373337062883,
            0.025029290442286405,
            0.045359494687054705,
            0.1274765881448224,
            0.41470542574806896,
            0.48710533900151565,
            0.000740339259085562
        ],
        "var": [
            5569900.096944857,
            4081208.274250105,
            430233.1608928367,
            769858.5753710069,
            856633.0248457971,
            409188.9931881839,
            5311968.477931047,
            5115125.716207897,
            2426677.174861762,
            4161421.9115206664,
            3408032.1204249165,
            2815463.862249353,
            3445110.5649623447,
            1634603.69832792,
            2366593.717181207,
            3808873.2065637917,
            3917770.05769168,
            230114.84865387826,
            263852.7252262581,
            263510.7233133441,
            692121.3810322912,
            709018.9924485396,
            258260.84779128627,
            259861.64030586832,
            266102.76914935355,
            258015.01260960446,
            272731.19053088815,
            274866.2447657986,
            281114.8477704689,
            290529.2843421481,
            306263.8224639092,
            296007.4114228903,
            738836.3464728557,
            307937.41034387954,
            307937.41144168196,
            738836.3386603869,
            296007.4111318613,
            306263.80573160085,
            290529.28013260575,
            281114.844119045,
            274866.24476579693,
            272731.1844295819,
            258015.00977243506,
            266102.7691493432,
            259861.39876222017,
            258260.84779128584,
            709018.9846359674,
            692121.3471961371,
            263510.71724663425,
            263851.87135292776,
            230114.7672159248,
            5344560.9364412,
            4003967.8520586435,
            288956.2447073116,
            6702246.4255507905,
            7218607.440413787,
            1658879.5985841285,
            2559071.10214241,
            2380637.6347090877,
            5247314.428101184,
            1464473.465256627,
            1717015.1868986932,
            247544.38975171343,
            2141069.7234871136,
            2137583.04988265,
            950047.5132356549,
            971662.7760916719,
            3795209.6718128193,
            3917538.8394020936,
            11575.368380199478,
            5344560.434845536,
            4003968.0395643776,
            288956.23828618083,
            6702246.17618702,
            7218607.066262094,
            1658879.6558697082,
            2559071.041035747,
            2380637.8225878514,
            5247315.0895484835,
            1464473.3401590008,
            1717015.2493878657,
            247544.40515515523,
            2141069.535378257,
            2137583.0479464633,
            950047.5444855453,
            971662.7891169196,
            3795209.7100405637,
            3917538.7984268162,
            11575.36838012732
        ],
        "shape": [
            89
        ],
        "count": 15654018
    },
    "wandb_run_id": "qwkk58u3",
    "wandb_project": "rlgym-ppo",
    "wandb_entity": "gashfraude-epsi",
    "wandb_group": "unnamed-runs",
    "wandb_config": {
        "n_proc": 48,
        "min_inference_size": 36,
        "timestep_limit": 1e+16,
        "exp_buffer_size": 150000,
        "ts_per_iteration": 50000,
        "standardize_returns": true,
        "standardize_obs": true,
        "policy_layer_sizes": [
            512,
            512,
            256
        ],
        "critic_layer_sizes": [
            512,
            512,
            256
        ],
        "ppo_epochs": 2,
        "ppo_batch_size": 50000,
        "ppo_minibatch_size": 50000,
        "ppo_ent_coef": 0.01,
        "ppo_clip_range": 0.2,
        "gae_lambda": 0.95,
        "gae_gamma": 0.99,
        "policy_lr": 0.0002,
        "critic_lr": 0.0002,
        "shm_buffer_size": 8192
    }
}