{
    "cumulative_timesteps": 174631718,
    "cumulative_model_updates": 20814,
    "policy_average_reward": 1861.7170565804718,
    "epoch": 3475,
    "ts_since_last_save": 500434,
    "reward_running_stats": {
        "mean": [
            21.53771273214916
        ],
        "var": [
            607470064.217107
        ],
        "shape": [
            1
        ],
        "count": 523500
    },
    "obs_running_stats": {
        "mean": [
            -3.2665769953683705e-12,
            1.8395582960225898e-12,
            0.13294815311042454,
            2.804212458364618e-12,
            -3.782509617115853e-12,
            -0.016394487904098268,
            -3.8273994750736386e-12,
            -2.3704544715584816e-12,
            0.012473576183960286,
            0.5246093863018837,
            0.25512240809882347,
            -0.18770771714481976,
            0.07765830496812508,
            0.0569951860341235,
            0.13736516843384997,
            0.6814368863915705,
            0.38124087623862596,
            0.9791211158491709,
            0.9762298136922548,
            0.9766013562274779,
            0.9392368829817802,
            0.9386127017796491,
            0.9782662841108406,
            0.9781697458665204,
            0.9780771672105936,
            0.9766221895419236,
            0.9753321577828675,
            0.9774985207569163,
            0.9769357976449349,
            0.9763921944817128,
            0.9760190911050025,
            0.9760538652886415,
            0.9363247322138437,
            0.9757353661050079,
            0.9757353563721423,
            0.9363247322138555,
            0.9760538750215094,
            0.9760191008381202,
            0.9763922042146455,
            0.9769358073778496,
            0.9774985207569326,
            0.9753321675158055,
            0.9766221992748239,
            0.9780771672105905,
            0.9781697555994633,
            0.9782662841108314,
            0.9386127017796647,
            0.9392368732488645,
            0.9766013659605902,
            0.9762298234252208,
            0.9791211255822495,
            -0.013870732034242038,
            0.002412840235972176,
            0.06936400487178751,
            0.05428476373329421,
            0.004706852954534221,
            -0.0032036447409687805,
            0.009594982796741463,
            0.005255568138069798,
            0.621587408604965,
            -0.0015121829515923385,
            0.0015598996990625828,
            -0.006493764914370695,
            0.019373543153775465,
            -0.030365454264045928,
            0.05767097821642818,
            0.10432201373812708,
            0.5030293356425183,
            0.5689008369392247,
            0.0013203857556918987,
            0.01387072929683879,
            -0.0024128403120102894,
            0.06936400122194115,
            -0.05428476342914285,
            -0.004706851966030033,
            -0.00320364778252526,
            -0.009594981275965829,
            -0.005255567453720791,
            0.6215873988718934,
            0.0015121822672423282,
            -0.0015598998749031191,
            -0.006493763393592333,
            -0.019373544066241026,
            0.030365457913912593,
            0.057670978216412344,
            0.1043220234711519,
            0.5030293332093346,
            0.5689008442389413,
            0.0013203857580681253
        ],
        "var": [
            9106425.743317997,
            6734008.116110567,
            659064.5841566828,
            1402673.9022570557,
            1640567.2202724856,
            630853.8445657878,
            8654300.890599245,
            8190064.768605007,
            4119546.2026366876,
            5888602.163509513,
            6510897.164271771,
            5366448.635329315,
            6258927.694717582,
            2521508.8010757333,
            2950000.941449033,
            5411788.514865634,
            5895339.209378876,
            410491.04270014097,
            479161.0874620762,
            471083.6053962449,
            1283185.006434898,
            1294928.9479681307,
            427487.955375289,
            430446.79562715616,
            425957.9311772261,
            468033.3801364014,
            500329.50241592847,
            441864.06683338684,
            454651.70993152674,
            463157.3193612921,
            469196.66154176195,
            471135.21313676797,
            1342733.5033472138,
            475444.72188718227,
            475444.724703743,
            1342733.4955349315,
            471135.2114705067,
            469196.643023763,
            463157.31379360665,
            454651.7051107447,
            441864.06683339836,
            500329.49644526513,
            468033.3772288369,
            425957.93117721257,
            430446.5531777585,
            427487.95537527703,
            1294928.9401554214,
            1283184.9704665868,
            471083.5991734707,
            479160.23357746954,
            410490.960950912,
            8762477.605840322,
            6574163.085091343,
            431348.15780873987,
            10633296.617550766,
            11668398.135501023,
            2560845.1171849095,
            3842866.729224834,
            3481047.5236520884,
            7967441.175349048,
            2450185.5441154763,
            2912831.786478684,
            383391.71967697743,
            3133467.6801320943,
            3160488.545678543,
            1564949.186349066,
            1328690.326988649,
            6232229.276078209,
            6125070.91712502,
            32891.45450028724,
            8762477.104059363,
            6574163.272611169,
            431348.1501944477,
            10633296.368066637,
            11668397.760926457,
            2560845.174841431,
            3842866.6684938646,
            3481047.7115783123,
            7967441.8520535175,
            2450185.4190111156,
            2912831.848967703,
            383391.7349906426,
            3133467.492297917,
            3160488.5427710544,
            1564949.217598566,
            1328690.3512581894,
            6232229.325029068,
            6125070.846358021,
            32891.45450014577
        ],
        "shape": [
            89
        ],
        "count": 24947470
    },
    "wandb_run_id": "qwkk58u3",
    "wandb_project": "rlgym-ppo",
    "wandb_entity": "gashfraude-epsi",
    "wandb_group": "unnamed-runs",
    "wandb_config": {
        "n_proc": 48,
        "min_inference_size": 36,
        "timestep_limit": 1e+16,
        "exp_buffer_size": 150000,
        "ts_per_iteration": 50000,
        "standardize_returns": true,
        "standardize_obs": true,
        "policy_layer_sizes": [
            512,
            512,
            256
        ],
        "critic_layer_sizes": [
            512,
            512,
            256
        ],
        "ppo_epochs": 2,
        "ppo_batch_size": 50000,
        "ppo_minibatch_size": 50000,
        "ppo_ent_coef": 0.01,
        "ppo_clip_range": 0.2,
        "gae_lambda": 0.95,
        "gae_gamma": 0.99,
        "policy_lr": 0.0002,
        "critic_lr": 0.0002,
        "shm_buffer_size": 8192
    }
}