{
    "cumulative_timesteps": 118083936,
    "cumulative_model_updates": 14098,
    "policy_average_reward": 74.4514755957695,
    "epoch": 2353,
    "ts_since_last_save": 500598,
    "reward_running_stats": {
        "mean": [
            18.008593683543207
        ],
        "var": [
            272104764.6236789
        ],
        "shape": [
            1
        ],
        "count": 354000
    },
    "obs_running_stats": {
        "mean": [
            -4.830858928854437e-12,
            2.7204766969313847e-12,
            0.13169140725382958,
            4.147079588157579e-12,
            -5.593858753636108e-12,
            -0.01970292453676216,
            -5.660245272006262e-12,
            -3.5056057584666015e-12,
            0.010543430815303784,
            0.44521047611742465,
            0.21891428113245043,
            -0.18148358402202353,
            0.07956389555972156,
            0.03619622694537407,
            0.18006559037209632,
            0.5974033823342888,
            0.5075406751263716,
            0.9790074292704382,
            0.9766910406534933,
            0.9767261961722008,
            0.9443559970390617,
            0.9430716021916534,
            0.9769305172975937,
            0.9768553872795116,
            0.9760151230845375,
            0.9769978588775204,
            0.9760377654834775,
            0.9755195599198925,
            0.9750649142959497,
            0.9741908654747843,
            0.9729467070128849,
            0.9738160730040664,
            0.9406411965628516,
            0.9728282533624425,
            0.9728282389686542,
            0.9406411965628187,
            0.9738160873979524,
            0.97294672140684,
            0.9741908798686992,
            0.9750649286896999,
            0.9755195599198944,
            0.9760377798773114,
            0.9769978732713883,
            0.9760151230845242,
            0.9768554016732386,
            0.9769305172976166,
            0.9430716021916244,
            0.9443559826452164,
            0.9767262105662949,
            0.9766910550471409,
            0.9790074436644719,
            -0.014551822448991752,
            0.0047090471697420165,
            0.07466921141804558,
            0.06270338788361557,
            0.011934207938691817,
            -0.007812518757885358,
            0.0054021894219555035,
            0.004707326813511919,
            0.5915643527860568,
            -0.0016873223054044016,
            0.0013528377175209356,
            -0.007627887860876121,
            0.025189680264823565,
            -0.02563068785543113,
            0.046389264637806134,
            0.12271125390836915,
            0.4215607133548743,
            0.49429870343251475,
            0.0007180108263766414,
            0.014551818400717776,
            -0.0047090472821945725,
            0.0746692060203631,
            -0.06270338743380832,
            -0.01193420647681755,
            -0.007812523255965723,
            -0.00540218717291423,
            -0.004707325801444093,
            0.5915643383921844,
            0.001687321293336072,
            -0.001352837977566784,
            -0.00762788561183615,
            -0.025189681614247835,
            0.025630693253126863,
            0.04638926463780082,
            0.12271126830226543,
            0.42156070975638577,
            0.49429871422792654,
            0.0007180108298907484
        ],
        "var": [
            6012422.785737566,
            4404745.926227589,
            457968.34982860414,
            824221.8528647756,
            917923.6435735824,
            435167.19121113926,
            5742602.590868584,
            5524156.648925653,
            2604420.8629014483,
            4570500.257750931,
            3890420.514019064,
            3123276.556678225,
            3888391.1402107533,
            1780396.9402594292,
            2484431.2899456583,
            4053435.479861655,
            4226670.36337,
            247185.27435670636,
            284289.7745173026,
            284478.70811689406,
            745848.5531348893,
            763150.5122538933,
            277257.18539686425,
            279121.37340952235,
            285930.51941442303,
            277553.2418874326,
            294647.98241014703,
            295996.7953385468,
            302676.11981353717,
            312249.4734268408,
            329302.2948100085,
            318182.02029259317,
            797245.8553315423,
            330703.4941570099,
            330703.49556194275,
            797245.8475190885,
            318182.0197129768,
            329302.2777840576,
            312249.46892813506,
            302676.1159012729,
            295996.79533854284,
            294647.97609678557,
            277553.23879741895,
            285930.519414412,
            279121.13159849326,
            277257.18539685616,
            763150.5044413024,
            745848.5196525881,
            284478.7018335313,
            284288.92040864856,
            247185.1926626849,
            5757981.803161793,
            4307804.321055772,
            308241.43427307793,
            7225820.831445407,
            7788559.257292483,
            1774479.3901587958,
            2739924.2095677685,
            2553903.526874686,
            5657019.020132202,
            1555695.8648798475,
            1825253.7941092118,
            261188.97923504713,
            2312121.746903767,
            2300850.400567113,
            1038068.1985759791,
            1015812.501542838,
            4109104.5877956273,
            4223394.343005372,
            12098.251631042078,
            5757981.3014769405,
            4307804.508565137,
            308241.4276250132,
            7225820.582089865,
            7788558.883075975,
            1774479.447115644,
            2739924.148519229,
            2553903.7147824783,
            5657019.682257436,
            1555695.7397809653,
            1825253.8565998415,
            261188.99463473092,
            2312121.5588049944,
            2300850.398521364,
            1038068.2298257864,
            1015812.5168822545,
            4109104.6268557035,
            4223394.299409699,
            12098.25163097255
        ],
        "shape": [
            89
        ],
        "count": 16869222
    },
    "wandb_run_id": "qwkk58u3",
    "wandb_project": "rlgym-ppo",
    "wandb_entity": "gashfraude-epsi",
    "wandb_group": "unnamed-runs",
    "wandb_config": {
        "n_proc": 48,
        "min_inference_size": 36,
        "timestep_limit": 1e+16,
        "exp_buffer_size": 150000,
        "ts_per_iteration": 50000,
        "standardize_returns": true,
        "standardize_obs": true,
        "policy_layer_sizes": [
            512,
            512,
            256
        ],
        "critic_layer_sizes": [
            512,
            512,
            256
        ],
        "ppo_epochs": 2,
        "ppo_batch_size": 50000,
        "ppo_minibatch_size": 50000,
        "ppo_ent_coef": 0.01,
        "ppo_clip_range": 0.2,
        "gae_lambda": 0.95,
        "gae_gamma": 0.99,
        "policy_lr": 0.0002,
        "critic_lr": 0.0002,
        "shm_buffer_size": 8192
    }
}