{
    "cumulative_timesteps": 161120332,
    "cumulative_model_updates": 19204,
    "policy_average_reward": 2022.710557042716,
    "epoch": 3206,
    "ts_since_last_save": 500422,
    "reward_running_stats": {
        "mean": [
            19.491507541638217
        ],
        "var": [
            464698556.5808413
        ],
        "shape": [
            1
        ],
        "count": 483000
    },
    "obs_running_stats": {
        "mean": [
            -3.5405075180050405e-12,
            1.9938210502116337e-12,
            0.131582738327523,
            3.0393697449486888e-12,
            -4.0997055173475465e-12,
            -0.01728537279249416,
            -4.1483597820606204e-12,
            -2.569237424873686e-12,
            0.011556539807702422,
            0.5084632127401274,
            0.25259238460732436,
            -0.18145980770964443,
            0.07491657099731035,
            0.05688136772147102,
            0.14757322776572884,
            0.6639202487726488,
            0.4041344914578802,
            0.9794031936194011,
            0.9766216012458129,
            0.9768772807954492,
            0.9413932319301517,
            0.9403271742460019,
            0.9780957021612093,
            0.9779362834153443,
            0.9776999998640977,
            0.9770391478561578,
            0.9758277086297066,
            0.9771399958843301,
            0.9765459412644926,
            0.9759522774098301,
            0.9753257920451286,
            0.9756368857003787,
            0.9383640811315956,
            0.9750618502365745,
            0.9750618396876123,
            0.9383640811315909,
            0.9756368962494563,
            0.975325802594416,
            0.9759522879590087,
            0.9765459518136093,
            0.9771399958843396,
            0.9758277191788886,
            0.9770391584052399,
            0.9776999998640731,
            0.9779362939644403,
            0.9780957021612091,
            0.9403271742460058,
            0.941393221381053,
            0.976877291344809,
            0.9766216117949289,
            0.9794032041686916,
            -0.013676781674567037,
            0.0032213415086957673,
            0.07045846073213735,
            0.05704823357098878,
            0.004729068217725821,
            -0.004719561279135759,
            0.008584785758186778,
            0.0050639806484890715,
            0.6100204047668815,
            -0.0015819488408507273,
            0.0014372680709900856,
            -0.006805900437447887,
            0.020716124361044346,
            -0.031124883819708928,
            0.05482009902214015,
            0.10744085409149419,
            0.4764265855314298,
            0.5448936986419521,
            0.0010717726186233025,
            0.013676778707609048,
            -0.00322134159111033,
            0.07045845677622184,
            -0.05704823324132968,
            -0.004729067146327636,
            -0.004719564575753474,
            -0.008584784109879458,
            -0.0050639799067514766,
            0.6100203942176198,
            0.0015819480991121372,
            -0.0014372682615762184,
            -0.006805898789138853,
            -0.020716125350029112,
            0.031124887775648608,
            0.05482009902212933,
            0.10744086464071864,
            0.476426582894161,
            0.5448937065538539,
            0.0010717726211989364
        ],
        "var": [
            8345904.472414684,
            6155902.292878463,
            606600.801393661,
            1229311.8143464052,
            1416925.0489702842,
            579343.4017602724,
            7951550.874791623,
            7564527.0544924885,
            3720289.992555397,
            5717283.993552085,
            6001279.858661241,
            4831418.944969852,
            5815437.779053015,
            2370401.3359076916,
            2889292.5659611863,
            5132023.202545738,
            5553109.32419788,
            364808.75641446677,
            425777.87054909684,
            420920.8396455567,
            1129318.3102134254,
            1149028.0323400556,
            390204.3546542261,
            394367.77814545756,
            392867.68931335275,
            414811.9981975479,
            443041.1131694794,
            407287.0220560669,
            419716.0636234701,
            428308.5273775134,
            439200.25508993125,
            435155.3617515919,
            1186595.698494188,
            444485.4020121143,
            444485.4045016114,
            1186595.690681805,
            435155.3602878196,
            439200.2369086202,
            428308.5220234691,
            419716.05899202457,
            407287.0220560816,
            443041.10695816553,
            414811.99508750037,
            392867.6893133466,
            394367.535809415,
            390204.354654216,
            1149028.0245274254,
            1129318.275292264,
            420920.8332887842,
            425777.0164742045,
            364808.67452826217,
            8004116.08599242,
            6000598.12403965,
            403245.11943468644,
            9827221.739318952,
            10727218.34417154,
            2376291.4209545674,
            3608916.0777502907,
            3301332.2003896325,
            7525286.329915751,
            2208158.6547466633,
            2612517.707188999,
            350363.35226378957,
            3005317.6915675774,
            3022718.3948971117,
            1452166.2512813886,
            1251878.65228559,
            5737118.381611936,
            5714565.64252705,
            24637.5085189625,
            8004115.584185311,
            6000598.311555821,
            403245.1120197311,
            9827221.489878247,
            10727217.969597917,
            2376291.47838091,
            3608916.016942869,
            3301332.388309305,
            7525287.001003108,
            2208158.529644229,
            2612517.7696790923,
            350363.3676011322,
            3005317.503672065,
            3022718.3918511146,
            1452166.2825309408,
            1251878.6750406888,
            5737118.427332155,
            5714565.580504123,
            24637.50851885077
        ],
        "shape": [
            89
        ],
        "count": 23017274
    },
    "wandb_run_id": "qwkk58u3",
    "wandb_project": "rlgym-ppo",
    "wandb_entity": "gashfraude-epsi",
    "wandb_group": "unnamed-runs",
    "wandb_config": {
        "n_proc": 48,
        "min_inference_size": 36,
        "timestep_limit": 1e+16,
        "exp_buffer_size": 150000,
        "ts_per_iteration": 50000,
        "standardize_returns": true,
        "standardize_obs": true,
        "policy_layer_sizes": [
            512,
            512,
            256
        ],
        "critic_layer_sizes": [
            512,
            512,
            256
        ],
        "ppo_epochs": 2,
        "ppo_batch_size": 50000,
        "ppo_minibatch_size": 50000,
        "ppo_ent_coef": 0.01,
        "ppo_clip_range": 0.2,
        "gae_lambda": 0.95,
        "gae_gamma": 0.99,
        "policy_lr": 0.0002,
        "critic_lr": 0.0002,
        "shm_buffer_size": 8192
    }
}