{
    "cumulative_timesteps": 331627848,
    "cumulative_model_updates": 39568,
    "policy_average_reward": 365.613208651059,
    "epoch": 6604,
    "ts_since_last_save": 500274,
    "reward_running_stats": {
        "mean": [
            16.66694327281467
        ],
        "var": [
            1445088431.0455863
        ],
        "shape": [
            1
        ],
        "count": 994050
    },
    "obs_running_stats": {
        "mean": [
            -1.7201478060952448e-12,
            9.686935848233486e-13,
            0.12670036167581752,
            1.4766711234516159e-12,
            -1.9918329288182416e-12,
            -0.012512537910381717,
            -2.015471489401396e-12,
            -1.2482583639375345e-12,
            0.002607740572917449,
            0.5956117626111882,
            0.30194238362910436,
            -0.20156029842763087,
            0.009502303508001271,
            0.03404793856070107,
            0.1367214463073595,
            0.7325134397608216,
            0.27710916635606614,
            0.9795188503626323,
            0.9762729377654102,
            0.9769732799014109,
            0.9323776370462473,
            0.9372000947506716,
            0.9803476991509158,
            0.9801647482955059,
            0.9805423992660713,
            0.9762331447082582,
            0.9764000869969733,
            0.9802544071557607,
            0.9799160777651912,
            0.9794608734548942,
            0.9794779290006832,
            0.9792719053005248,
            0.9314905369652206,
            0.9793114880360559,
            0.9793114829109031,
            0.9314905369652441,
            0.9792719104258705,
            0.9794779341260086,
            0.9794608785801304,
            0.9799160828904698,
            0.9802544071557651,
            0.9764000921222735,
            0.9762331498335189,
            0.9805423992660596,
            0.9801647534208194,
            0.980347699150887,
            0.9372000947506217,
            0.9323776319207746,
            0.9769732850266285,
            0.9762729428906917,
            0.9795188554879422,
            -0.011691597767786836,
            0.009174547134736647,
            0.06154195266198642,
            0.07269097768878786,
            0.009475047383492384,
            -0.0036499164952318555,
            0.010530740534334457,
            0.008778143838487443,
            0.5983029866477432,
            -0.0014440915560893918,
            0.001540470375060155,
            -0.004622323464569977,
            0.03968040119639388,
            -0.05158579265423115,
            0.050214048812456835,
            0.08698174159471496,
            0.4667452303717953,
            0.5381532279188526,
            0.0011341369366658861,
            0.011691596326304907,
            -0.009174547174779203,
            0.061541950740005985,
            -0.07269097752864327,
            -0.00947504686295869,
            -0.0036499180968858082,
            -0.010530739733506968,
            -0.008778143478117393,
            0.5983029815224727,
            0.0014440911957174507,
            -0.0015404704676564775,
            -0.004622322663742789,
            -0.039680401676897625,
            0.05158579457623379,
            0.05021404881245473,
            0.08698174671998442,
            0.4667452290903116,
            0.5381532317627797,
            0.0011341369379170416
        ],
        "var": [
            17384043.855422657,
            13745883.279475218,
            1119864.228891509,
            2738046.97537156,
            3854312.613661044,
            1078708.7639542443,
            17343563.042528704,
            15380398.255831333,
            8004366.214136657,
            11503664.266507648,
            15503674.346860055,
            13274851.186302526,
            13455742.12446293,
            4684266.855027872,
            5585492.255404336,
            9278808.875358952,
            9500565.295113869,
            850922.3901979779,
            997660.8107203427,
            966787.3644932987,
            2846413.122473887,
            2645818.2463361947,
            809810.9791070805,
            818791.4843500196,
            794905.6761842825,
            997656.0455454399,
            991781.0448549988,
            810126.231609022,
            824905.1412487834,
            841171.6368976352,
            837571.112183528,
            849693.464639603,
            2878656.9826387777,
            844642.7105882698,
            844642.715141614,
            2878656.9748267955,
            849693.4614107275,
            837571.0919857257,
            841171.6298397206,
            824905.1349806493,
            810126.2316090304,
            991781.038365624,
            997656.042826732,
            794905.6761842795,
            818791.2409318083,
            809810.979107069,
            2645818.238523559,
            2846413.0831752555,
            966787.3580900396,
            997659.95681492,
            850922.3082557665,
            16883266.81431586,
            13343961.195972515,
            647651.229989138,
            19606753.847927626,
            22217212.145684097,
            5285695.451970594,
            7361326.912957006,
            6920565.318424973,
            16111699.600619778,
            4291839.0200465005,
            5670113.130486955,
            600314.6670253425,
            6739429.358289303,
            6720392.262902155,
            3537133.396856828,
            2196035.179509745,
            11787069.631913438,
            11781544.662338285,
            53664.010882372284,
            16883266.312238146,
            13343961.38347083,
            647651.2209500091,
            19606753.59872268,
            22217211.771342013,
            5285695.509560465,
            7361326.852296751,
            6920565.506472145,
            16111700.266019301,
            4291838.894941315,
            5670113.192975242,
            600314.6821969966,
            6739429.169532041,
            6720392.256131392,
            3537133.4281065464,
            2196035.2122001788,
            11787069.676458932,
            11781544.60276635,
            53664.01088225152
        ],
        "shape": [
            89
        ],
        "count": 47375482
    },
    "wandb_run_id": "qwkk58u3",
    "wandb_project": "rlgym-ppo",
    "wandb_entity": "gashfraude-epsi",
    "wandb_group": "unnamed-runs",
    "wandb_config": {
        "n_proc": 48,
        "min_inference_size": 36,
        "timestep_limit": 1e+16,
        "exp_buffer_size": 150000,
        "ts_per_iteration": 50000,
        "standardize_returns": true,
        "standardize_obs": true,
        "policy_layer_sizes": [
            512,
            512,
            256
        ],
        "critic_layer_sizes": [
            512,
            512,
            256
        ],
        "ppo_epochs": 2,
        "ppo_batch_size": 50000,
        "ppo_minibatch_size": 50000,
        "ppo_ent_coef": 0.01,
        "ppo_clip_range": 0.2,
        "gae_lambda": 0.95,
        "gae_gamma": 0.99,
        "policy_lr": 0.0002,
        "critic_lr": 0.0002,
        "shm_buffer_size": 8192
    }
}