{
    "cumulative_timesteps": 615158854,
    "cumulative_model_updates": 73552,
    "policy_average_reward": 206.6266816301985,
    "epoch": 12269,
    "ts_since_last_save": 500296,
    "reward_running_stats": {
        "mean": [
            11.954614907773554
        ],
        "var": [
            4755648613.463471
        ],
        "shape": [
            1
        ],
        "count": 1844100
    },
    "obs_running_stats": {
        "mean": [
            -9.273203781530303e-13,
            5.222163480669533e-13,
            0.12162743862501892,
            7.960636979296047e-13,
            -1.0737840420368431e-12,
            -0.010717921910011894,
            -1.0865274344200176e-12,
            -6.72927878403099e-13,
            -0.0031214069408568136,
            0.630354570623911,
            0.35346522395519164,
            -0.13514772708029618,
            -0.10901363749047102,
            0.04145373220527979,
            0.14291526264143692,
            0.534536781844134,
            0.21694348939068017,
            0.9795951391395011,
            0.975203035485289,
            0.9768373685913416,
            0.9274000845140403,
            0.9383440335711491,
            0.9799728717845447,
            0.9800056507785031,
            0.9803520825938937,
            0.9758271802387319,
            0.977759805925363,
            0.9801991606684899,
            0.9801985971956387,
            0.9795862214704324,
            0.9794730785996839,
            0.9796206951357207,
            0.9288264879558749,
            0.9794831921635981,
            0.9794831894005953,
            0.9288264879558795,
            0.979620697898612,
            0.9794730813628046,
            0.9795862242334734,
            0.9801985999587245,
            0.9801991606685414,
            0.9777598086881218,
            0.9758271830016442,
            0.9803520825938591,
            0.9800056535415231,
            0.9799728717844742,
            0.9383440335710228,
            0.9274000817508876,
            0.976837371354313,
            0.9752030382484401,
            0.9795951419025296,
            -0.017242670120626007,
            0.010316773259044967,
            0.05582708701456797,
            0.09400950752470799,
            0.0025593901718922664,
            -0.0214219396418238,
            0.011883289721850765,
            0.02115169206510541,
            0.551411063851252,
            -0.0019601474510846308,
            0.0017589047814044816,
            -0.003598859723506427,
            0.053578863793809516,
            -0.0731478826324223,
            0.03445468385465255,
            0.13603255607789955,
            0.4117323203911509,
            0.48682821321180303,
            0.0009173573804132296,
            0.017242669343539532,
            -0.010316773280630902,
            0.05582708597843569,
            -0.09400950743841788,
            -0.0025593898912742437,
            -0.021421940505262863,
            -0.01188328929013134,
            -0.021151691870823917,
            0.551411061088581,
            0.001960147256811454,
            -0.0017589048313225318,
            -0.003598859291786658,
            -0.05357886405284219,
            0.07314788366852752,
            0.034454683854632635,
            0.13603255884086365,
            0.4117323197002131,
            0.48682821528375814,
            0.0009173573810876101
        ],
        "var": [
            31674748.156196833,
            26867313.224957112,
            1858560.7031260203,
            5099971.357207534,
            8793941.5947522,
            1852813.4014488666,
            35621532.798043735,
            27488900.442915402,
            15102996.717295844,
            21663011.532173455,
            33418021.3374867,
            31396208.087574378,
            32020482.095650937,
            10058757.598270945,
            10758279.32926452,
            21861330.638983116,
            14939276.345402656,
            1657078.8044584098,
            2025369.5213470825,
            1889387.0283960155,
            5776290.131184198,
            4941732.199308875,
            1621805.6130771812,
            1619695.658609212,
            1583760.7313245104,
            1971405.2745565283,
            1811108.3899795734,
            1598781.023338379,
            1598217.3800537044,
            1645445.7319792865,
            1652155.956436312,
            1642478.587145268,
            5664898.491863523,
            1650814.9882000308,
            1650814.9928368232,
            5664898.484050562,
            1642478.5837473804,
            1652155.9362409825,
            1645445.7248608267,
            1598217.3736480349,
            1598781.023338302,
            1811108.3828303001,
            1971405.2720349412,
            1583760.7313244597,
            1619695.4152682973,
            1621805.6130770904,
            4941732.191495766,
            5776290.0894665,
            1889387.0220592308,
            2025368.667961095,
            1657078.7224784466,
            30711619.9455677,
            25643697.925331242,
            967811.1377970038,
            35720276.01143583,
            40854284.03269683,
            10477177.266834142,
            14548189.647810202,
            14155108.848549986,
            32390480.541944347,
            7541375.25753076,
            11491132.445252229,
            932912.5044719257,
            14542932.829163099,
            14253546.495652629,
            7999991.97160418,
            6045723.77902792,
            21280879.731892925,
            21961367.863421462,
            80537.99352162595,
            30711619.444257203,
            25643698.11282863,
            967811.1277170012,
            35720275.762533866,
            40854283.65801414,
            10477177.321724491,
            14548189.58725306,
            14155109.037021834,
            32390481.184565917,
            7541375.13244531,
            11491132.507734682,
            932912.5195656677,
            14542932.63977109,
            14253546.48495523,
            7999992.002854414,
            6045723.787898487,
            21280879.76973976,
            21961367.82254331,
            80537.99352153194
        ],
        "shape": [
            89
        ],
        "count": 87879910
    },
    "wandb_run_id": "qwkk58u3",
    "wandb_project": "rlgym-ppo",
    "wandb_entity": "gashfraude-epsi",
    "wandb_group": "unnamed-runs",
    "wandb_config": {
        "n_proc": 48,
        "min_inference_size": 36,
        "timestep_limit": 1e+16,
        "exp_buffer_size": 150000,
        "ts_per_iteration": 50000,
        "standardize_returns": true,
        "standardize_obs": true,
        "policy_layer_sizes": [
            512,
            512,
            256
        ],
        "critic_layer_sizes": [
            512,
            512,
            256
        ],
        "ppo_epochs": 2,
        "ppo_batch_size": 50000,
        "ppo_minibatch_size": 50000,
        "ppo_ent_coef": 0.01,
        "ppo_clip_range": 0.2,
        "gae_lambda": 0.95,
        "gae_gamma": 0.99,
        "policy_lr": 0.0002,
        "critic_lr": 0.0002,
        "shm_buffer_size": 8192
    }
}