{
    "cumulative_timesteps": 109077020,
    "cumulative_model_updates": 13034,
    "policy_average_reward": 1286.5429962448638,
    "epoch": 2175,
    "ts_since_last_save": 500462,
    "reward_running_stats": {
        "mean": [
            18.30763964248473
        ],
        "var": [
            234382181.37713176
        ],
        "shape": [
            1
        ],
        "count": 327000
    },
    "obs_running_stats": {
        "mean": [
            -5.2297588120596154e-12,
            2.9451153868538944e-12,
            0.13293434909108384,
            4.489517564236596e-12,
            -6.055762037870706e-12,
            -0.02004076811668053,
            -6.127630309844329e-12,
            -3.795075136493082e-12,
            0.010573056533009826,
            0.43182021414895155,
            0.20229969081439253,
            -0.1691920712394936,
            0.08725258669865044,
            0.02724277523050483,
            0.18699863979321457,
            0.5793829959071035,
            0.5205072916141155,
            0.9784541721816188,
            0.9761887061795542,
            0.9762716867298028,
            0.9436349880386123,
            0.9423102511432572,
            0.9763340475224639,
            0.9762631742097778,
            0.9753865764906589,
            0.9764571983232037,
            0.9756004673905968,
            0.9749514245275326,
            0.9744754092867116,
            0.9735508141792578,
            0.9722852946891047,
            0.9731742090705238,
            0.939977313503198,
            0.9721444817368919,
            0.9721444661545192,
            0.9399773135031783,
            0.9731742246529854,
            0.9722853102715563,
            0.9735508297617115,
            0.9744754248690043,
            0.9749514245275382,
            0.9756004829730224,
            0.9764572139055911,
            0.9753865764906463,
            0.9762631897920825,
            0.9763340475224908,
            0.9423102511432155,
            0.9436349724563515,
            0.9762717023124884,
            0.9761887217617802,
            0.978454187764224,
            -0.015225877235141395,
            0.005718301461764797,
            0.0760619003532269,
            0.062029020254125426,
            0.01320643848433383,
            -0.005669077232125093,
            0.004572651657336617,
            0.0038273608737332404,
            0.5894404786197242,
            -0.0017198214970163322,
            0.0015171963042881537,
            -0.007696329818601282,
            0.025396827538742506,
            -0.024909127165188397,
            0.04523204183232235,
            0.1277810395948757,
            0.41308071055905365,
            0.48567372871445064,
            0.0007413616376445451,
            0.015225872852587828,
            -0.005718301583502864,
            0.07606189450982875,
            -0.062029019767177646,
            -0.013206436901747142,
            -0.005669082101626567,
            -0.004572649222584252,
            -0.003827359778095426,
            0.5894404630372427,
            0.0017198204013782875,
            -0.0015171965858066937,
            -0.007696327383850434,
            -0.025396828999592225,
            0.024909133008589886,
            0.0452320418323238,
            0.12778105517732155,
            0.41308070666339414,
            0.48567374040131944,
            0.0007413616414488151
        ],
        "var": [
            5542197.097987339,
            4060598.110163243,
            429061.6496133528,
            766144.7896565386,
            851997.8234815749,
            408046.20531914616,
            5283489.401415774,
            5089946.969948453,
            2414916.243437989,
            4137260.2914665192,
            3389586.872538998,
            2798399.6675740713,
            3424949.3587796655,
            1626385.7648488372,
            2362839.1956482027,
            3793610.09912987,
            3899401.363192818,
            228995.5781180725,
            262456.00810413004,
            261978.78688139023,
            688212.0677194593,
            704574.7010011227,
            257118.5858040761,
            258825.99395083034,
            265127.7365502475,
            256669.89852927046,
            271039.24388913275,
            273683.42479052366,
            280114.61515954474,
            289350.3547135767,
            305176.54081140924,
            294844.98356438905,
            734512.5028059856,
            306760.1604198638,
            306760.16149273736,
            734512.4949935151,
            294844.98329643975,
            305176.5241066604,
            289350.35052571684,
            280114.6115335539,
            273683.4247905208,
            271039.23778814916,
            256669.89570181852,
            265127.7365502374,
            258825.7524274115,
            257118.58580407588,
            704574.6931885547,
            688212.0338870211,
            261978.78081872797,
            262455.15423943015,
            228995.4966926965,
            5317984.822562359,
            3984301.4557585325,
            288105.2580633708,
            6671907.320550827,
            7182606.62008766,
            1654228.881450608,
            2551100.97994895,
            2374192.8507481012,
            5228529.263757947,
            1458983.5713407039,
            1710293.6411145034,
            246912.56091536375,
            2135899.3080824274,
            2132032.5343482946,
            946839.5554965455,
            968920.4227538826,
            3773495.8406393095,
            3899069.4846550496,
            11538.383961900678,
            5317984.320969403,
            3984301.643264137,
            288105.25166888704,
            6671907.071185456,
            7182606.245933935,
            1654228.9387327235,
            2551100.91883734,
            2374193.0386260194,
            5228529.9248519465,
            1458983.4462430389,
            1710293.7036035426,
            246912.57632020846,
            2135899.1199743343,
            2132032.532433959,
            946839.5867464221,
            968920.435631277,
            3773495.8786698133,
            3899069.4442011523,
            11538.383961828365
        ],
        "shape": [
            89
        ],
        "count": 15582522
    },
    "wandb_run_id": "qwkk58u3",
    "wandb_project": "rlgym-ppo",
    "wandb_entity": "gashfraude-epsi",
    "wandb_group": "unnamed-runs",
    "wandb_config": {
        "n_proc": 48,
        "min_inference_size": 36,
        "timestep_limit": 1e+16,
        "exp_buffer_size": 150000,
        "ts_per_iteration": 50000,
        "standardize_returns": true,
        "standardize_obs": true,
        "policy_layer_sizes": [
            512,
            512,
            256
        ],
        "critic_layer_sizes": [
            512,
            512,
            256
        ],
        "ppo_epochs": 2,
        "ppo_batch_size": 50000,
        "ppo_minibatch_size": 50000,
        "ppo_ent_coef": 0.01,
        "ppo_clip_range": 0.2,
        "gae_lambda": 0.95,
        "gae_gamma": 0.99,
        "policy_lr": 0.0002,
        "critic_lr": 0.0002,
        "shm_buffer_size": 8192
    }
}