{"_timestamp":1.7630505730596898e+09,"Cumulative Timesteps":180434488,"Timestep Collection Time":6.657900147140026,"Cumulative Model Updates":21494,"Policy Update Magnitude":0.07259973138570786,"Mean KL Divergence":0.011002945403258003,"SB3 Clip Fraction":0.1465833274026712,"x_vel":0.1402293979327934,"Timestep Consumption Time":1.4087723940610886,"Overall Steps per Second":6198.590527210713,"Value Function Update Magnitude":0.06695996224880219,"PPO Batch Consumption Time":0.05670018990834554,"Value Function Loss":0.2982498009999593,"_wandb":{"runtime":79338},"total_goals":0,"Timesteps Collected":50002,"y_vel":14.14491216566216,"Collected Steps per Second":7510.175715308513,"Policy Entropy":-0.5321069459120432,"episode_goals":0,"episode_touches":0,"Policy Reward":1827.225563001459,"total_touches":0,"_step":7410,"_runtime":79338,"Total Iteration Time":8.066672541201115,"z_vel":-4.52126717294764}