{"Timestep Consumption Time":1.442643154412508,"total_goals":0,"_timestamp":1.7630514696160715e+09,"Cumulative Timesteps":183837074,"SB3 Clip Fraction":0.19439332808057466,"Value Function Update Magnitude":0.05709710717201233,"Collected Steps per Second":11102.00249141273,"Value Function Loss":0.07781107102831204,"episode_touches":0,"Policy Reward":494.22871155004407,"Total Iteration Time":5.950478568673134,"Policy Entropy":0.27840469777584076,"Cumulative Model Updates":21892,"Overall Steps per Second":8410.415972838215,"x_vel":-24.759782353602475,"_runtime":79788,"PPO Batch Consumption Time":0.055019219716389976,"_step":7558,"Policy Update Magnitude":0.03413574770092964,"Timestep Collection Time":4.507835414260626,"Mean KL Divergence":0.014984041297187408,"episode_goals":0,"z_vel":-10.02634833337444,"Timesteps Collected":50046,"y_vel":-10.91641585154012,"total_touches":0,"_wandb":{"runtime":79788}}