{
    "cumulative_timesteps": 28015072,
    "cumulative_model_updates": 3350,
    "policy_average_reward": 236.21980299447205,
    "epoch": 559,
    "ts_since_last_save": 500268,
    "reward_running_stats": {
        "mean": [
            10.924928665161133
        ],
        "var": [
            16050212.0
        ],
        "shape": [
            1
        ],
        "count": 84000
    },
    "obs_running_stats": {
        "mean": [
            -2.0740806641605936e-11,
            9.389123159508905e-12,
            0.15610875189304352,
            1.7219326658990397e-11,
            -2.3296373510839352e-11,
            -0.031859882175922394,
            -1.9918650062678012e-11,
            -1.51528824210434e-11,
            0.0007965530385263264,
            0.06579650938510895,
            0.04169606417417526,
            0.14107148349285126,
            0.1105981320142746,
            -0.04342509061098099,
            0.4241175651550293,
            0.2812553644180298,
            0.6354821920394897,
            0.9638189077377319,
            0.9636684656143188,
            0.9640108942985535,
            0.9334080815315247,
            0.9334640502929688,
            0.9614492058753967,
            0.9618228673934937,
            0.9586689472198486,
            0.9628205895423889,
            0.9632446765899658,
            0.9596204161643982,
            0.9592449069023132,
            0.9572077393531799,
            0.9543617963790894,
            0.956840455532074,
            0.9294596910476685,
            0.9542386531829834,
            0.9542385935783386,
            0.9294596910476685,
            0.9568405151367188,
            0.9543618559837341,
            0.9572077989578247,
            0.959244966506958,
            0.9596204161643982,
            0.9632447361946106,
            0.9628206491470337,
            0.9586689472198486,
            0.9618229269981384,
            0.9614492058753967,
            0.9334640502929688,
            0.9334080219268799,
            0.9640109539031982,
            0.9636685252189636,
            0.9638189673423767,
            -0.027235733345150948,
            0.007289688568562269,
            0.11157290637493134,
            0.019941091537475586,
            -0.0038530428428202868,
            0.028464272618293762,
            -0.01407929789274931,
            -0.007425968069583178,
            0.5163381099700928,
            -0.004618722479790449,
            0.0002814799081534147,
            -0.010614548809826374,
            0.011953565292060375,
            -0.014451074413955212,
            0.007271964568644762,
            0.21777226030826569,
            0.09888097643852234,
            0.20164193212985992,
            0.00012955022975802422,
            0.027235716581344604,
            -0.007289688102900982,
            0.11157288402318954,
            -0.019941089674830437,
            0.003853048197925091,
            0.02846425399184227,
            0.014079307205975056,
            0.007425971794873476,
            0.516338050365448,
            0.004618719220161438,
            -0.0002814811887219548,
            -0.010614539496600628,
            -0.011953571811318398,
            0.014451099559664726,
            0.007271964568644762,
            0.21777231991291046,
            0.09888096153736115,
            0.2016419768333435,
            0.00012955024430993944
        ],
        "var": [
            1293687.875,
            940984.3125,
            145045.09375,
            169924.921875,
            175738.40625,
            137455.3125,
            1189753.25,
            1186251.5,
            525076.5625,
            457616.53125,
            466455.375,
            400420.75,
            553963.125,
            352671.25,
            971261.0,
            807432.4375,
            937682.875,
            42525.390625,
            42846.1328125,
            42312.07421875,
            112019.328125,
            109888.4375,
            48025.66015625,
            47278.078125,
            52406.8125,
            44252.27734375,
            44314.0546875,
            50955.3203125,
            51755.4140625,
            54932.953125,
            62395.046875,
            56242.51171875,
            121823.078125,
            62361.421875,
            62361.4140625,
            121823.0703125,
            56242.51953125,
            62395.0390625,
            54932.95703125,
            51755.41796875,
            50955.3203125,
            44314.0546875,
            44252.28125,
            52406.8125,
            47277.84375,
            48025.66015625,
            109888.4296875,
            112019.296875,
            42312.07421875,
            42845.28515625,
            42525.31640625,
            1267983.5,
            967742.3125,
            90496.828125,
            1667059.375,
            1724945.875,
            595101.1875,
            808419.3125,
            781795.4375,
            1329528.25,
            323733.4375,
            365833.34375,
            92691.265625,
            587786.4375,
            596176.25,
            219663.796875,
            339468.28125,
            353256.0,
            650519.5,
            513.8821411132812,
            1267983.0,
            967742.5,
            90496.828125,
            1667059.125,
            1724945.5,
            595101.25,
            808419.25,
            781795.625,
            1329528.875,
            323733.3125,
            365833.40625,
            92691.28125,
            587786.25,
            596176.1875,
            219663.828125,
            339468.25,
            353256.0,
            650519.5625,
            513.8821411132812
        ],
        "shape": [
            89
        ],
        "count": 4002248
    },
    "wandb_run_id": "qwkk58u3",
    "wandb_project": "rlgym-ppo",
    "wandb_entity": "gashfraude-epsi",
    "wandb_group": "unnamed-runs",
    "wandb_config": {
        "n_proc": 48,
        "min_inference_size": 36,
        "timestep_limit": 1e+16,
        "exp_buffer_size": 150000,
        "ts_per_iteration": 50000,
        "standardize_returns": true,
        "standardize_obs": true,
        "policy_layer_sizes": [
            512,
            512,
            256
        ],
        "critic_layer_sizes": [
            512,
            512,
            256
        ],
        "ppo_epochs": 2,
        "ppo_batch_size": 50000,
        "ppo_minibatch_size": 50000,
        "ppo_ent_coef": 0.01,
        "ppo_clip_range": 0.2,
        "gae_lambda": 0.95,
        "gae_gamma": 0.99,
        "policy_lr": 0.0002,
        "critic_lr": 0.0002,
        "shm_buffer_size": 8192
    }
}