{
    "cumulative_timesteps": 277743444,
    "cumulative_model_updates": 33126,
    "policy_average_reward": 722.4474614343485,
    "epoch": 5529,
    "ts_since_last_save": 500704,
    "reward_running_stats": {
        "mean": [
            18.888836785510748
        ],
        "var": [
            980061752.2688642
        ],
        "shape": [
            1
        ],
        "count": 832500
    },
    "obs_running_stats": {
        "mean": [
            -2.0538692180364725e-12,
            1.15662731512156e-12,
            0.12986763344701358,
            1.7631562576920303e-12,
            -2.3782632734848142e-12,
            -0.013066793847540411,
            -2.4064878883663765e-12,
            -1.4904297357966663e-12,
            0.0035281035962920677,
            0.583473936510705,
            0.2786805849461774,
            -0.21100457025791783,
            0.024705889341731332,
            0.04116866847203699,
            0.13302307901594823,
            0.7316983217214421,
            0.30011759051875236,
            0.9790662995894318,
            0.9761595121763824,
            0.9767372432273655,
            0.9324599906639691,
            0.9365473296257301,
            0.9800059987044062,
            0.9798183017688367,
            0.9802189649107449,
            0.9758219872892504,
            0.975759760197999,
            0.9798882814016294,
            0.9794927818336113,
            0.9789995446326595,
            0.9791821664205838,
            0.9788456935891602,
            0.9310469607512547,
            0.9789479235558101,
            0.9789479174362746,
            0.9310469607513612,
            0.9788456997088244,
            0.9791821725402738,
            0.9789995507522549,
            0.9794927879532133,
            0.9798882814016452,
            0.9757597663176115,
            0.97582199340884,
            0.9802189649107504,
            0.9798183078884878,
            0.9800059987043621,
            0.936547329625718,
            0.9324599845441605,
            0.976737249346987,
            0.9761595182959708,
            0.9790663057091539,
            -0.012070656542900658,
            0.008729399974192387,
            0.06337578096642196,
            0.06774066156165695,
            0.012071719391196093,
            0.002217477978154894,
            0.010653662516917916,
            0.006441291978444992,
            0.615650153294022,
            -0.0014486896106874986,
            0.0016558201611434793,
            -0.004966543882338652,
            0.034898030400547224,
            -0.048109684967415925,
            0.05493830407311466,
            0.08866803711309262,
            0.49323835154771944,
            0.5592103839686241,
            0.0012317062039400616,
            0.012070654821754416,
            -0.008729400022003033,
            0.06337577867156889,
            -0.06774066137042917,
            -0.012071718769674363,
            0.002217476065767787,
            -0.010653661560726274,
            -0.006441291548160616,
            0.6156501471743212,
            0.0014486891804002006,
            -0.001655820271704096,
            -0.004966542926146315,
            -0.03489803097426679,
            0.04810968726229354,
            0.05493830407311249,
            0.08866804323273934,
            0.49323835001763305,
            0.559210388558378,
            0.001231706205434041
        ],
        "var": [
            14646993.919486417,
            11340863.00871951,
            976621.0723828891,
            2345428.707873656,
            3100831.671635913,
            939928.6441159201,
            14219530.228848064,
            12972417.858930588,
            6744475.920692515,
            9459389.48299511,
            12150638.897926154,
            10275454.760416506,
            10549813.804833015,
            3775127.5186509327,
            4569774.829495802,
            7785540.608961594,
            8344509.337833552,
            713704.7789689356,
            823635.3748729946,
            802546.4325939451,
            2358246.018735867,
            2215387.9576428835,
            674525.4371239429,
            682328.9922856151,
            660369.4835342808,
            834584.0718605252,
            838592.9027041023,
            675078.4946730597,
            689522.3990158595,
            703857.6250774526,
            694088.9382485838,
            709643.5639121365,
            2402597.4719646107,
            702505.3430105963,
            702505.3473873101,
            2402597.464152485,
            709643.5608901951,
            694088.9181944433,
            703857.6182436065,
            689522.3929533246,
            675078.4946730795,
            838592.8965256311,
            834584.0693415038,
            660369.4835343057,
            682328.7490356774,
            674525.4371239337,
            2215387.9498303006,
            2358245.9794772463,
            802546.4263051804,
            823634.521022638,
            713704.6972464795,
            14229494.697063334,
            11050617.207637006,
            580528.9499356872,
            16594371.919423597,
            18636366.18347011,
            4248318.491764988,
            6026853.263298051,
            5566998.395514551,
            13024709.35812308,
            3722320.8499428364,
            4722683.582811601,
            531572.2528475381,
            5264315.612675736,
            5295084.451081847,
            2733069.684662899,
            1860115.9493158322,
            9913204.65525692,
            9786960.290303268,
            48805.753318373376,
            14229494.195035042,
            11050617.395136133,
            580528.9412307543,
            16594371.670143435,
            18636365.809253078,
            4248318.550244327,
            6026853.202647694,
            5566998.583481672,
            13024710.031946206,
            3722320.724837862,
            4722683.645298778,
            531572.2680451743,
            5264315.424135891,
            5295084.444942929,
            2733069.715912405,
            1860115.9811873501,
            9913204.703019606,
            9786960.22306364,
            48805.75331824166
        ],
        "shape": [
            89
        ],
        "count": 39677712
    },
    "wandb_run_id": "qwkk58u3",
    "wandb_project": "rlgym-ppo",
    "wandb_entity": "gashfraude-epsi",
    "wandb_group": "unnamed-runs",
    "wandb_config": {
        "n_proc": 48,
        "min_inference_size": 36,
        "timestep_limit": 1e+16,
        "exp_buffer_size": 150000,
        "ts_per_iteration": 50000,
        "standardize_returns": true,
        "standardize_obs": true,
        "policy_layer_sizes": [
            512,
            512,
            256
        ],
        "critic_layer_sizes": [
            512,
            512,
            256
        ],
        "ppo_epochs": 2,
        "ppo_batch_size": 50000,
        "ppo_minibatch_size": 50000,
        "ppo_ent_coef": 0.01,
        "ppo_clip_range": 0.2,
        "gae_lambda": 0.95,
        "gae_gamma": 0.99,
        "policy_lr": 0.0002,
        "critic_lr": 0.0002,
        "shm_buffer_size": 8192
    }
}