{
    "cumulative_timesteps": 799981008,
    "cumulative_model_updates": 95690,
    "policy_average_reward": 180.43700249629055,
    "epoch": 15960,
    "ts_since_last_save": 500350,
    "reward_running_stats": {
        "mean": [
            9.828109311833252
        ],
        "var": [
            6842739541.028074
        ],
        "shape": [
            1
        ],
        "count": 2398200
    },
    "obs_running_stats": {
        "mean": [
            -7.130787767563768e-13,
            4.0156714196306293e-13,
            0.12039175785588521,
            6.121467174734538e-13,
            -8.25704497245292e-13,
            -0.010326866230485178,
            -8.355037450585502e-13,
            -5.174593362778981e-13,
            0.009552815007228332,
            0.6352093706258606,
            0.33608337129742205,
            -0.030581131191248265,
            -0.19163777523944037,
            0.038147125034915,
            0.1163264114146639,
            0.4376898457502058,
            0.18789465773660033,
            0.9792523920124604,
            0.9746063786191336,
            0.9760133065767137,
            0.9289095398039352,
            0.9360618963009201,
            0.9795169378533637,
            0.9796517401036765,
            0.9800794797222959,
            0.9764982055079005,
            0.9778851910991746,
            0.9800044925431319,
            0.9801232107579044,
            0.97959325891439,
            0.9792985434740797,
            0.979644146089799,
            0.9293717360513445,
            0.9793374799421877,
            0.9793374778174052,
            0.9293717360513166,
            0.979644148214417,
            0.9792985455990836,
            0.9795932610391275,
            0.980123212882607,
            0.980004492543175,
            0.9778851932235592,
            0.9764982076323869,
            0.9800794797222627,
            0.9796517422284122,
            0.9795169378532675,
            0.9360618963007816,
            0.9289095376793998,
            0.9760133087012647,
            0.9746063807439106,
            0.9792523941369714,
            -0.01808532161861737,
            0.014837183251416279,
            0.05387397647600074,
            0.07465383533644965,
            0.000995723906856054,
            -0.011546923921555225,
            0.01265466440580711,
            0.013950391859561623,
            0.6039429833294782,
            -0.0015845261976402745,
            0.0021820299089074695,
            -0.0038439830946933964,
            0.04367389873274934,
            -0.06217053073867238,
            0.036803159188162037,
            0.18028373222087535,
            0.507366535218828,
            0.5767544358279135,
            0.0007191378743022456,
            0.01808532102106325,
            -0.014837183268018245,
            0.05387397567925324,
            -0.07465383527010276,
            -0.0009957236910701128,
            -0.011546924585511951,
            -0.012654664073829034,
            -0.013950391710151853,
            0.6039429812052586,
            0.0015845260482511708,
            -0.002182029947292532,
            -0.0038439827627157258,
            -0.04367389893195898,
            0.062170531535370915,
            0.03680315918814766,
            0.1802837343454976,
            0.5073665346876077,
            0.5767544374211295,
            0.0007191378748208768
        ],
        "var": [
            40492051.109683074,
            35466427.59274407,
            2328390.2369918437,
            6618211.830914632,
            11850042.299466053,
            2362348.914587143,
            47081926.38425496,
            35043721.53577988,
            19692038.53355455,
            27337272.055510607,
            46514669.86418885,
            44506972.11177972,
            46002280.26793681,
            13363601.724050231,
            11741505.948985763,
            28123232.51361664,
            17448806.908652987,
            2222396.6782269566,
            2728618.1122905533,
            2576524.1844969937,
            7406275.0703650825,
            6697327.544417503,
            2189989.873906802,
            2175868.664597869,
            2122256.327177648,
            2521185.2573416373,
            2371566.2751175337,
            2132595.6907853945,
            2118957.9751923587,
            2172659.7753346427,
            2202130.5079705236,
            2167020.102724861,
            7356877.868660851,
            2197376.1214841483,
            2197376.12604915,
            7356877.860847574,
            2167020.0993152484,
            2202130.487860095,
            2172659.768213543,
            2118957.9688238944,
            2132595.69078552,
            2371566.267907523,
            2521185.2544938712,
            2122256.327177554,
            2175868.4214292155,
            2189989.8739067125,
            6697327.536605259,
            7406275.029378426,
            2576524.1785601536,
            2728617.2591939224,
            2222396.5964132193,
            39435520.84275586,
            33551224.332696844,
            1283464.6040809106,
            46013839.90874327,
            54919960.25913294,
            12686392.241195692,
            17187068.762507632,
            16897205.311983168,
            38459680.22927162,
            9742602.63676867,
            15026235.296199571,
            1191621.6382096785,
            16139945.033588953,
            15926727.868261984,
            9788231.292979185,
            9848585.831383882,
            28560156.548964713,
            27904135.289339416,
            82120.84583165844,
            39435520.34156932,
            33551224.52017567,
            1283464.5936444884,
            46013839.65956921,
            54919959.884373575,
            12686392.297583194,
            17187068.702006932,
            16897205.500206728,
            38459680.89738983,
            9742602.511669407,
            15026235.358680874,
            1191621.6533224054,
            16139944.844647564,
            15926727.859564506,
            9788231.324232018,
            9848585.818770953,
            28560156.59843093,
            27904135.215712108,
            82120.84583158845
        ],
        "shape": [
            89
        ],
        "count": 114283070
    },
    "wandb_run_id": "qwkk58u3",
    "wandb_project": "rlgym-ppo",
    "wandb_entity": "gashfraude-epsi",
    "wandb_group": "unnamed-runs",
    "wandb_config": {
        "n_proc": 48,
        "min_inference_size": 36,
        "timestep_limit": 1e+16,
        "exp_buffer_size": 150000,
        "ts_per_iteration": 50000,
        "standardize_returns": true,
        "standardize_obs": true,
        "policy_layer_sizes": [
            512,
            512,
            256
        ],
        "critic_layer_sizes": [
            512,
            512,
            256
        ],
        "ppo_epochs": 2,
        "ppo_batch_size": 50000,
        "ppo_minibatch_size": 50000,
        "ppo_ent_coef": 0.01,
        "ppo_clip_range": 0.2,
        "gae_lambda": 0.95,
        "gae_gamma": 0.99,
        "policy_lr": 0.0002,
        "critic_lr": 0.0002,
        "shm_buffer_size": 8192
    }
}