{
    "cumulative_timesteps": 223182680,
    "cumulative_model_updates": 26602,
    "policy_average_reward": 1278.0481180418697,
    "epoch": 4441,
    "ts_since_last_save": 500668,
    "reward_running_stats": {
        "mean": [
            20.54787936838806
        ],
        "var": [
            840711223.3532319
        ],
        "shape": [
            1
        ],
        "count": 669000
    },
    "obs_running_stats": {
        "mean": [
            -2.555970847892881e-12,
            1.439383612743664e-12,
            0.13101671769494133,
            2.194188391440408e-12,
            -2.959668287497218e-12,
            -0.014524470603262637,
            -2.994792870973759e-12,
            -1.854789453859776e-12,
            0.007879760587384235,
            0.5555745105262314,
            0.2640455410645532,
            -0.20897300819621767,
            0.045246883959869526,
            0.04957327497043576,
            0.13236967427757346,
            0.7165769974175029,
            0.3345420424165694,
            0.9792751389304152,
            0.9765248080577142,
            0.9768980140789253,
            0.9364992677701849,
            0.9380610957513658,
            0.979345931777464,
            0.9791453132296646,
            0.9793325709284009,
            0.9764544196726744,
            0.9757481873851446,
            0.9788666920308581,
            0.9783676373856229,
            0.9778534022106858,
            0.9778548454327234,
            0.9776717881956273,
            0.9343584995502708,
            0.9775811844251704,
            0.9775811768096384,
            0.9343584995503059,
            0.9776717958113055,
            0.9778548530483722,
            0.9778534098262862,
            0.9783676450011927,
            0.9788666920308656,
            0.9757481950007614,
            0.9764544272883058,
            0.9793325709283894,
            0.97914532084542,
            0.9793459317774359,
            0.9380610957513332,
            0.9364992601544884,
            0.9768980216946568,
            0.9765248156733802,
            0.9792751465462609,
            -0.013957271877045685,
            0.006266338048402946,
            0.06629967421752565,
            0.05879366754678851,
            0.00784927643336892,
            0.000978459095588645,
            0.010571180972949411,
            0.004738419404643135,
            0.625490797396135,
            -0.001521963055043008,
            0.0016281099566041381,
            -0.005683741941567862,
            0.024805185795541917,
            -0.03607260755666448,
            0.05704811289199495,
            0.09391532920241491,
            0.5065912606731358,
            0.5730554631270259,
            0.0012978035732840879,
            0.013957269735134276,
            -0.00626633810789973,
            0.06629967136166479,
            -0.058793667308798044,
            -0.007849275659903832,
            0.0009784567156879993,
            -0.010571179783002005,
            -0.004738418869166085,
            0.6254907897802566,
            0.0015219625195652797,
            -0.0016281100941930085,
            -0.005683740751616624,
            -0.024805186509510878,
            0.0360726104125474,
            0.05704811289198529,
            0.09391533681812528,
            0.5065912587691416,
            0.5730554688388045,
            0.0012978035751434682
        ],
        "var": [
            11733985.541953415,
            8826529.870661411,
            810674.7107726783,
            1844034.4177676253,
            2251472.820634826,
            775965.0304933154,
            11229209.528749347,
            10493817.116167549,
            5322699.210226822,
            7588390.999620334,
            8953166.706381746,
            7418036.180450791,
            8076027.900193393,
            3048434.4162035324,
            3655559.569586825,
            6471498.828122853,
            7108305.15970311,
            547573.8200109717,
            631147.5440790806,
            620557.0759392359,
            1755458.4932496347,
            1709982.9540363909,
            541989.8811012309,
            548776.134187163,
            536356.2255144317,
            631485.7904275357,
            654585.9120574426,
            552700.7617747156,
            567320.6127767686,
            578575.3867642822,
            575705.7220706409,
            584047.1280560925,
            1810836.9611341166,
            583553.4445417903,
            583553.4482547024,
            1810836.9533218981,
            584047.1256041534,
            575705.7026610991,
            578575.3804869738,
            567320.6072605805,
            552700.7617747324,
            654585.9058846162,
            631485.787601416,
            536356.2255144231,
            548775.891264017,
            541989.8811012038,
            1709982.9462236243,
            1755458.455951811,
            620557.0695724182,
            631146.690051241,
            547573.7381869873,
            11335489.855495311,
            8585810.74834269,
            511555.8044898959,
            13486092.202100076,
            14947577.176948447,
            3326837.5432240576,
            4829329.823427416,
            4392212.389812177,
            10169355.757763946,
            3050175.991397939,
            3697889.1590578523,
            458610.40001235274,
            4021926.0097438963,
            4071459.3411256126,
            2070080.6734334438,
            1560761.5250517395,
            7965035.054142937,
            7807302.194815965,
            41319.24749723758,
            11335489.35372304,
            8585810.935850352,
            511555.7963174654,
            13486091.952683648,
            14947576.802526157,
            3326837.601515979,
            4829329.762770812,
            4392212.5777210565,
            10169356.436360613,
            3050175.8662950126,
            3697889.221545885,
            458610.4152644662,
            4021925.82166189,
            4071459.33717828,
            2070080.704682856,
            1560761.554375,
            7965035.103525012,
            7807302.122534035,
            41319.24749709891
        ],
        "shape": [
            89
        ],
        "count": 31883318
    },
    "wandb_run_id": "qwkk58u3",
    "wandb_project": "rlgym-ppo",
    "wandb_entity": "gashfraude-epsi",
    "wandb_group": "unnamed-runs",
    "wandb_config": {
        "n_proc": 48,
        "min_inference_size": 36,
        "timestep_limit": 1e+16,
        "exp_buffer_size": 150000,
        "ts_per_iteration": 50000,
        "standardize_returns": true,
        "standardize_obs": true,
        "policy_layer_sizes": [
            512,
            512,
            256
        ],
        "critic_layer_sizes": [
            512,
            512,
            256
        ],
        "ppo_epochs": 2,
        "ppo_batch_size": 50000,
        "ppo_minibatch_size": 50000,
        "ppo_ent_coef": 0.01,
        "ppo_clip_range": 0.2,
        "gae_lambda": 0.95,
        "gae_gamma": 0.99,
        "policy_lr": 0.0002,
        "critic_lr": 0.0002,
        "shm_buffer_size": 8192
    }
}