{
    "cumulative_timesteps": 119585230,
    "cumulative_model_updates": 14278,
    "policy_average_reward": 72.41153405507387,
    "epoch": 2383,
    "ts_since_last_save": 500534,
    "reward_running_stats": {
        "mean": [
            17.810308479573365
        ],
        "var": [
            273592472.6414845
        ],
        "shape": [
            1
        ],
        "count": 358500
    },
    "obs_running_stats": {
        "mean": [
            -4.770211392105349e-12,
            2.6863233044648104e-12,
            0.13180687855373033,
            4.09501634885348e-12,
            -5.5236323685473496e-12,
            -0.019797432179170526,
            -5.589185457828925e-12,
            -3.4615957061997385e-12,
            0.010429559750237207,
            0.4472243064431123,
            0.22348941330222097,
            -0.17988252125744683,
            0.07792396658190695,
            0.03720491823829866,
            0.18027034542692885,
            0.6003993796744655,
            0.5052870487341262,
            0.9791120505911934,
            0.9768239228702352,
            0.976863027190984,
            0.9446562881003966,
            0.9434119587524115,
            0.9769949505574098,
            0.9769211734835598,
            0.9760743072704607,
            0.9771051726242356,
            0.9761684882862398,
            0.9755860191379538,
            0.9751333934961087,
            0.9742465523010465,
            0.9729809603689431,
            0.9738875282286,
            0.9408818822887064,
            0.9728777496156958,
            0.9728777354026187,
            0.9408818822886785,
            0.9738875424417854,
            0.972980974582195,
            0.9742465665142659,
            0.9751334077091699,
            0.9755860191379605,
            0.9761685024993644,
            0.9771051868374033,
            0.9760743072704445,
            0.9769211876965834,
            0.9769949505574317,
            0.943411958752379,
            0.9446562738872576,
            0.9768630414043689,
            0.9768239370831945,
            0.9791120648045182,
            -0.014503090070523174,
            0.0045637472759697826,
            0.07472439235556405,
            0.061842101692828895,
            0.01100676701369067,
            -0.008610984932807876,
            0.0055687931067460875,
            0.004880147310443976,
            0.5895019912911267,
            -0.0016745775062177095,
            0.0013197517116850402,
            -0.007680038787562441,
            0.024700480180574157,
            -0.025149066153129965,
            0.04636736340001545,
            0.12206976158827992,
            0.41851061369173437,
            0.4920977607369556,
            0.0007129186479546226,
            0.014503086073071995,
            -0.004563747387010755,
            0.07472438702564313,
            -0.061842101248669214,
            -0.011006765570169203,
            -0.00861098937441865,
            -0.005568790885939782,
            -0.00488014631108172,
            0.5895019770779246,
            0.001674576506855083,
            -0.0013197519684662795,
            -0.007680036566757386,
            -0.02470048151305724,
            0.025149071483062942,
            0.046367363400009354,
            0.1220697758014789,
            0.41851061013840535,
            0.4920977713968342,
            0.0007129186514246546
        ],
        "var": [
            6083007.828558345,
            4456960.815172231,
            464689.60256271623,
            833487.3528943226,
            927211.7151344627,
            441623.6496336238,
            5809666.5738070635,
            5591258.157523004,
            2634321.797908551,
            4642041.839018662,
            3988842.7706236253,
            3183325.1879861564,
            3983505.6170626706,
            1804010.132181057,
            2518333.886728713,
            4094894.614377493,
            4280770.038860935,
            249880.61294828495,
            287007.77682327025,
            287125.02394918655,
            752557.8690416671,
            769510.4889943169,
            281040.7600912837,
            282898.4357292669,
            289988.58081572136,
            280623.9086852279,
            297537.5693644965,
            300038.7772033115,
            306779.03191392,
            316739.66455410986,
            334393.9686160308,
            322493.81792885234,
            805596.3237574297,
            335573.0585164136,
            335573.05994536966,
            805596.3159449805,
            322493.81731453893,
            334393.95157345076,
            316739.66002837097,
            306779.0279684032,
            300038.7772033091,
            297537.56298764236,
            280623.9055430983,
            289988.58081570984,
            282898.1938862973,
            281040.76009128167,
            769510.481181726,
            752557.8357051664,
            287125.0175993727,
            287006.9226500889,
            249880.53120345686,
            5824566.810980037,
            4356341.387900617,
            312722.3991482326,
            7316506.05320342,
            7882250.699350656,
            1805659.8545957517,
            2785116.065589231,
            2598326.579726367,
            5748363.657394279,
            1573066.023455351,
            1845432.8853448934,
            264363.1780011787,
            2359778.283459397,
            2347128.693702193,
            1061917.397957329,
            1023949.7157101833,
            4153069.6028153542,
            4276493.87554268,
            12165.265543404004,
            5824566.309288417,
            4356341.575410466,
            312722.3925102122,
            7316505.803834872,
            7882250.325088356,
            1805659.9114314707,
            2785116.004553208,
            2598326.7676400226,
            5748364.318518255,
            1573065.8983560482,
            1845432.9478358445,
            264363.19340480916,
            2359778.0953828967,
            2347128.691744356,
            1061917.4292071261,
            1023949.7313611131,
            4153069.64150515,
            4276493.832748948,
            12165.2655433351
        ],
        "shape": [
            89
        ],
        "count": 17083694
    },
    "wandb_run_id": "qwkk58u3",
    "wandb_project": "rlgym-ppo",
    "wandb_entity": "gashfraude-epsi",
    "wandb_group": "unnamed-runs",
    "wandb_config": {
        "n_proc": 48,
        "min_inference_size": 36,
        "timestep_limit": 1e+16,
        "exp_buffer_size": 150000,
        "ts_per_iteration": 50000,
        "standardize_returns": true,
        "standardize_obs": true,
        "policy_layer_sizes": [
            512,
            512,
            256
        ],
        "critic_layer_sizes": [
            512,
            512,
            256
        ],
        "ppo_epochs": 2,
        "ppo_batch_size": 50000,
        "ppo_minibatch_size": 50000,
        "ppo_ent_coef": 0.01,
        "ppo_clip_range": 0.2,
        "gae_lambda": 0.95,
        "gae_gamma": 0.99,
        "policy_lr": 0.0002,
        "critic_lr": 0.0002,
        "shm_buffer_size": 8192
    }
}