{
    "cumulative_timesteps": 160619910,
    "cumulative_model_updates": 19144,
    "policy_average_reward": 1843.367901352566,
    "epoch": 3196,
    "ts_since_last_save": 500484,
    "reward_running_stats": {
        "mean": [
            19.444683907333687
        ],
        "var": [
            461638579.62900823
        ],
        "shape": [
            1
        ],
        "count": 481500
    },
    "obs_running_stats": {
        "mean": [
            -3.551538342030497e-12,
            2.00003300935516e-12,
            0.1315395580508214,
            3.048839220586697e-12,
            -4.1124785803456735e-12,
            -0.01732391060791001,
            -4.161284432617741e-12,
            -2.577242154110989e-12,
            0.01151551007869134,
            0.5077690696285934,
            0.2524722507150359,
            -0.1811887762772118,
            0.0747848929232824,
            0.05684791408912596,
            0.14797635236818277,
            0.6631885526399237,
            0.40504104469634644,
            0.9794124124942886,
            0.9766296497079203,
            0.9769022508206217,
            0.9414760010414915,
            0.9404180401622299,
            0.9780817589351929,
            0.9779268988983999,
            0.9776853031769129,
            0.9770536397854901,
            0.975851151842194,
            0.977112005483381,
            0.9765304817509226,
            0.9759241601884688,
            0.9752925851114833,
            0.9756126669139891,
            0.9384309190378566,
            0.975022373340659,
            0.9750223627588339,
            0.938430919037851,
            0.9756126774959364,
            0.9752925956936388,
            0.9759241707705184,
            0.9765304923329099,
            0.9771120054833901,
            0.9758511624242361,
            0.9770536503674375,
            0.9776853031768858,
            0.9779269094803696,
            0.9780817589351931,
            0.9404180401622363,
            0.9414759904595386,
            0.9769022614028501,
            0.9766296602899056,
            0.979412423076444,
            -0.013668913959718131,
            0.0032649759964622042,
            0.07050251389287718,
            0.057147638213379696,
            0.0047337839312143,
            -0.004770501559702922,
            0.008543347544582643,
            0.005066258908108005,
            0.6095920485907818,
            -0.001586397358422483,
            0.0014269813892509625,
            -0.006819594201552678,
            0.02078334344241316,
            -0.03112589621296081,
            0.054723563298584764,
            0.10756777892780643,
            0.4754155386480312,
            0.5439747259241721,
            0.0010647831439775733,
            0.013668910983516181,
            -0.0032649760791335705,
            0.07050250992463651,
            -0.057147637882694786,
            -0.00473378285647789,
            -0.004770504866591754,
            -0.008543345891139826,
            -0.005066258164059521,
            0.609592038008666,
            0.0015863966143729422,
            -0.0014269815804309207,
            -0.006819592548108168,
            -0.020783344434479753,
            0.031125900181225144,
            0.05472356329857449,
            0.10756778950989972,
            0.4754155360025442,
            0.5439747338607226,
            0.0010647831465612186
        ],
        "var": [
            8317877.361426267,
            6133949.195434763,
            604740.5833070832,
            1223155.1856206802,
            1408561.179474459,
            577500.1599557394,
            7924688.494239245,
            7542032.685790916,
            3705114.225069578,
            5710189.983079125,
            5980785.340883477,
            4811588.674704611,
            5798282.134558538,
            2364893.0887668724,
            2886815.6284102513,
            5121563.569323116,
            5539863.280647705,
            363163.7964175697,
            423969.57685311435,
            418759.54483106063,
            1123697.3157288898,
            1143180.2422281941,
            388978.6349255886,
            393031.0758140441,
            391631.1952950434,
            412890.953242557,
            440842.8777999121,
            406302.9990980136,
            418416.74453144346,
            427244.82158136123,
            438204.1526060301,
            433984.7038997889,
            1181116.2411599983,
            443607.64732769405,
            443607.64979801903,
            1181116.233347615,
            433984.702447779,
            438204.13444084756,
            427244.8162409717,
            418416.73990750266,
            406302.99909802736,
            440842.8715772159,
            412890.9501254745,
            391631.19529503566,
            393030.8334825587,
            388978.6349255787,
            1143180.234415564,
            1123697.2808479203,
            418759.53846216114,
            423968.7227743172,
            363163.71452688624,
            7976469.435843501,
            5978785.8693966335,
            402199.908616763,
            9797670.174378715,
            10692063.644238342,
            2369470.953144692,
            3600044.822039776,
            3294407.3824164066,
            7508206.002640377,
            2199578.894592278,
            2601492.072023389,
            349174.2701609723,
            3000135.317911527,
            3017137.964168884,
            1447791.8342035182,
            1249009.0914536186,
            5718168.381778669,
            5698711.155063416,
            24400.933297903077,
            7976468.934035436,
            5978786.056912515,
            402199.90120982984,
            9797669.92493978,
            10692063.26966499,
            2369471.0105633056,
            3600044.761229222,
            3294407.5703361654,
            7508206.673519845,
            2199578.7694900567,
            2601492.1345136943,
            349174.2854993647,
            3000135.130013023,
            3017137.9611226087,
            1447791.8654530619,
            1249009.1141470638,
            5718168.427376109,
            5698711.093375274,
            24400.93329779213
        ],
        "shape": [
            89
        ],
        "count": 22945784
    },
    "wandb_run_id": "qwkk58u3",
    "wandb_project": "rlgym-ppo",
    "wandb_entity": "gashfraude-epsi",
    "wandb_group": "unnamed-runs",
    "wandb_config": {
        "n_proc": 48,
        "min_inference_size": 36,
        "timestep_limit": 1e+16,
        "exp_buffer_size": 150000,
        "ts_per_iteration": 50000,
        "standardize_returns": true,
        "standardize_obs": true,
        "policy_layer_sizes": [
            512,
            512,
            256
        ],
        "critic_layer_sizes": [
            512,
            512,
            256
        ],
        "ppo_epochs": 2,
        "ppo_batch_size": 50000,
        "ppo_minibatch_size": 50000,
        "ppo_ent_coef": 0.01,
        "ppo_clip_range": 0.2,
        "gae_lambda": 0.95,
        "gae_gamma": 0.99,
        "policy_lr": 0.0002,
        "critic_lr": 0.0002,
        "shm_buffer_size": 8192
    }
}