{
    "cumulative_timesteps": 331127574,
    "cumulative_model_updates": 39508,
    "policy_average_reward": 142.88723695951956,
    "epoch": 6594,
    "ts_since_last_save": 500252,
    "reward_running_stats": {
        "mean": [
            16.68496063587549
        ],
        "var": [
            1439467283.1158803
        ],
        "shape": [
            1
        ],
        "count": 992550
    },
    "obs_running_stats": {
        "mean": [
            -1.722746645492191e-12,
            9.701571092971364e-13,
            0.12672003707961232,
            1.4789021124635056e-12,
            -1.9948422360130864e-12,
            -0.012520045261389801,
            -2.01851651036941e-12,
            -1.2501442616479307e-12,
            0.0026404267608168266,
            0.5954851651296243,
            0.3018090356734502,
            -0.20170084906203034,
            0.009723900435217642,
            0.034005988787676446,
            0.1367150453352272,
            0.7326303911576564,
            0.2772909783668004,
            0.9795206314630195,
            0.9762768755774571,
            0.9769767325971589,
            0.9324073843096549,
            0.9371860751448814,
            0.9803455955104731,
            0.9801649261711325,
            0.980542280971474,
            0.9762304901848183,
            0.9763939852191726,
            0.9802545090915232,
            0.9799149286501473,
            0.9794597342218523,
            0.9794750397877295,
            0.9792717701011664,
            0.9314941892069869,
            0.9793087912971846,
            0.9793087861642765,
            0.9314941892070074,
            0.9792717752342535,
            0.9794750449207961,
            0.9794597393548287,
            0.9799149337831631,
            0.980254509091527,
            0.9763939903522122,
            0.9762304953178225,
            0.9805422809714605,
            0.9801649313041905,
            0.9803455955104455,
            0.9371860751448331,
            0.9324073791764335,
            0.9769767377301132,
            0.976276880710486,
            0.9795206365960726,
            -0.011671226356427877,
            0.00915943154537065,
            0.061561867930457315,
            0.07262656600412401,
            0.009489394124837713,
            -0.0036357052101255063,
            0.010513350631502189,
            0.008748775515467173,
            0.598391259568934,
            -0.0014403565006999386,
            0.0015400631492177499,
            -0.004625322931611239,
            0.039622755434138825,
            -0.05152906241142554,
            0.050250631109802435,
            0.08695927289020534,
            0.4668510004259853,
            0.5382460051384093,
            0.0011343072075986802,
            0.011671224912768112,
            -0.00915943158547373,
            0.061561866005573646,
            -0.07262656584373595,
            -0.00948939360351775,
            -0.0036357068141992725,
            -0.0105133498294646,
            -0.008748775154552671,
            0.5983912544359233,
            0.001440356139783551,
            -0.0015400632419539468,
            -0.004625322129574052,
            -0.0396227559153693,
            0.0515290643363335,
            0.0502506311098006,
            0.08695927802321893,
            0.4668509991425668,
            0.5382460089881431,
            0.001134307208851771
        ],
        "var": [
            17360381.42580435,
            13722401.409871995,
            1118540.5902556807,
            2734336.2852962846,
            3845644.495806544,
            1077376.215467518,
            17311676.29114634,
            15360190.84056633,
            7992248.502840257,
            11486237.148643024,
            15472880.62502879,
            13242803.446231514,
            13428096.601120988,
            4675690.449168307,
            5576836.983432064,
            9262232.312585324,
            9490081.202373782,
            849407.8204699021,
            995827.8840602465,
            965023.7801366014,
            2840690.1999793653,
            2642191.7988072177,
            808529.6695373773,
            817393.9363158542,
            793547.5160796163,
            996117.4460806408,
            990409.2239267336,
            808738.2865806659,
            823550.7853660131,
            839785.5723015713,
            836265.6013635197,
            848248.9060124765,
            2873947.09256101,
            843317.021261351,
            843317.0258133771,
            2873947.08474901,
            848248.9027836602,
            836265.5811671235,
            839785.5652442076,
            823550.7790984418,
            808738.2865806734,
            990409.2174403153,
            996117.4433632211,
            793547.5160796128,
            817393.6928975515,
            808529.6695373656,
            2642191.790994543,
            2840690.1606952106,
            965023.7737316616,
            995827.0301529166,
            849407.738526822,
            16859418.43200556,
            13321315.611868454,
            647082.1067215395,
            19579868.044432536,
            22182419.95891372,
            5276725.24544224,
            7349627.995893027,
            6908730.647717424,
            16084406.435706457,
            4286236.4200639045,
            5659872.6895864615,
            599735.1451194565,
            6727306.840041923,
            6708103.464870963,
            3529960.0014128047,
            2191982.4104916197,
            11769613.908097988,
            11763446.400096532,
            53591.08453809356,
            16859417.929925613,
            13321315.799366875,
            647082.0976860487,
            19579867.79522544,
            22182419.584571782,
            5276725.3030344155,
            7349627.935231256,
            6908730.835763516,
            16084407.10114902,
            4286236.294958444,
            5659872.752074644,
            599735.1602913422,
            6727306.651287194,
            6708103.458110568,
            3529960.032662609,
            2191982.443192983,
            11769613.952656673,
            11763446.340490544,
            53591.08453797284
        ],
        "shape": [
            89
        ],
        "count": 47304014
    },
    "wandb_run_id": "qwkk58u3",
    "wandb_project": "rlgym-ppo",
    "wandb_entity": "gashfraude-epsi",
    "wandb_group": "unnamed-runs",
    "wandb_config": {
        "n_proc": 48,
        "min_inference_size": 36,
        "timestep_limit": 1e+16,
        "exp_buffer_size": 150000,
        "ts_per_iteration": 50000,
        "standardize_returns": true,
        "standardize_obs": true,
        "policy_layer_sizes": [
            512,
            512,
            256
        ],
        "critic_layer_sizes": [
            512,
            512,
            256
        ],
        "ppo_epochs": 2,
        "ppo_batch_size": 50000,
        "ppo_minibatch_size": 50000,
        "ppo_ent_coef": 0.01,
        "ppo_clip_range": 0.2,
        "gae_lambda": 0.95,
        "gae_gamma": 0.99,
        "policy_lr": 0.0002,
        "critic_lr": 0.0002,
        "shm_buffer_size": 8192
    }
}