{
    "cumulative_timesteps": 330627322,
    "cumulative_model_updates": 39448,
    "policy_average_reward": 171.94252357048143,
    "epoch": 6584,
    "ts_since_last_save": 500252,
    "reward_running_stats": {
        "mean": [
            16.70322797518344
        ],
        "var": [
            1433315877.9401846
        ],
        "shape": [
            1
        ],
        "count": 991050
    },
    "obs_running_stats": {
        "mean": [
            -1.725353203455776e-12,
            9.716249813726668e-13,
            0.12674000340224034,
            1.4811397276193406e-12,
            -1.997860480747315e-12,
            -0.012526333535735117,
            -2.0215705745726022e-12,
            -1.2520357602342367e-12,
            0.002696753660016603,
            0.5953576175884003,
            0.3016713181549351,
            -0.20185377725428447,
            0.009949397980830584,
            0.03398055365719305,
            0.1367079994315,
            0.7327483754348836,
            0.27746702904537,
            0.9795226314059983,
            0.9762849558237348,
            0.9769765349626549,
            0.932429626625858,
            0.9371814822460045,
            0.9803473616153623,
            0.9801649792337719,
            0.9805380142860529,
            0.976231195964,
            0.9763908522051754,
            0.9802546976953112,
            0.979910030342963,
            0.9794578946101109,
            0.9794712755243832,
            0.9792639720419528,
            0.9315101803134868,
            0.9793050930734383,
            0.9793050879327562,
            0.931510180313511,
            0.9792639771828051,
            0.9794712806652218,
            0.9794578997508535,
            0.979910035483745,
            0.9802546976953136,
            0.9763908573459792,
            0.976231201104775,
            0.9805380142860408,
            0.9801649843745998,
            0.9803473616153355,
            0.937181482245959,
            0.9324296214848734,
            0.9769765401033786,
            0.9762849609645302,
            0.9795226365468139,
            -0.0116521007226001,
            0.009146747855762203,
            0.061577710147112615,
            0.07256405705511931,
            0.00951117258798961,
            -0.0036131433762570187,
            0.01049984698497556,
            0.008730161554726478,
            0.5984842699463405,
            -0.0014394831658731152,
            0.0015374072272248745,
            -0.004627662550675274,
            0.03957575893258213,
            -0.05146794639485186,
            0.050287491970385956,
            0.08693401284805449,
            0.46696988115323934,
            0.5383467875969368,
            0.001134837819015678,
            0.011652099276756072,
            -0.00914674789592599,
            0.06157770821931744,
            -0.07256405689448718,
            -0.009511172065880803,
            -0.0036131449827578035,
            -0.010499846181724322,
            -0.00873016119326563,
            0.5984842648055632,
            0.0014394828044106234,
            -0.0015374073201013909,
            -0.00462766174742448,
            -0.03957575941454153,
            0.05146794832267203,
            0.05028749197038498,
            0.08693401798883424,
            0.4669698798678862,
            0.5383467914524939,
            0.001134837820270664
        ],
        "var": [
            17335790.153485153,
            13699114.51466797,
            1117219.4665881104,
            2730571.2776303473,
            3836862.3323924923,
            1076061.9658670453,
            17279437.132346477,
            15339401.279858341,
            7980656.687189639,
            11468516.287691766,
            15441918.235150386,
            13210289.808914552,
            13400206.364072891,
            4667009.681415096,
            5568160.711410574,
            9245640.307198346,
            9479462.098092599,
            847883.6616676116,
            993809.2078513702,
            963425.2312830526,
            2835277.6989723556,
            2638174.5124013955,
            807072.5546679271,
            816002.1518328768,
            792377.7292029887,
            994427.4072225636,
            988903.0598961199,
            807346.5010735993,
            822366.3197858048,
            838431.153514242,
            834999.4081171303,
            847151.3389924709,
            2868734.9493090846,
            842036.3876827905,
            842036.3922330162,
            2868734.9414971126,
            847151.3357674438,
            834999.387922569,
            838431.1464577756,
            822366.3135206064,
            807346.5010736064,
            988903.0534112168,
            994427.4045048064,
            792377.7292029859,
            816001.9084145677,
            807072.5546679148,
            2638174.5045887227,
            2835277.6596990214,
            963425.224878205,
            993808.3539401164,
            847883.5797235573,
            16835106.693251118,
            13298802.235889336,
            646428.3307066415,
            19553019.173515357,
            22147663.908992942,
            5267667.34000453,
            7337638.221147254,
            6896956.0728463335,
            16057080.173582219,
            4280613.023587336,
            5649683.692687375,
            599108.6125797966,
            6715216.768067104,
            6695584.394167316,
            3522580.829419933,
            2187852.16425698,
            11752198.035145817,
            11745320.336586103,
            53535.119617843535,
            16835106.19116868,
            13298802.423387956,
            646428.3216740391,
            19553018.924307544,
            22147663.53465232,
            5267667.3976001665,
            7337638.160484493,
            6896956.260891816,
            16057080.839070424,
            4280612.898481843,
            5649683.755175358,
            599108.627751876,
            6715216.579314598,
            6695584.387418033,
            3522580.8606696585,
            2187852.1969706365,
            11752198.079718584,
            11745320.27694321,
            53535.11961772284
        ],
        "shape": [
            89
        ],
        "count": 47232550
    },
    "wandb_run_id": "qwkk58u3",
    "wandb_project": "rlgym-ppo",
    "wandb_entity": "gashfraude-epsi",
    "wandb_group": "unnamed-runs",
    "wandb_config": {
        "n_proc": 48,
        "min_inference_size": 36,
        "timestep_limit": 1e+16,
        "exp_buffer_size": 150000,
        "ts_per_iteration": 50000,
        "standardize_returns": true,
        "standardize_obs": true,
        "policy_layer_sizes": [
            512,
            512,
            256
        ],
        "critic_layer_sizes": [
            512,
            512,
            256
        ],
        "ppo_epochs": 2,
        "ppo_batch_size": 50000,
        "ppo_minibatch_size": 50000,
        "ppo_ent_coef": 0.01,
        "ppo_clip_range": 0.2,
        "gae_lambda": 0.95,
        "gae_gamma": 0.99,
        "policy_lr": 0.0002,
        "critic_lr": 0.0002,
        "shm_buffer_size": 8192
    }
}