{
    "cumulative_timesteps": 134598138,
    "cumulative_model_updates": 16052,
    "policy_average_reward": 163.14032992423458,
    "epoch": 2680,
    "ts_since_last_save": 500366,
    "reward_running_stats": {
        "mean": [
            16.970142074856266
        ],
        "var": [
            290655788.2797679
        ],
        "shape": [
            1
        ],
        "count": 403500
    },
    "obs_running_stats": {
        "mean": [
            -4.238151150798698e-12,
            2.3866959523651856e-12,
            0.13051158740762636,
            3.6382660718397255e-12,
            -4.907536998880727e-12,
            -0.019206023361118752,
            -4.965778417972466e-12,
            -3.0754959506072766e-12,
            0.009982902312813539,
            0.47161184272851336,
            0.24221053633115605,
            -0.17643354389783247,
            0.06864204160130413,
            0.050948995174866965,
            0.16990622089189442,
            0.6221129816860701,
            0.46493780253370637,
            0.9796380094608633,
            0.9772678854370483,
            0.9773047604003705,
            0.944973607833801,
            0.943684849948229,
            0.9775794447537502,
            0.9773682786326297,
            0.9767263319091352,
            0.9776054479713574,
            0.9764870482318606,
            0.9761711234944233,
            0.9756486399730618,
            0.9749135018708835,
            0.9737393534919344,
            0.97453003468377,
            0.9412797059246866,
            0.9736288283411086,
            0.9736288157132884,
            0.9412797059246851,
            0.974530047311622,
            0.973739366119854,
            0.9749135144987301,
            0.9756486526008055,
            0.9761711234944226,
            0.9764870608596465,
            0.9776054605992618,
            0.9767263319091098,
            0.9773682912603738,
            0.9775794447537556,
            0.9436848499481892,
            0.9449735952059909,
            0.9773047730283906,
            0.9772678980647266,
            0.9796380220888663,
            -0.014485447228639979,
            0.00411863451368023,
            0.07314922426691577,
            0.0607004739145271,
            0.008265849302347448,
            -0.007981760215481271,
            0.0073440069027135456,
            0.00568507354924647,
            0.5904031781125083,
            -0.0016968177132766955,
            0.0012660049985442983,
            -0.007503934947578858,
            0.024013580604930317,
            -0.02728808257758105,
            0.04913338364922523,
            0.11585105659967712,
            0.42896739675694134,
            0.5017960192675149,
            0.0007348656106318888,
            0.014485443677055556,
            -0.004118634612335202,
            0.07314921953148837,
            -0.06070047351991094,
            -0.008265848019832983,
            -0.007981764161684205,
            -0.007344004929612092,
            -0.005685072661351288,
            0.5904031654846223,
            0.0016968168253808588,
            -0.0012660052266847083,
            -0.007503932974477269,
            -0.024013581788787017,
            0.027288087313023304,
            0.049133383649217405,
            0.11585106922756729,
            0.42896739359994,
            0.5017960287384027,
            0.0007348656137149618
        ],
        "var": [
            6876065.279090523,
            5039984.153158065,
            513489.90531850414,
            940477.8763464395,
            1051823.6434894784,
            488035.15687232127,
            6564651.916376996,
            6307029.697715005,
            2981806.18215225,
            5230744.564541768,
            4833182.368552289,
            3766277.548673193,
            4774275.222232128,
            2044804.5918426078,
            2705761.8777850433,
            4516547.644050354,
            4793783.505789897,
            284047.0422240862,
            327416.69783411594,
            327494.2157958375,
            859256.2453294431,
            879352.1555803494,
            318516.2497166796,
            323049.0791924181,
            328128.62909974693,
            319418.3763960737,
            341595.511107668,
            340413.20798759337,
            349364.48211346066,
            358378.2050687977,
            376970.2385738371,
            365317.6999215957,
            918143.1135025711,
            378494.9372883881,
            378494.9390820754,
            918143.105690166,
            365317.69899529044,
            376970.2211629723,
            358378.20021915657,
            349364.47791773296,
            340413.20798760065,
            341595.5045761705,
            319418.3730109988,
            328128.6290997375,
            323048.8371322134,
            318516.249716673,
            879352.1477677547,
            859256.2121469881,
            327494.209231475,
            327415.8434454169,
            284046.96022381564,
            6575218.518266264,
            4911210.209796244,
            347161.83835378016,
            8233281.285317866,
            8895376.340401463,
            2015742.3560562422,
            3117825.6538570137,
            2901412.3021035837,
            6490789.059984964,
            1771422.9907980282,
            2081956.0369081546,
            291399.1086050645,
            2663685.752959212,
            2651210.075699455,
            1212350.7078827051,
            1105466.494843863,
            4705669.350439635,
            4813673.148658964,
            14114.5645223055,
            6575218.0165709695,
            4911210.397308591,
            347161.83142884437,
            8233281.035931728,
            8895375.96600393,
            2015742.412987567,
            3117825.592955683,
            2901412.4900443754,
            6490789.721546189,
            1771422.8656996312,
            2081956.0993995655,
            291399.1239953514,
            2663685.5649141637,
            2651210.0733520095,
            1212350.739132267,
            1105466.5135147877,
            4705669.390398611,
            4813673.102332366,
            14114.564522233863
        ],
        "shape": [
            89
        ],
        "count": 19228392
    },
    "wandb_run_id": "qwkk58u3",
    "wandb_project": "rlgym-ppo",
    "wandb_entity": "gashfraude-epsi",
    "wandb_group": "unnamed-runs",
    "wandb_config": {
        "n_proc": 48,
        "min_inference_size": 36,
        "timestep_limit": 1e+16,
        "exp_buffer_size": 150000,
        "ts_per_iteration": 50000,
        "standardize_returns": true,
        "standardize_obs": true,
        "policy_layer_sizes": [
            512,
            512,
            256
        ],
        "critic_layer_sizes": [
            512,
            512,
            256
        ],
        "ppo_epochs": 2,
        "ppo_batch_size": 50000,
        "ppo_minibatch_size": 50000,
        "ppo_ent_coef": 0.01,
        "ppo_clip_range": 0.2,
        "gae_lambda": 0.95,
        "gae_gamma": 0.99,
        "policy_lr": 0.0002,
        "critic_lr": 0.0002,
        "shm_buffer_size": 8192
    }
}