{
    "cumulative_timesteps": 178134186,
    "cumulative_model_updates": 21218,
    "policy_average_reward": 2839.067424919733,
    "epoch": 3543,
    "ts_since_last_save": 500048,
    "reward_running_stats": {
        "mean": [
            22.278936474264576
        ],
        "var": [
            666930736.7300081
        ],
        "shape": [
            1
        ],
        "count": 534000
    },
    "obs_running_stats": {
        "mean": [
            -3.2023502084570353e-12,
            1.803389266073392e-12,
            0.13329518648954264,
            2.749076588973353e-12,
            -3.708138661180227e-12,
            -0.01618292876695545,
            -3.75214590421269e-12,
            -2.3238470656814517e-12,
            0.012488906026473281,
            0.5279164212564882,
            0.25562408467467007,
            -0.18858972537509933,
            0.07809971818787777,
            0.056572045442310676,
            0.13495283362379595,
            0.6853639439507165,
            0.3758017120026887,
            0.9790479759764911,
            0.9761468365539164,
            0.9765158287210697,
            0.938689913756128,
            0.9382182135549171,
            0.9783004113855919,
            0.9782352826258878,
            0.9781628362143073,
            0.9765000214136759,
            0.9752116977534151,
            0.977589593985953,
            0.9770381315048866,
            0.9764846647008192,
            0.9761810636340864,
            0.9761619078833295,
            0.9358372217016208,
            0.9758868450752911,
            0.9758868355337841,
            0.9358372217016332,
            0.9761619174248652,
            0.9761810731758116,
            0.9764846742423605,
            0.9770381410464527,
            0.9775895939859695,
            0.9752117072949877,
            0.976500030955205,
            0.9781628362143117,
            0.9782352921674616,
            0.9783004113855751,
            0.9382182135549193,
            0.9386899042146009,
            0.976515838262799,
            0.9761468460954801,
            0.9790479855181701,
            -0.013891882716321925,
            0.0022107604806519254,
            0.06912383042728205,
            0.053477815222863295,
            0.004759882257066998,
            -0.0027469826913079786,
            0.009889246519683693,
            0.005299182007973127,
            0.6244121552701343,
            -0.0015066733793948513,
            0.0015876431888535386,
            -0.006416909177998589,
            0.019093456981842866,
            -0.030118438891937424,
            0.05835221244973473,
            0.10363045139609639,
            0.509433706308112,
            0.5746793856022248,
            0.0013918789125572215,
            0.013891880032740934,
            -0.0022107605551949672,
            0.06912382684920082,
            -0.053477814924688616,
            -0.004759881287998685,
            -0.0027469856730621654,
            -0.009889245028809843,
            -0.005299181337079275,
            0.6244121457283877,
            0.001506672708500339,
            -0.0015876433612367505,
            -0.0064169076871213844,
            -0.01909345787636799,
            0.030118442470042292,
            0.058352212449715016,
            0.10363046093775233,
            0.50943370392274,
            0.5746793927584175,
            0.0013918789148866936
        ],
        "var": [
            9302869.30347524,
            6884212.6709611965,
            672781.0817754876,
            1448260.6951556324,
            1700285.3419802557,
            644347.9629700524,
            8835603.125533,
            8351271.407146678,
            4223141.506051287,
            5922326.668269706,
            6629053.710174122,
            5500998.244467375,
            6368518.058147763,
            2560705.984596117,
            2964618.98027515,
            5483748.56047513,
            5979740.9891814515,
            422503.068432706,
            492782.8179662913,
            484591.6255952935,
            1323960.477779495,
            1332560.950982166,
            437295.3331418045,
            439536.05511682085,
            434601.8583688349,
            482420.1888967019,
            515281.4331222334,
            450655.8198037267,
            463441.40491212904,
            472448.34860441834,
            476982.94195203687,
            480211.6840277908,
            1383384.8453980002,
            483622.61675108573,
            483622.6196411995,
            1383384.8375857181,
            480211.6823090592,
            476982.92335537786,
            472448.34299184,
            463441.4000416537,
            450655.8198037386,
            515281.4272100584,
            482420.18604845356,
            434601.8583688207,
            439535.8126355988,
            437295.33314178913,
            1332560.943169459,
            1323960.4415456036,
            484591.6194140586,
            492781.9641219796,
            422502.9867189769,
            8960312.340573777,
            6723075.397330515,
            438891.6926488874,
            10841811.394253075,
            11913190.985030184,
            2608666.113839667,
            3902769.156712235,
            3527334.223639474,
            8078496.872339184,
            2513443.7229196588,
            2992454.595534469,
            391982.4428449512,
            3165043.8783465037,
            3193792.5692905686,
            1593123.8121173598,
            1349046.3497720333,
            6355280.991852422,
            6226669.410648415,
            35365.64763569072,
            8960311.838794515,
            6723075.584851358,
            438891.6849908739,
            10841811.14475633,
            11913190.610458665,
            2608666.1715654326,
            3902769.096003556,
            3527334.411567071,
            8078497.550415444,
            2513443.5978150596,
            2992454.6580231977,
            391982.4581527439,
            3165043.6905251485,
            3193792.566427988,
            1593123.8433668378,
            1349046.3743773615,
            6355281.04158053,
            6226669.337776731,
            35365.64763554052
        ],
        "shape": [
            89
        ],
        "count": 25447820
    },
    "wandb_run_id": "qwkk58u3",
    "wandb_project": "rlgym-ppo",
    "wandb_entity": "gashfraude-epsi",
    "wandb_group": "unnamed-runs",
    "wandb_config": {
        "n_proc": 48,
        "min_inference_size": 36,
        "timestep_limit": 1e+16,
        "exp_buffer_size": 150000,
        "ts_per_iteration": 50000,
        "standardize_returns": true,
        "standardize_obs": true,
        "policy_layer_sizes": [
            512,
            512,
            256
        ],
        "critic_layer_sizes": [
            512,
            512,
            256
        ],
        "ppo_epochs": 2,
        "ppo_batch_size": 50000,
        "ppo_minibatch_size": 50000,
        "ppo_ent_coef": 0.01,
        "ppo_clip_range": 0.2,
        "gae_lambda": 0.95,
        "gae_gamma": 0.99,
        "policy_lr": 0.0002,
        "critic_lr": 0.0002,
        "shm_buffer_size": 8192
    }
}