{
    "cumulative_timesteps": 277242740,
    "cumulative_model_updates": 33066,
    "policy_average_reward": 405.6571541513998,
    "epoch": 5519,
    "ts_since_last_save": 500374,
    "reward_running_stats": {
        "mean": [
            18.897468540732373
        ],
        "var": [
            978627737.0231316
        ],
        "shape": [
            1
        ],
        "count": 831000
    },
    "obs_running_stats": {
        "mean": [
            -2.057578569857314e-12,
            1.1587162195100899e-12,
            0.12986889738943566,
            1.7663405727025469e-12,
            -2.3825584914938524e-12,
            -0.013078173987464947,
            -2.4108340807089926e-12,
            -1.4931214986568865e-12,
            0.0035537344791964063,
            0.5832418181726241,
            0.27865507518796756,
            -0.2110868171285395,
            0.02480832072475202,
            0.04124354510253711,
            0.1330203809735543,
            0.7318379307590597,
            0.3003707179535044,
            0.9790742683557606,
            0.9761619282109752,
            0.9767446666898837,
            0.9325005111850417,
            0.9365712711025518,
            0.9800029393104781,
            0.9798176554840095,
            0.9802112656722763,
            0.975826899319166,
            0.9757607220591313,
            0.979882939022724,
            0.979484250808948,
            0.9789958542347204,
            0.979172013974281,
            0.9788354131855196,
            0.9310783646644721,
            0.978937625794007,
            0.978937619663421,
            0.9310783646645782,
            0.9788354193162356,
            0.9791720201050237,
            0.9789958603653692,
            0.9794842569396016,
            0.9798829390227413,
            0.9757607281897948,
            0.9758269054498067,
            0.9802112656722808,
            0.9798176616147092,
            0.9800029393104359,
            0.9365712711025399,
            0.9325005050541723,
            0.9767446728205588,
            0.976161934341617,
            0.9790742744865389,
            -0.01207865417246166,
            0.008732903411468982,
            0.06340147541860745,
            0.06766639102866878,
            0.012051200038218756,
            0.0021960289482672265,
            0.01066007939976311,
            0.006416682107514222,
            0.6157284125117362,
            -0.0014514730041279994,
            0.0016611264219127714,
            -0.004971927853554694,
            0.03480234033283842,
            -0.04800912090077002,
            0.054957394078535116,
            0.08865026780150434,
            0.4933209482313933,
            0.5593134314869397,
            0.0012313300996432057,
            0.012078652448206906,
            -0.008732903459365797,
            0.06340147311960975,
            -0.06766639083709332,
            -0.012051199415574265,
            0.0021960270324262537,
            -0.010660078441844393,
            -0.006416681676452833,
            0.6157284063809894,
            0.0014514725730636225,
            -0.0016611265326730794,
            -0.004971926895635363,
            -0.0348023409075931,
            0.04800912319979241,
            0.05495739407853361,
            0.0886502739322046,
            0.493320946698545,
            0.5593134360849926,
            0.0012313301011398858
        ],
        "var": [
            14620697.255283015,
            11317242.259104682,
            975123.9264286314,
            2340695.307737098,
            3092103.133300581,
            938371.0379323569,
            14191098.015146388,
            12950215.632887028,
            6731106.830769509,
            9442864.519205198,
            12119814.171616638,
            10247926.112371659,
            10527409.510442868,
            3767373.8401786434,
            4561446.992008001,
            7768935.064988188,
            8333489.943329295,
            711936.3361883716,
            821879.5926544152,
            800640.8184887121,
            2352353.0336769084,
            2210309.267499776,
            673240.1862095499,
            680939.0933287699,
            659275.4061572434,
            832711.2931551745,
            836864.7798200079,
            673871.9151580769,
            688409.6197768465,
            702527.0316749557,
            693016.1923080942,
            708552.3430423299,
            2396933.0499139805,
            701421.8677953125,
            701421.8721670189,
            2396933.042101865,
            708552.3400253835,
            693016.1722588842,
            702527.0248429046,
            688409.613718452,
            673871.9151580934,
            836864.7736410676,
            832711.29063377,
            659275.4061572661,
            680938.8500791399,
            673240.1862095412,
            2210309.2596871946,
            2352352.994438117,
            800640.8121963473,
            821878.7388028847,
            711936.254462044,
            14203390.54226253,
            11027275.366796298,
            579970.3350418289,
            16566063.17818411,
            18602100.41708607,
            4240123.674805489,
            6015935.306645356,
            5556131.6388207,
            12998277.221808603,
            3716013.750980597,
            4712311.494429952,
            530919.4597594588,
            5252694.548646245,
            5283868.721895766,
            2726860.5036433605,
            1856220.4948044855,
            9895369.394691095,
            9768844.8316815,
            48702.898526073855,
            14203390.040235206,
            11027275.554295601,
            579970.3263415874,
            16566062.928902812,
            18602100.04286829,
            4240123.733281633,
            6015935.245995615,
            5556131.826787171,
            12998277.895669557,
            3716013.6258756523,
            4712311.556917121,
            530919.4749575001,
            5252694.360110676,
            5283868.715774865,
            2726860.5348928464,
            1856220.526684634,
            9895369.44246382,
            9768844.764404306,
            48702.89852594221
        ],
        "shape": [
            89
        ],
        "count": 39606182
    },
    "wandb_run_id": "qwkk58u3",
    "wandb_project": "rlgym-ppo",
    "wandb_entity": "gashfraude-epsi",
    "wandb_group": "unnamed-runs",
    "wandb_config": {
        "n_proc": 48,
        "min_inference_size": 36,
        "timestep_limit": 1e+16,
        "exp_buffer_size": 150000,
        "ts_per_iteration": 50000,
        "standardize_returns": true,
        "standardize_obs": true,
        "policy_layer_sizes": [
            512,
            512,
            256
        ],
        "critic_layer_sizes": [
            512,
            512,
            256
        ],
        "ppo_epochs": 2,
        "ppo_batch_size": 50000,
        "ppo_minibatch_size": 50000,
        "ppo_ent_coef": 0.01,
        "ppo_clip_range": 0.2,
        "gae_lambda": 0.95,
        "gae_gamma": 0.99,
        "policy_lr": 0.0002,
        "critic_lr": 0.0002,
        "shm_buffer_size": 8192
    }
}