{
    "cumulative_timesteps": 48025510,
    "cumulative_model_updates": 5730,
    "policy_average_reward": 335.8845172890224,
    "epoch": 957,
    "ts_since_last_save": 500210,
    "reward_running_stats": {
        "mean": [
            11.840834055982146
        ],
        "var": [
            36154568.81415447
        ],
        "shape": [
            1
        ],
        "count": 144000
    },
    "obs_running_stats": {
        "mean": [
            -1.1877897874780601e-11,
            6.688985284905024e-12,
            0.1508872103565503,
            1.019665207200016e-11,
            -1.3753927370038604e-11,
            -0.029684313764049557,
            -1.3917155552762754e-11,
            -8.619425197772412e-12,
            0.0009899725933807594,
            0.20741207257839758,
            0.06451964317527512,
            0.06607748254179063,
            0.1437931552036602,
            -0.06129106424395395,
            0.32906018157259576,
            0.36768756779743006,
            0.6180349055423183,
            0.9726280978553821,
            0.9721025568430034,
            0.972460389402868,
            0.9452670737692505,
            0.9449404769162478,
            0.9694589870202103,
            0.9697415477189416,
            0.9672223951839256,
            0.9717285209665655,
            0.9717594166238013,
            0.9675879802053198,
            0.9673386655456646,
            0.9657593457495617,
            0.9624414061711435,
            0.9652928666109586,
            0.9401479354201022,
            0.9625487945926731,
            0.962548759201752,
            0.940147935420093,
            0.9652929020019267,
            0.962441441561993,
            0.9657593811405837,
            0.9673387009366007,
            0.9675879802053029,
            0.9717594520148081,
            0.9717285563575428,
            0.967222395183939,
            0.9697415831098692,
            0.9694589870202166,
            0.9449404769162923,
            0.9452670383783683,
            0.9724604247938757,
            0.9721025922341179,
            0.9726281332464757,
            -0.016981207889464122,
            0.012947574827502141,
            0.09955707433820547,
            0.030939584150966558,
            -0.00132919231249278,
            0.005766657416808233,
            -0.00669935342359316,
            -0.0025407334162209725,
            0.5145454546305714,
            -0.0024790802800382394,
            0.002287598023062033,
            -0.010674877767472061,
            0.014110727921412823,
            -0.014780532792744295,
            0.011703217490877042,
            0.19425202864904798,
            0.17920066522976938,
            0.28283420822337735,
            0.0002899459003148128,
            0.016981197935750918,
            -0.012947575103994214,
            0.0995570610665856,
            -0.030939583044997145,
            0.0013291959068889455,
            0.005766646357129442,
            0.006699358953433924,
            0.0025407359046490064,
            0.514545419239612,
            0.0024790777916108425,
            -0.0022875986624500146,
            -0.0106748722376334,
            -0.014110731239315659,
            0.014780546064360637,
            0.011703217490877786,
            0.19425206404001946,
            0.17920065638203178,
            0.2828342347666004,
            0.00028994590895519454
        ],
        "var": [
            2256768.1101818923,
            1647632.7624357163,
            236925.0930292131,
            292886.5020282416,
            305558.0794821116,
            225449.50375126963,
            2095825.3837805698,
            2080165.9956968317,
            922540.0014258293,
            1351219.3669673754,
            828498.6738304737,
            899471.4116709445,
            1113319.9008111341,
            611596.4293352665,
            1508568.2562229377,
            1591284.8126892557,
            1629956.6579774998,
            83146.0229373834,
            86312.35200553441,
            84747.76040308246,
            214371.87554720388,
            214440.89527709145,
            100209.49310340165,
            99044.11892342917,
            108540.81654407752,
            86933.98154323298,
            88393.33737795767,
            108307.76202633361,
            109295.7706226863,
            114983.40551118056,
            133287.26571818502,
            117902.01183655992,
            241407.48947637188,
            132117.08432445195,
            132117.0807374597,
            241407.48166388104,
            117902.01539591924,
            133287.25379386693,
            114983.40510708293,
            109295.77046246378,
            108307.76202633444,
            88393.33314225737,
            86933.98101218758,
            108540.81654407251,
            99043.88056709626,
            100209.49310340198,
            214440.88746459337,
            214371.84250737596,
            84747.756191297,
            86311.50012517892,
            83145.94434131656,
            2211395.3886688575,
            1670010.9009792518,
            153481.11856984164,
            2891377.040340051,
            3006130.6127862576,
            945959.0769086413,
            1334963.3711809013,
            1286794.4850933307,
            2408151.55999169,
            600042.9687187783,
            698039.6592412919,
            140625.16281260448,
            1098419.912106614,
            1103387.6397599843,
            420698.9821297347,
            557761.8191538622,
            1004742.3706539362,
            1398291.3412649787,
            1983.3715973581416,
            2211394.887313989,
            1670011.088458305,
            153481.11645411205,
            2891376.790504813,
            3006130.237914825,
            945959.1359260906,
            1334963.309213866,
            1286794.6727534696,
            2408152.1847155527,
            600042.8436468055,
            698039.7217235073,
            140625.1784434763,
            1098419.7245121156,
            1103387.6396902336,
            420699.013379714,
            557761.7997510765,
            1004742.3802893921,
            1398291.3746896656,
            1983.3715973390279
        ],
        "shape": [
            89
        ],
        "count": 6860880
    },
    "wandb_run_id": "qwkk58u3",
    "wandb_project": "rlgym-ppo",
    "wandb_entity": "gashfraude-epsi",
    "wandb_group": "unnamed-runs",
    "wandb_config": {
        "n_proc": 48,
        "min_inference_size": 36,
        "timestep_limit": 1e+16,
        "exp_buffer_size": 150000,
        "ts_per_iteration": 50000,
        "standardize_returns": true,
        "standardize_obs": true,
        "policy_layer_sizes": [
            512,
            512,
            256
        ],
        "critic_layer_sizes": [
            512,
            512,
            256
        ],
        "ppo_epochs": 2,
        "ppo_batch_size": 50000,
        "ppo_minibatch_size": 50000,
        "ppo_ent_coef": 0.01,
        "ppo_clip_range": 0.2,
        "gae_lambda": 0.95,
        "gae_gamma": 0.99,
        "policy_lr": 0.0002,
        "critic_lr": 0.0002,
        "shm_buffer_size": 8192
    }
}