{
    "cumulative_timesteps": 134097772,
    "cumulative_model_updates": 15992,
    "policy_average_reward": 213.50636129963172,
    "epoch": 2670,
    "ts_since_last_save": 500424,
    "reward_running_stats": {
        "mean": [
            17.01747738849684
        ],
        "var": [
            290312711.3699651
        ],
        "shape": [
            1
        ],
        "count": 402000
    },
    "obs_running_stats": {
        "mean": [
            -4.253964922514314e-12,
            2.3956014076522866e-12,
            0.13050477042886777,
            3.651841498793791e-12,
            -4.925848444104104e-12,
            -0.01919343762737624,
            -4.98430717903999e-12,
            -3.086971518852686e-12,
            0.010083914359002796,
            0.4710810945204578,
            0.24178516605889447,
            -0.17700131785621206,
            0.06839383812681891,
            0.05074355930400975,
            0.1702762124995909,
            0.6215396448106313,
            0.4661970218757952,
            0.9796074995809615,
            0.9772406424477318,
            0.9772642916793873,
            0.9449042706404132,
            0.9436184818965506,
            0.9775603069465223,
            0.97734751769562,
            0.9766951890091135,
            0.9775640131837953,
            0.9764483308335462,
            0.9761474094379735,
            0.9756237593861121,
            0.9748994503950392,
            0.9737347540547987,
            0.9745067223085392,
            0.9411993523363589,
            0.9736109229840153,
            0.9736109103090743,
            0.9411993523363599,
            0.9745067349835224,
            0.9737347667298372,
            0.9748994630700041,
            0.975623772060972,
            0.9761474094379757,
            0.9764483435084493,
            0.9775640258588202,
            0.976695189009091,
            0.9773475303704781,
            0.9775603069465266,
            0.9436184818965097,
            0.9449042579654932,
            0.9772643043545294,
            0.9772406551225284,
            0.9796075122560702,
            -0.014374101824243903,
            0.004152370097921723,
            0.07319761553826235,
            0.060694416867519606,
            0.008269496634723508,
            -0.007983245766344458,
            0.007313936196719566,
            0.005674094659170855,
            0.5901475197507365,
            -0.00168082121626701,
            0.0012587092954011896,
            -0.007491069164656195,
            0.02405400301130252,
            -0.027195677839376958,
            0.04897010597576062,
            0.1160034784577574,
            0.42856172540031967,
            0.5013955047930096,
            0.000734736581164505,
            0.01437409825940749,
            -0.004152370196944729,
            0.07319761078516619,
            -0.060694416471430056,
            -0.008269495347423645,
            -0.007983249727272075,
            -0.007313934216255948,
            -0.005674093767962707,
            0.5901475070757208,
            0.0016808203250581744,
            -0.0012587095243928174,
            -0.007491067184192278,
            -0.024054004199576956,
            0.027195682592488425,
            0.04897010597575164,
            0.11600349113276501,
            0.42856172223154093,
            0.501395514299237,
            0.0007347365842590918
        ],
        "var": [
            6851356.69198671,
            5022036.736801857,
            511425.0518248373,
            937762.7307797096,
            1048962.4015530224,
            486088.13383545144,
            6542732.334303813,
            6285496.129625466,
            2971877.568703147,
            5207911.035783843,
            4802779.656166213,
            3741507.046004229,
            4746580.948846095,
            2037693.1507027952,
            2700357.193344681,
            4502419.649313236,
            4777662.59797622,
            283181.8586094555,
            326326.8934401143,
            326648.81267570436,
            856721.4061668542,
            876681.5636509891,
            317299.7346537702,
            321847.6806504429,
            327072.55841152946,
            318611.63995280437,
            340661.12135993375,
            339183.13430647564,
            348119.6436578568,
            356885.68025355815,
            375225.9046130303,
            363967.3105314939,
            915550.6786419677,
            376984.54988214927,
            376984.5516671401,
            915550.6708295586,
            363967.30961651215,
            375225.8872044021,
            356885.67541073944,
            348119.63947420905,
            339183.1343064828,
            340661.11484725395,
            318611.63658785215,
            327072.55841151916,
            321847.43860032,
            317299.7346537685,
            876681.5558384013,
            856721.3729507352,
            326648.8061309959,
            326326.03906464454,
            283181.776624002,
            6553443.359107198,
            4895426.705135178,
            345747.7962371014,
            8202095.313450802,
            8861191.196168846,
            2009918.7573542073,
            3108876.814986983,
            2893099.860402112,
            6467285.439351654,
            1766451.8174046825,
            2076157.968368368,
            290601.24972217105,
            2654167.552409873,
            2641599.4708831585,
            1206940.413172155,
            1102662.9949944995,
            4687052.812450534,
            4795827.866584014,
            14059.60675604047,
            6553442.857396934,
            4895426.8926473735,
            345747.7893209878,
            8202095.064064409,
            8861190.821771374,
            2009918.8142852962,
            3108876.7540833103,
            2893100.048342598,
            6467286.100788653,
            1766451.6923057318,
            2076158.0308598448,
            290601.2651114732,
            2654167.364363018,
            2641599.468552575,
            1206940.4444217535,
            1102663.013591376,
            4687052.852360366,
            4795827.820403292,
            14059.606755968853
        ],
        "shape": [
            89
        ],
        "count": 19156912
    },
    "wandb_run_id": "qwkk58u3",
    "wandb_project": "rlgym-ppo",
    "wandb_entity": "gashfraude-epsi",
    "wandb_group": "unnamed-runs",
    "wandb_config": {
        "n_proc": 48,
        "min_inference_size": 36,
        "timestep_limit": 1e+16,
        "exp_buffer_size": 150000,
        "ts_per_iteration": 50000,
        "standardize_returns": true,
        "standardize_obs": true,
        "policy_layer_sizes": [
            512,
            512,
            256
        ],
        "critic_layer_sizes": [
            512,
            512,
            256
        ],
        "ppo_epochs": 2,
        "ppo_batch_size": 50000,
        "ppo_minibatch_size": 50000,
        "ppo_ent_coef": 0.01,
        "ppo_clip_range": 0.2,
        "gae_lambda": 0.95,
        "gae_gamma": 0.99,
        "policy_lr": 0.0002,
        "critic_lr": 0.0002,
        "shm_buffer_size": 8192
    }
}