{
    "cumulative_timesteps": 800431288,
    "cumulative_model_updates": 95744,
    "policy_average_reward": 201.2224489427334,
    "epoch": 15969,
    "ts_since_last_save": 450280,
    "reward_running_stats": {
        "mean": [
            9.827856192687626
        ],
        "var": [
            6847842205.430159
        ],
        "shape": [
            1
        ],
        "count": 2399550
    },
    "obs_running_stats": {
        "mean": [
            -7.126776349967818e-13,
            4.013412407286207e-13,
            0.12038674439436083,
            6.118023551414187e-13,
            -8.252399981237256e-13,
            -0.010325787623506796,
            -8.350337334972278e-13,
            -5.171682402806994e-13,
            0.009571787757655048,
            0.6352194204041434,
            0.3360396473356171,
            -0.030271971360834253,
            -0.19187309253206675,
            0.0380853017444181,
            0.11627150143892086,
            0.4375185009036855,
            0.1878491078427178,
            0.9792521175036454,
            0.9746049747401009,
            0.9760108226376931,
            0.9289193079751606,
            0.936053351134396,
            0.9795158411380149,
            0.9796514595740381,
            0.9800781102760476,
            0.9765011244762789,
            0.9778853883681876,
            0.9800028679413274,
            0.9801214668996012,
            0.9795926002551305,
            0.9792975346351334,
            0.9796433800964748,
            0.9293732685191879,
            0.9793383469253426,
            0.9793383448017596,
            0.9293732685191598,
            0.9796433822199071,
            0.9792975367589387,
            0.9795926023786639,
            0.9801214690231139,
            0.9800028679413717,
            0.9778853904913795,
            0.9765011265995602,
            0.9800781102760129,
            0.979651461697559,
            0.979515841137915,
            0.9360533511342582,
            0.9289193058518127,
            0.9760108247610442,
            0.9746049768636891,
            0.9792521196269622,
            -0.018085657515457577,
            0.014858343998801794,
            0.05387185640450295,
            0.0746098654183909,
            0.0009980393267212282,
            -0.011524115106782605,
            0.012660793525545201,
            0.01392738039558183,
            0.6040473058394213,
            -0.0015841657657352352,
            0.002183583998038021,
            -0.0038445699217255786,
            0.04365838783104472,
            -0.06214752773389956,
            0.03680198335075658,
            0.18032891984924548,
            0.5075633052463269,
            0.5769442582018397,
            0.0007188470127342016,
            0.01808565691823919,
            -0.014858344015394178,
            0.0538718556082025,
            -0.07460986535208197,
            -0.0009980391110566377,
            -0.011524115770366153,
            -0.01266079319375362,
            -0.01392738024625592,
            0.6040473037163852,
            0.001584165616430179,
            -0.00218358403640154,
            -0.0038445695899346466,
            -0.04365838803014259,
            0.06214752853015019,
            0.03680198335074287,
            0.18032892197267122,
            0.5075633047154089,
            0.576944259794154,
            0.0007188470132525403
        ],
        "var": [
            40512968.30394605,
            35487276.74975496,
            2329447.184784515,
            6621726.5829651,
            11857630.534400972,
            2363503.3660071935,
            47110261.16357094,
            35061844.26460713,
            19702651.53718288,
            27351663.245497897,
            46547524.33162984,
            44543842.319706775,
            46035676.23548848,
            13373730.182967689,
            11743299.938970968,
            28136619.241837554,
            17455370.98348332,
            2223733.68573148,
            2730362.4794726763,
            2578300.5471151057,
            7409564.776375778,
            6702029.616077369,
            2191400.7480005133,
            2177181.7248442736,
            2123662.5618487294,
            2522343.415598627,
            2372935.8132287045,
            2134034.5425513405,
            2120402.6334058833,
            2174017.9137747013,
            2203545.1647657063,
            2168386.8825740064,
            7360949.74058779,
            2198582.754924267,
            2198582.759489719,
            7360949.732774583,
            2168386.87916475,
            2203545.1446557655,
            2174017.9066540687,
            2120402.6270384043,
            2134034.5425514537,
            2372935.8060186156,
            2522343.412749341,
            2123662.5618486204,
            2177181.481675716,
            2191400.748000436,
            6702029.608265114,
            7409564.735393784,
            2578300.5411794484,
            2730361.626376718,
            2223733.6039179037,
            39456390.859215595,
            33570728.23973186,
            1284304.4797827082,
            46038337.092810765,
            54954734.2891322,
            12691890.00481286,
            17193253.55453509,
            16904157.985766113,
            38473028.70749227,
            9747831.742992396,
            15035042.652826972,
            1192285.7804527227,
            16143208.771315854,
            15929935.173142938,
            9792183.605666066,
            9855507.759804353,
            28575898.63475568,
            27916501.692369584,
            82133.8603911886,
            39456390.358028695,
            33570728.42721094,
            1284304.4693459151,
            46038336.84363532,
            54954733.91437339,
            12691890.061203837,
            17193253.49403496,
            16904158.173989125,
            38473029.375660814,
            9747831.61789316,
            15035042.715308355,
            1192285.7955654997,
            16143208.582375191,
            15929935.164449438,
            9792183.636918806,
            9855507.747169202,
            28575898.684245914,
            27916501.618673272,
            82133.86039111862
        ],
        "shape": [
            89
        ],
        "count": 114347396
    },
    "wandb_run_id": "qwkk58u3",
    "wandb_project": "rlgym-ppo",
    "wandb_entity": "gashfraude-epsi",
    "wandb_group": "unnamed-runs",
    "wandb_config": {
        "n_proc": 48,
        "min_inference_size": 36,
        "timestep_limit": 1e+16,
        "exp_buffer_size": 150000,
        "ts_per_iteration": 50000,
        "standardize_returns": true,
        "standardize_obs": true,
        "policy_layer_sizes": [
            512,
            512,
            256
        ],
        "critic_layer_sizes": [
            512,
            512,
            256
        ],
        "ppo_epochs": 2,
        "ppo_batch_size": 50000,
        "ppo_minibatch_size": 50000,
        "ppo_ent_coef": 0.01,
        "ppo_clip_range": 0.2,
        "gae_lambda": 0.95,
        "gae_gamma": 0.99,
        "policy_lr": 0.0002,
        "critic_lr": 0.0002,
        "shm_buffer_size": 8192
    }
}