{
    "cumulative_timesteps": 617160248,
    "cumulative_model_updates": 73786,
    "policy_average_reward": -338.6464515967737,
    "epoch": 12308,
    "ts_since_last_save": 400222,
    "reward_running_stats": {
        "mean": [
            11.923040010561989
        ],
        "var": [
            4776752554.359782
        ],
        "shape": [
            1
        ],
        "count": 1850100
    },
    "obs_running_stats": {
        "mean": [
            -9.243131805119386e-13,
            5.205228577172703e-13,
            0.12158886816516615,
            7.93482151413587e-13,
            -1.0703018792885598e-12,
            -0.010710990946786982,
            -1.0830039459553921e-12,
            -6.707456472676593e-13,
            -0.0031227436051273257,
            0.6304288620377292,
            0.3537838916950882,
            -0.1346831614076932,
            -0.10963727841124662,
            0.04143271355377499,
            0.14299556372939903,
            0.5332902843025856,
            0.2167028661371632,
            0.979596341357948,
            0.9752042802955285,
            0.9768381339023167,
            0.9273922945003187,
            0.9383700774577736,
            0.9799761723410975,
            0.9800050113512948,
            0.98034936697651,
            0.9758297810112201,
            0.9777708389804265,
            0.9802029069906775,
            0.9801991468267479,
            0.9795890178402749,
            0.9794707295391902,
            0.9796218258211665,
            0.928833422175526,
            0.9794835778182824,
            0.9794835750642429,
            0.9288334221755291,
            0.9796218285750975,
            0.9794707322933505,
            0.979589020594375,
            0.9801991495808758,
            0.9802029069907305,
            0.9777708417342239,
            0.9758297837651637,
            0.9803493669764799,
            0.9800050141053456,
            0.9799761723410328,
            0.938370077457647,
            0.927392291746123,
            0.9768381366563276,
            0.975204283049731,
            0.9795963441120247,
            -0.01729565833482327,
            0.010308224656722683,
            0.055813449909934164,
            0.09408862365945718,
            0.002487681518345673,
            -0.02146102939517448,
            0.011881214905750743,
            0.021192031448872817,
            0.5510508302390296,
            -0.0019633651044960207,
            0.001756914752866409,
            -0.0035953057458168276,
            0.05354352154275047,
            -0.07327070457003546,
            0.03438112716462095,
            0.13635142572934367,
            0.4113266392510342,
            0.4864239179045366,
            0.0009146547063163596,
            0.017295657560256156,
            -0.01030822467823874,
            0.05581344887716219,
            -0.09408862357344289,
            -0.0024876812386376624,
            -0.021461030255813852,
            -0.011881214475431025,
            -0.02119203125522174,
            0.551050827485304,
            0.0019633649108528255,
            -0.0017569148026225629,
            -0.003595305315496963,
            -0.05354352180094433,
            0.07327070560278037,
            0.03438112716460063,
            0.13635142848335635,
            0.4113266385623466,
            0.48642391996977047,
            0.0009146547069885583
        ],
        "var": [
            31774019.570160903,
            26959363.5392162,
            1863509.4094861078,
            5115070.213056725,
            8826690.75152553,
            1857910.8070383884,
            35752874.19997021,
            27576752.215041157,
            15151540.778124161,
            21738579.35626936,
            33544367.326016728,
            31510809.466294456,
            32157897.75136295,
            10103458.557816343,
            10798356.447032345,
            21939921.69770648,
            14975831.744179616,
            1662692.088092591,
            2032179.159858036,
            1895791.760177182,
            5796127.430683331,
            4956260.403468532,
            1627137.5924947264,
            1625352.1040011845,
            1589497.9486265501,
            1977931.2939878032,
            1816396.22745211,
            1604013.0039957145,
            1603720.1943029317,
            1650926.651167517,
            1658102.9831093664,
            1648090.9063219172,
            5683275.177565529,
            1656528.0317671378,
            1656528.0364041128,
            5683275.169752615,
            1648090.9029234708,
            1658102.9629151875,
            1650926.6440477266,
            1603720.1878970077,
            1604013.003995647,
            1816396.2202974914,
            1977931.291464967,
            1589497.9486264945,
            1625351.860660563,
            1627137.5924946412,
            4956260.395655558,
            5796127.388961491,
            1895791.7538400083,
            2032178.3064713979,
            1662692.0061120694,
            30806883.10757816,
            25728485.641599447,
            970203.0077918359,
            35834847.438969284,
            40983926.203968406,
            10514787.831757056,
            14603796.033234067,
            14209704.442942638,
            32513957.801881127,
            7563441.921880726,
            11529608.458999855,
            935339.257853943,
            14605102.267400209,
            14314069.461271398,
            8032064.233308078,
            6075777.569706142,
            21343801.45154561,
            22031842.830304928,
            80562.18945215903,
            30806882.606275428,
            25728485.82909729,
            970202.9977093195,
            35834847.1900686,
            40983925.82927936,
            10514787.886641074,
            14603795.97267622,
            14209704.631415602,
            32513958.44432832,
            7563441.796795128,
            11529608.521482138,
            935339.2729474199,
            14605102.078009943,
            14314069.450551845,
            8032064.264558122,
            6075777.5784217,
            21343801.489342127,
            22031842.789574027,
            80562.18945206527
        ],
        "shape": [
            89
        ],
        "count": 88165822
    },
    "wandb_run_id": "qwkk58u3",
    "wandb_project": "rlgym-ppo",
    "wandb_entity": "gashfraude-epsi",
    "wandb_group": "unnamed-runs",
    "wandb_config": {
        "n_proc": 48,
        "min_inference_size": 36,
        "timestep_limit": 1e+16,
        "exp_buffer_size": 150000,
        "ts_per_iteration": 50000,
        "standardize_returns": true,
        "standardize_obs": true,
        "policy_layer_sizes": [
            512,
            512,
            256
        ],
        "critic_layer_sizes": [
            512,
            512,
            256
        ],
        "ppo_epochs": 2,
        "ppo_batch_size": 50000,
        "ppo_minibatch_size": 50000,
        "ppo_ent_coef": 0.01,
        "ppo_clip_range": 0.2,
        "gae_lambda": 0.95,
        "gae_gamma": 0.99,
        "policy_lr": 0.0002,
        "critic_lr": 0.0002,
        "shm_buffer_size": 8192
    }
}