{
    "cumulative_timesteps": 176633698,
    "cumulative_model_updates": 21048,
    "policy_average_reward": 2056.9134003256936,
    "epoch": 3514,
    "ts_since_last_save": 500438,
    "reward_running_stats": {
        "mean": [
            21.820196306253283
        ],
        "var": [
            630141834.8692144
        ],
        "shape": [
            1
        ],
        "count": 529500
    },
    "obs_running_stats": {
        "mean": [
            -3.229553628121348e-12,
            1.8187087516989895e-12,
            0.13315813264139445,
            2.772429526850881e-12,
            -3.739638668377227e-12,
            -0.016276083508855347,
            -3.78401974427699e-12,
            -2.3435877514926022e-12,
            0.012523748625331722,
            0.5265210553375027,
            0.25540868118860294,
            -0.18839096457442117,
            0.07795904287907578,
            0.05681522716632046,
            0.1359744800238051,
            0.68375708989591,
            0.37809678316630646,
            0.9790771772698174,
            0.9761822252318938,
            0.9765690546215287,
            0.9389218651564432,
            0.9383894079103889,
            0.9782814130594084,
            0.9782082806187911,
            0.9781268568761491,
            0.9765494670819782,
            0.9752587593921218,
            0.9775505283985713,
            0.976993826518828,
            0.9764525404503334,
            0.9761224238782426,
            0.976112458061548,
            0.9360334472942804,
            0.9758252304239107,
            0.9758252208013436,
            0.9360334472943019,
            0.9761124676841021,
            0.9761224335010484,
            0.976452550072915,
            0.9769938361414418,
            0.9775505283985894,
            0.9752587690147478,
            0.9765494767045716,
            0.9781268568761503,
            0.9782082902414145,
            0.9782814130593985,
            0.9383894079103929,
            0.9389218555338467,
            0.9765690642443184,
            0.9761822348545276,
            0.9790771868925625,
            -0.013845069132372687,
            0.0022923871110077628,
            0.06923418870994436,
            0.053811647263270986,
            0.004763465718148871,
            -0.0029475000420182587,
            0.009725716570403506,
            0.005285460584611777,
            0.6232101313861649,
            -0.0015064536223485928,
            0.001575895708984488,
            -0.006450270449183833,
            0.01918279634005292,
            -0.030211535497058406,
            0.05805827310826038,
            0.1039148004056802,
            0.5067358665694999,
            0.5722489158847943,
            0.0013598720060316388,
            0.013845066425995105,
            -0.0022923871861839844,
            0.06923418510146677,
            -0.05381164696256375,
            -0.004763464740848368,
            -0.002947503049101908,
            -0.009725715066864754,
            -0.005285459908018826,
            0.6232101217633642,
            0.0015064529457550042,
            -0.001575895882832037,
            -0.006450268945642372,
            -0.019182797242177207,
            0.03021153910555732,
            0.05805827310824332,
            0.10391481002838945,
            0.5067358641638673,
            0.5722489231017842,
            0.0013598720083809208
        ],
        "var": [
            9218887.792298809,
            6819696.277301252,
            667022.7680738576,
            1428577.6304724324,
            1674885.5925020264,
            638719.3505899116,
            8757957.59591398,
            8281748.249303443,
            4178869.885641086,
            5907734.263243864,
            6578041.592835431,
            5442677.268691274,
            6320839.991296589,
            2544210.7325688414,
            2958390.433253237,
            5452491.784218711,
            5943711.323714283,
            417400.0225929314,
            486941.34883870656,
            478395.8536478857,
            1306487.5493902434,
            1316349.1715934956,
            433203.45207353466,
            435623.91787070484,
            430891.39172411524,
            476312.1451541182,
            508970.9627975532,
            446901.25293893286,
            459699.03168586124,
            468298.7307564488,
            473407.9781411307,
            476411.94009409583,
            1366196.7374699002,
            480058.17594071745,
            480058.1788009054,
            1366196.729657599,
            476411.93839937425,
            473407.9595729473,
            468298.7251594621,
            459699.02683690435,
            446901.25293894357,
            508970.95686252957,
            476312.14228185883,
            430891.3917240995,
            435623.675402594,
            433203.45207352017,
            1316349.1637808133,
            1306487.5132689863,
            478395.8474408057,
            486940.49497721187,
            417399.9408650241,
            8875781.743056327,
            6659088.0064779585,
            435726.8650781128,
            10751931.383055275,
            11808699.699433072,
            2588369.4577206597,
            3877337.8185074287,
            3507614.1234754985,
            8030822.41107133,
            2486266.917365714,
            2958663.823988355,
            388413.5860513509,
            3151473.0694605038,
            3179386.092959515,
            1581043.6384575625,
            1340191.1134540136,
            6302812.325621376,
            6183287.356696869,
            34262.2853478493,
            8875781.241271326,
            6659088.193998493,
            435726.85744019755,
            10751931.13356376,
            11808699.32486204,
            2588369.5154160433,
            3877337.7577862954,
            3507614.3114025844,
            8030823.088563874,
            2486266.792261213,
            2958663.8864772595,
            388413.601361696,
            3151472.881635097,
            3179386.090079973,
            1581043.6697069781,
            1340191.1379213347,
            6302812.375021949,
            6183287.2847104585,
            34262.28534770285
        ],
        "shape": [
            89
        ],
        "count": 25233466
    },
    "wandb_run_id": "qwkk58u3",
    "wandb_project": "rlgym-ppo",
    "wandb_entity": "gashfraude-epsi",
    "wandb_group": "unnamed-runs",
    "wandb_config": {
        "n_proc": 48,
        "min_inference_size": 36,
        "timestep_limit": 1e+16,
        "exp_buffer_size": 150000,
        "ts_per_iteration": 50000,
        "standardize_returns": true,
        "standardize_obs": true,
        "policy_layer_sizes": [
            512,
            512,
            256
        ],
        "critic_layer_sizes": [
            512,
            512,
            256
        ],
        "ppo_epochs": 2,
        "ppo_batch_size": 50000,
        "ppo_minibatch_size": 50000,
        "ppo_ent_coef": 0.01,
        "ppo_clip_range": 0.2,
        "gae_lambda": 0.95,
        "gae_gamma": 0.99,
        "policy_lr": 0.0002,
        "critic_lr": 0.0002,
        "shm_buffer_size": 8192
    }
}