{"_step":9172,"SB3 Clip Fraction":0.13150999695062637,"Policy Entropy":0.4052436153093974,"Policy Update Magnitude":0.041521575301885605,"_runtime":84489,"Timesteps Collected":50036,"episode_touches":0,"Policy Reward":319.2837819099482,"Collected Steps per Second":11149.58764652486,"Mean KL Divergence":0.010127818211913109,"Timestep Consumption Time":1.4600890129804611,"_wandb":{"runtime":84489},"episode_goals":0,"y_vel":-59.860896921194644,"Value Function Loss":0.09326892346143723,"total_goals":0,"Total Iteration Time":5.9477886110544205,"z_vel":-4.24551116292599,"PPO Batch Consumption Time":0.05509491761525472,"Timestep Collection Time":4.487699598073959,"x_vel":13.67924142039995,"Cumulative Timesteps":224033624,"Cumulative Model Updates":26704,"_timestamp":1.7630562053215234e+09,"Value Function Update Magnitude":0.052235931158065796,"Overall Steps per Second":8412.538385611799,"total_touches":0}