{
    "cumulative_timesteps": 135599118,
    "cumulative_model_updates": 16172,
    "policy_average_reward": 198.85200675778876,
    "epoch": 2700,
    "ts_since_last_save": 500640,
    "reward_running_stats": {
        "mean": [
            16.887362700216283
        ],
        "var": [
            291268301.934122
        ],
        "shape": [
            1
        ],
        "count": 406500
    },
    "obs_running_stats": {
        "mean": [
            -4.206865468869879e-12,
            2.3690775612015826e-12,
            0.13048659995438908,
            3.6114086925331213e-12,
            -4.871309966402455e-12,
            -0.019227793053154026,
            -4.929121451329445e-12,
            -3.0527928934700537e-12,
            0.009750855100142303,
            0.47264754074089593,
            0.2432584106071128,
            -0.17527799481110815,
            0.06871280141891446,
            0.05097792892656377,
            0.16955631054601653,
            0.6235877900423609,
            0.46254947748905145,
            0.9797108862096795,
            0.9773376608593787,
            0.9773709081508632,
            0.9451561793491651,
            0.943835740195504,
            0.9776315883820158,
            0.977416870442103,
            0.9767752229793994,
            0.977682746304159,
            0.9765697116378951,
            0.9762224611466264,
            0.9756935616736369,
            0.9749604432137324,
            0.9737628014700789,
            0.9745834203262184,
            0.9414317282943887,
            0.9736608355850324,
            0.9736608230504346,
            0.9414317282943786,
            0.9745834328608499,
            0.9737628140047818,
            0.9749604557483592,
            0.9756935742081617,
            0.9762224611466213,
            0.976569724172454,
            0.9776827588388358,
            0.9767752229793736,
            0.9774168829766297,
            0.9776315883820239,
            0.9438357401954558,
            0.9451561668145733,
            0.9773709206856532,
            0.977337673393834,
            0.9797108987444602,
            -0.014608872811819516,
            0.004056068729256022,
            0.07306926623929971,
            0.06074829260471131,
            0.008134302287899926,
            -0.00808300192054672,
            0.007403069651022162,
            0.00571193127759352,
            0.5903641438658093,
            -0.0017047118675880028,
            0.0012348369273294875,
            -0.007522568725136642,
            0.023941223006261957,
            -0.027477475183912477,
            0.049328866833317726,
            0.11545556266184347,
            0.4287716193862254,
            0.5017652095443543,
            0.0007316606618600557,
            0.01460886928645253,
            -0.004056068827182739,
            0.07306926153882772,
            -0.060748292213007565,
            -0.00813430101485286,
            -0.008083005837619252,
            -0.00740306769248612,
            -0.005711930396252693,
            0.5903641313311324,
            0.0017047109862465086,
            -0.0012348371537857963,
            -0.0075225667666002785,
            -0.023941224181380033,
            0.02747747988439875,
            0.04932886683331013,
            0.115455575196514,
            0.4287716162525296,
            0.5017652189453183,
            0.0007316606649203807
        ],
        "var": [
            6926137.411484172,
            5075944.948015123,
            517381.98673131404,
            946052.1611159777,
            1057724.3178712705,
            491618.95668123,
            6610257.736023948,
            6350672.296139244,
            3001333.980592331,
            5276815.561127119,
            4898857.633294223,
            3817384.1183411125,
            4828226.048514595,
            2056767.8430711091,
            2721452.755631267,
            4543145.370960117,
            4826002.396354897,
            285545.1418655903,
            329303.16102941846,
            329442.6386723125,
            863543.8351661813,
            884357.4243987261,
            320685.60838822497,
            325313.3966860481,
            330476.2104033995,
            321118.61100830603,
            343352.6238393171,
            342792.3552354328,
            351934.027721153,
            361011.7923730334,
            380196.4696381766,
            367885.55891213904,
            923447.4472613763,
            381579.17266176257,
            381579.1744710006,
            923447.439448977,
            367885.5579599043,
            380196.45221592375,
            361011.7875005955,
            351934.02350361313,
            342792.3552354392,
            343352.6172676798,
            321118.6075856904,
            330476.2104033925,
            325313.154602244,
            320685.60838821984,
            884357.4165861266,
            863543.8020723776,
            329442.63207582367,
            329302.3066068376,
            285545.0598299335,
            6619255.095531321,
            4942810.555465511,
            349781.79335288936,
            8295390.0119178435,
            8962101.975906765,
            2029258.0169340672,
            3138914.953130684,
            2921824.2187371748,
            6543297.88418867,
            1780316.465372385,
            2092475.207853598,
            292997.34175359836,
            2688217.2160599255,
            2674741.9577537584,
            1224914.3826727879,
            1110324.0189726453,
            4740157.813429607,
            4849424.312830589,
            14157.578347733468,
            6619254.593852776,
            4942810.742978196,
            349781.7864133982,
            8295389.762532545,
            8962101.601502772,
            2029258.0738500631,
            3138914.8922338947,
            2921824.406678911,
            6543298.545730801,
            1780316.3402742508,
            2092475.2703452997,
            292997.3571452974,
            2688217.0280182264,
            2674741.955371853,
            1224914.4139223257,
            1110324.0378355887,
            4740157.853364864,
            4849424.266515116,
            14157.57834766221
        ],
        "shape": [
            89
        ],
        "count": 19371390
    },
    "wandb_run_id": "qwkk58u3",
    "wandb_project": "rlgym-ppo",
    "wandb_entity": "gashfraude-epsi",
    "wandb_group": "unnamed-runs",
    "wandb_config": {
        "n_proc": 48,
        "min_inference_size": 36,
        "timestep_limit": 1e+16,
        "exp_buffer_size": 150000,
        "ts_per_iteration": 50000,
        "standardize_returns": true,
        "standardize_obs": true,
        "policy_layer_sizes": [
            512,
            512,
            256
        ],
        "critic_layer_sizes": [
            512,
            512,
            256
        ],
        "ppo_epochs": 2,
        "ppo_batch_size": 50000,
        "ppo_minibatch_size": 50000,
        "ppo_ent_coef": 0.01,
        "ppo_clip_range": 0.2,
        "gae_lambda": 0.95,
        "gae_gamma": 0.99,
        "policy_lr": 0.0002,
        "critic_lr": 0.0002,
        "shm_buffer_size": 8192
    }
}