{
    "cumulative_timesteps": 50026616,
    "cumulative_model_updates": 5970,
    "policy_average_reward": 440.0970453152151,
    "epoch": 997,
    "ts_since_last_save": 500206,
    "reward_running_stats": {
        "mean": [
            11.879672313918945
        ],
        "var": [
            37860333.662967175
        ],
        "shape": [
            1
        ],
        "count": 150000
    },
    "obs_running_stats": {
        "mean": [
            -1.1402778768935796e-11,
            6.42142407174216e-12,
            0.1501564018930119,
            9.788783249338914e-12,
            -1.3203766580336456e-11,
            -0.029442247505882823,
            -1.3360465590122588e-11,
            -8.274645878054625e-12,
            0.0008439366636798633,
            0.22330053399591065,
            0.06776499214592666,
            0.05134430016883438,
            0.14344294630165272,
            -0.05979770735724193,
            0.32120359270166443,
            0.3850150781991664,
            0.6120586418469781,
            0.9730824105851017,
            0.972533255693373,
            0.9728857299716732,
            0.9459171048725288,
            0.9454962505016742,
            0.9699611480666154,
            0.970178115864925,
            0.9677033408560345,
            0.9722946556602374,
            0.9721925073552423,
            0.9680254780956561,
            0.967808383958057,
            0.9662425644636926,
            0.962911542861899,
            0.9658560311976591,
            0.9407426152698598,
            0.9630913139066624,
            0.963091279931365,
            0.94074261526985,
            0.9658560651729401,
            0.9629115768371023,
            0.9662425984390904,
            0.9678084179333449,
            0.9680254780956423,
            0.9721925413305808,
            0.9722946896355931,
            0.9677033408560473,
            0.9701781498402278,
            0.9699611480666223,
            0.9454962505017079,
            0.945917070897312,
            0.9728857639469947,
            0.9725332896688097,
            0.9730824445605637,
            -0.017099809061021626,
            0.012912947134174025,
            0.09844063627667839,
            0.033575024612983784,
            -0.0007403144963337847,
            0.003917586393684156,
            -0.005929966682965167,
            -0.0023074816297748517,
            0.5179255691901476,
            -0.0024766836593854177,
            0.0023022512941611104,
            -0.010658683325699882,
            0.015094084386147722,
            -0.015203598365673908,
            0.012552022829607436,
            0.1895577629970895,
            0.19033684953131788,
            0.2926274148754018,
            0.00030423387135189244,
            0.017099799505459277,
            -0.012912947399606304,
            0.09844062353593089,
            -0.033575023551253795,
            0.0007403179469531285,
            0.0039175757763954995,
            0.005929971991610743,
            0.0023074840186649514,
            0.5179255352148726,
            0.002476681270495867,
            -0.0023022519079734776,
            -0.010658678017055499,
            -0.015094087571332925,
            0.015203611106422328,
            0.012552022829607965,
            0.18955779697241174,
            0.19033684103749313,
            0.292627440356889,
            0.00030423387964666416
        ],
        "var": [
            2356253.9585636146,
            1721436.2708920278,
            245043.21024428614,
            305375.16597536433,
            319013.1561884544,
            233358.21534811702,
            2190396.0525908154,
            2171091.0982530722,
            964788.9468769847,
            1483116.176170479,
            890239.183406368,
            974303.8219645221,
            1176892.9377307214,
            642517.7010080707,
            1552045.5842878502,
            1688372.3433364911,
            1707269.3176009408,
            87686.11202476732,
            91157.28355354584,
            89530.08351964249,
            225022.00672298486,
            225777.44239343112,
            105302.2552611496,
            104499.83528104734,
            114390.35707355312,
            90967.97434902038,
            93316.82528410375,
            114347.75902026372,
            115188.52184232725,
            121218.07039023851,
            140511.8113454865,
            123731.7664358849,
            253749.63755347594,
            138833.43428249878,
            138833.43095896998,
            253749.6297409891,
            123731.76972176264,
            140511.7991928711,
            121218.06975148334,
            115188.52145400125,
            114347.75902026493,
            93316.82083808389,
            90967.97354305077,
            114390.35707354837,
            104499.59671270085,
            105302.25526114929,
            225777.43458093196,
            225021.97399883138,
            89530.07910129674,
            91156.43146403017,
            87686.03320807338,
            2303500.420924622,
            1739191.160454027,
            159580.59414445548,
            3015630.1518720947,
            3137260.933496195,
            975085.5441699281,
            1377927.7180729266,
            1328302.825372336,
            2508985.865582894,
            627233.9587696636,
            729842.55367715,
            144754.88985822292,
            1140117.8318825688,
            1143014.5903641563,
            438937.5942694126,
            572627.8970036373,
            1096967.6133916122,
            1485990.616617357,
            2168.286891259365,
            2303499.9195861844,
            1739191.3479331115,
            159580.59182540837,
            3015629.9020769275,
            3137260.5586540606,
            975085.602906815,
            1377927.656164322,
            1328303.0130404267,
            2508986.4919481967,
            627233.8336976275,
            729842.6161592201,
            144754.90548786355,
            1140117.6442432192,
            1143014.5902173286,
            438937.6255193903,
            572627.8798804663,
            1096967.6243790467,
            1485990.646475108,
            2168.2868912385375
        ],
        "shape": [
            89
        ],
        "count": 7146752
    },
    "wandb_run_id": "qwkk58u3",
    "wandb_project": "rlgym-ppo",
    "wandb_entity": "gashfraude-epsi",
    "wandb_group": "unnamed-runs",
    "wandb_config": {
        "n_proc": 48,
        "min_inference_size": 36,
        "timestep_limit": 1e+16,
        "exp_buffer_size": 150000,
        "ts_per_iteration": 50000,
        "standardize_returns": true,
        "standardize_obs": true,
        "policy_layer_sizes": [
            512,
            512,
            256
        ],
        "critic_layer_sizes": [
            512,
            512,
            256
        ],
        "ppo_epochs": 2,
        "ppo_batch_size": 50000,
        "ppo_minibatch_size": 50000,
        "ppo_ent_coef": 0.01,
        "ppo_clip_range": 0.2,
        "gae_lambda": 0.95,
        "gae_gamma": 0.99,
        "policy_lr": 0.0002,
        "critic_lr": 0.0002,
        "shm_buffer_size": 8192
    }
}