{
    "cumulative_timesteps": 673197226,
    "cumulative_model_updates": 80496,
    "policy_average_reward": 169.56750097907715,
    "epoch": 13427,
    "ts_since_last_save": 500258,
    "reward_running_stats": {
        "mean": [
            11.080402448931242
        ],
        "var": [
            5466602641.656745
        ],
        "shape": [
            1
        ],
        "count": 2018100
    },
    "obs_running_stats": {
        "mean": [
            -8.473733593733261e-13,
            4.77194539643381e-13,
            0.12160124813658175,
            7.274327032665506e-13,
            -9.812099578435091e-13,
            -0.010572883418203982,
            -9.9285470518085e-13,
            -6.149127837663517e-13,
            0.0006286377543940172,
            0.633130213586329,
            0.3492547487090167,
            -0.12181261735134224,
            -0.13132159325575327,
            0.04225352634300036,
            0.1346585604190808,
            0.4966157847180992,
            0.20515645034851007,
            0.979418096978615,
            0.9749894000402795,
            0.9765514705585895,
            0.9275652794947865,
            0.93775471496371,
            0.9798380371599807,
            0.9798800208210289,
            0.9802477133533313,
            0.9759858301609489,
            0.9778585337477117,
            0.9801568361077122,
            0.9802024057421616,
            0.9796006499006301,
            0.9794163847256939,
            0.9796423208645437,
            0.9289237250222497,
            0.979469121762912,
            0.9794691192381282,
            0.928923725022205,
            0.979642323389225,
            0.9794163872506825,
            0.9796006524254459,
            0.9802024082669962,
            0.9801568361077451,
            0.9778585362722857,
            0.9759858326856287,
            0.9802477133532952,
            0.9798800233458448,
            0.9798380371599287,
            0.9377547149636165,
            0.9275652769699491,
            0.9765514730833458,
            0.9749894025652542,
            0.9794180995034822,
            -0.018151412281740758,
            0.010338910929562432,
            0.05501483470686262,
            0.08850694299362813,
            0.0007607177433222211,
            -0.019221218003228246,
            0.012177479787276499,
            0.01960764907855891,
            0.567459109661368,
            -0.0018989318674673258,
            0.0018568896333054183,
            -0.0036627310653825117,
            0.05013016935282637,
            -0.07024373635160623,
            0.03565824838159091,
            0.15774185851120603,
            0.44132711900727223,
            0.513604164953061,
            0.0008438219033913849,
            0.01815141157164729,
            -0.010338910949286255,
            0.05501483376005028,
            -0.08850694291477393,
            -0.0007607174868973924,
            -0.01922121879223335,
            -0.012177479392776433,
            -0.01960764890101903,
            0.5674591071370161,
            0.0018989316899431466,
            -0.0018568896789199919,
            -0.0036627306708829173,
            -0.05013016958953504,
            0.07024373729837417,
            0.03565824838157552,
            0.1577418610359831,
            0.441327118375947,
            0.5136041668463421,
            0.000843821904007696
        ],
        "var": [
            34487414.06871962,
            29547382.718105808,
            2015116.0226014226,
            5603383.969566497,
            9763753.179731555,
            2023540.9821971774,
            39194325.94918266,
            29910861.839109007,
            16624943.176330937,
            23339948.969030216,
            37362952.247822784,
            34366692.55188388,
            36270368.541516356,
            11152920.314273443,
            11200224.78606022,
            24037849.916035622,
            15692684.539446613,
            1839135.84205208,
            2245390.0295012137,
            2103198.1607818566,
            6320946.502137412,
            5471068.416321799,
            1796974.992594704,
            1793755.3946319493,
            1753106.521464921,
            2152459.7356711314,
            1982331.7413046751,
            1763611.9011175719,
            1758791.9437657718,
            1809914.238317329,
            1824083.277025068,
            1806008.8446304714,
            6204990.283057316,
            1818731.3536090886,
            1818731.3582389941,
            6204990.275244427,
            1806008.8412220234,
            1824083.2568575323,
            1809914.2311919825,
            1758791.937358279,
            1763611.9011175616,
            1982331.7341074813,
            2152459.733072508,
            1753106.521464966,
            1793755.1513520328,
            1796974.9925946204,
            5471068.4085093085,
            6320946.460498638,
            2103198.1545837857,
            2245389.1762187392,
            1839135.760158059,
            33439819.471149024,
            28130920.005851977,
            1061447.5851445827,
            39015313.187918745,
            45169994.544420056,
            11186250.395437298,
            15461026.537399122,
            15062093.945217824,
            34614554.44481764,
            8258095.750015299,
            12642041.859824741,
            1011849.8431453037,
            15236154.589408636,
            14970375.085046181,
            8630710.771358768,
            7558669.402923873,
            23707297.02062871,
            24031614.469432678,
            81077.47115115718,
            33439818.969967835,
            28130920.193352994,
            1061447.5749165658,
            39015312.93893996,
            45169994.169657424,
            11186250.450662123,
            15461026.476862323,
            15062094.133635461,
            34614555.095236376,
            8258095.624926274,
            12642041.922304364,
            1011849.8582439723,
            15236154.400173668,
            14970375.074876737,
            8630710.802609054,
            7558669.40125254,
            23707297.06207135,
            24031614.41880119,
            81077.47115107179
        ],
        "shape": [
            89
        ],
        "count": 96171104
    },
    "wandb_run_id": "qwkk58u3",
    "wandb_project": "rlgym-ppo",
    "wandb_entity": "gashfraude-epsi",
    "wandb_group": "unnamed-runs",
    "wandb_config": {
        "n_proc": 48,
        "min_inference_size": 36,
        "timestep_limit": 1e+16,
        "exp_buffer_size": 150000,
        "ts_per_iteration": 50000,
        "standardize_returns": true,
        "standardize_obs": true,
        "policy_layer_sizes": [
            512,
            512,
            256
        ],
        "critic_layer_sizes": [
            512,
            512,
            256
        ],
        "ppo_epochs": 2,
        "ppo_batch_size": 50000,
        "ppo_minibatch_size": 50000,
        "ppo_ent_coef": 0.01,
        "ppo_clip_range": 0.2,
        "gae_lambda": 0.95,
        "gae_gamma": 0.99,
        "policy_lr": 0.0002,
        "critic_lr": 0.0002,
        "shm_buffer_size": 8192
    }
}