{
    "cumulative_timesteps": 798479814,
    "cumulative_model_updates": 95510,
    "policy_average_reward": 90.09806814114248,
    "epoch": 15930,
    "ts_since_last_save": 500374,
    "reward_running_stats": {
        "mean": [
            9.834596014987055
        ],
        "var": [
            6825873084.726652
        ],
        "shape": [
            1
        ],
        "count": 2393700
    },
    "obs_running_stats": {
        "mean": [
            -7.144194086774624e-13,
            4.0232211277201707e-13,
            0.12040578798652386,
            6.132975911006244e-13,
            -8.272568724687154e-13,
            -0.010329816055649811,
            -8.370745434542742e-13,
            -5.184321916242873e-13,
            0.00952012073358561,
            0.6351817821670824,
            0.33621344202917625,
            -0.03162401547483202,
            -0.1908737162387898,
            0.03835308679255441,
            0.11650697727028253,
            0.4382562786303366,
            0.18804236827790383,
            0.9792580162675169,
            0.974605880546418,
            0.9760163215136357,
            0.928892876361943,
            0.9360779575991656,
            0.9795235942367277,
            0.9796528200990503,
            0.9800826525924848,
            0.976492742998828,
            0.9778865003685544,
            0.9800055782357576,
            0.980124458281498,
            0.9795969115574718,
            0.9792992662709791,
            0.9796468248721801,
            0.9293687145806635,
            0.9793366015112305,
            0.9793365993824392,
            0.9293687145806497,
            0.9796468270007899,
            0.9792992683999895,
            0.9795969136862213,
            0.9801244604101728,
            0.9800055782357973,
            0.9778865024969247,
            0.9764927451273081,
            0.9800826525924536,
            0.9796528222277937,
            0.9795235942366349,
            0.9360779575990467,
            0.9288928742334186,
            0.9760163236421917,
            0.9746058826751867,
            0.9792580183960583,
            -0.018091542392928223,
            0.014771279138079971,
            0.05388141995854789,
            0.07479541672120475,
            0.0009838134297913705,
            -0.011622535066254254,
            0.01264115769918487,
            0.014020851933237839,
            0.6035965803977034,
            -0.001589740509573196,
            0.0021770681275027903,
            -0.003842709700554911,
            0.043729132390959435,
            -0.062248596235254076,
            0.036808017838188364,
            0.180115799718795,
            0.5067239640526398,
            0.5761292195812268,
            0.0007204898976727665,
            0.01809154179424963,
            -0.014771279154713067,
            0.05388141916030294,
            -0.07479541665472929,
            -0.0009838132135997068,
            -0.011622535731459755,
            -0.012641157366583026,
            -0.014020851783547623,
            0.6035965782695066,
            0.001589740359903227,
            -0.002177068165960127,
            -0.0038427093679531607,
            -0.04372913259054487,
            0.062248597033449905,
            0.03680801783817321,
            0.18011580184740328,
            0.5067239635204152,
            0.5761292211774369,
            0.000720489898192376
        ],
        "var": [
            40420354.75305676,
            35396154.51174185,
            2324724.3656796464,
            6605648.308581638,
            11825448.009806057,
            2358389.8909049183,
            46988853.677373774,
            34981303.92003493,
            19656468.858480576,
            27288298.30392756,
            46406167.422239415,
            44383148.2045883,
            45890642.142792456,
            13329008.430767251,
            11735262.286678025,
            28078466.54640477,
            17426597.93522562,
            2217424.61133913,
            2723364.515762799,
            2571176.071689552,
            7393743.6138613615,
            6682894.509238251,
            2184958.950058956,
            2171475.4738818742,
            2117721.847452575,
            2516857.417376294,
            2366785.763337428,
            2128274.387142492,
            2114643.360803929,
            2167973.0858309,
            2197703.8267002334,
            2162450.404136222,
            7343096.964800007,
            2193132.5403570454,
            2193132.5449216007,
            7343096.956986847,
            2162450.4007253456,
            2197703.806589403,
            2167973.0787077933,
            2114643.3544349396,
            2128274.3871426587,
            2366785.756126661,
            2516857.414531118,
            2117721.847452488,
            2171475.2307127533,
            2184958.950058853,
            6682894.501425926,
            7393743.572866559,
            2571176.0657512047,
            2723363.6626664577,
            2217424.5295227496,
            39364088.44707732,
            33487365.847124293,
            1280720.8307069675,
            45930751.928412795,
            54805453.24546568,
            12668144.49761924,
            17165682.889154285,
            16874494.888587058,
            38415147.333602965,
            9724733.83685201,
            14997641.548841722,
            1189358.5864113364,
            16128873.665643815,
            15915501.114191202,
            9774603.058923697,
            9825015.96570813,
            28507586.980776362,
            27862687.98968578,
            82120.73471523491,
            39364087.945892125,
            33487366.034602873,
            1280720.8202718399,
            45930751.679240085,
            54805452.87070562,
            12668144.55399522,
            17165682.828652125,
            16874495.07681261,
            38415148.00155351,
            9724733.71175343,
            14997641.611322917,
            1189358.6015239703,
            16128873.476699883,
            15915501.105479388,
            9774603.090176696,
            9825015.953176657,
            28507587.030163787,
            27862687.916285712,
            82120.73471516473
        ],
        "shape": [
            89
        ],
        "count": 114068614
    },
    "wandb_run_id": "qwkk58u3",
    "wandb_project": "rlgym-ppo",
    "wandb_entity": "gashfraude-epsi",
    "wandb_group": "unnamed-runs",
    "wandb_config": {
        "n_proc": 48,
        "min_inference_size": 36,
        "timestep_limit": 1e+16,
        "exp_buffer_size": 150000,
        "ts_per_iteration": 50000,
        "standardize_returns": true,
        "standardize_obs": true,
        "policy_layer_sizes": [
            512,
            512,
            256
        ],
        "critic_layer_sizes": [
            512,
            512,
            256
        ],
        "ppo_epochs": 2,
        "ppo_batch_size": 50000,
        "ppo_minibatch_size": 50000,
        "ppo_ent_coef": 0.01,
        "ppo_clip_range": 0.2,
        "gae_lambda": 0.95,
        "gae_gamma": 0.99,
        "policy_lr": 0.0002,
        "critic_lr": 0.0002,
        "shm_buffer_size": 8192
    }
}