{
    "cumulative_timesteps": 139602524,
    "cumulative_model_updates": 16636,
    "policy_average_reward": 796.775535182389,
    "epoch": 2778,
    "ts_since_last_save": 500426,
    "reward_running_stats": {
        "mean": [
            16.94247470336323
        ],
        "var": [
            301837726.0303766
        ],
        "shape": [
            1
        ],
        "count": 418500
    },
    "obs_running_stats": {
        "mean": [
            -4.086225620611455e-12,
            2.3011397695673272e-12,
            0.13005086544919836,
            3.5078447001734325e-12,
            -4.731615915627831e-12,
            -0.01902204662518851,
            -4.787769546281232e-12,
            -2.9652482688497134e-12,
            0.009535644108945949,
            0.47797640800567903,
            0.2451228601539506,
            -0.17553974030279135,
            0.06822731195944366,
            0.05177194565642693,
            0.166835934117027,
            0.6294438744471317,
            0.45271401509823705,
            0.979838377015656,
            0.9774086553066748,
            0.9774500750399372,
            0.9451526613337637,
            0.9437726119408787,
            0.9778119378058401,
            0.9775577479553551,
            0.9769688483216535,
            0.9777906273960462,
            0.976657062422525,
            0.9764071677614277,
            0.9758574835636182,
            0.9751779309196741,
            0.9740147341082029,
            0.9747816847317035,
            0.9415165135224068,
            0.9738951340075787,
            0.9738951218324321,
            0.9415165135223913,
            0.9747816969068798,
            0.9740147462834501,
            0.9751779430948394,
            0.9758574957386886,
            0.9764071677614211,
            0.976657074597625,
            0.9777906395712862,
            0.9769688483216268,
            0.9775577601304216,
            0.977811937805844,
            0.9437726119408464,
            0.945152649158627,
            0.9774500872152996,
            0.9774086674816667,
            0.9798383891909668,
            -0.014633761271700461,
            0.0038499598451712485,
            0.07259085552908574,
            0.06102798162250138,
            0.00768335316904984,
            -0.007845077841732603,
            0.007570646078032739,
            0.00568554815377021,
            0.5922062447801449,
            -0.0017109979240803226,
            0.001183749883221292,
            -0.007452775869337209,
            0.023605499263680687,
            -0.02866208928411593,
            0.049727257474635016,
            0.11375830887575836,
            0.43286689737047024,
            0.5056562129238455,
            0.0007348474203795069,
            0.014633757847430021,
            -0.0038499599402897983,
            0.0725908509634129,
            -0.06102798124203261,
            -0.0076833519325103135,
            -0.00784508164647595,
            -0.007570644175661399,
            -0.005685547297703441,
            0.5922062326049446,
            0.0017109970680130166,
            -0.0011837501031835504,
            -0.0074527739669659285,
            -0.02360550040510082,
            0.028662093849806815,
            0.04972725747462189,
            0.1137583210509792,
            0.4328668943266511,
            0.5056562220551697,
            0.0007348474233520562
        ],
        "var": [
            7141432.02668819,
            5238040.236112499,
            529241.8874332196,
            975115.8385415967,
            1092505.6087364778,
            502948.408603566,
            6818371.80278226,
            6543398.33683536,
            3093909.361361582,
            5438816.338469436,
            5140243.040128464,
            3988299.1309167966,
            5011473.535424284,
            2106442.070643153,
            2765979.047252845,
            4647836.53831021,
            4951557.064728667,
            294473.5648990621,
            340618.5105889906,
            340584.1072321047,
            893251.9166846371,
            915791.8719206924,
            329755.71367669344,
            335254.22449503804,
            339767.3452317214,
            331541.5638926347,
            354778.1384072635,
            352558.508905372,
            362386.52702573064,
            370852.48629099695,
            390046.1557158817,
            378298.3150676949,
            953488.5729554613,
            391818.4621991673,
            391818.4641221816,
            953488.5651430563,
            378298.3140191927,
            390046.13817128155,
            370852.4813129419,
            362386.5227285857,
            352558.5089053789,
            354778.13179321366,
            331541.5604176367,
            339767.34523171326,
            335253.98234282696,
            329755.71367668814,
            915791.8641080989,
            893251.8835891434,
            340584.10059716913,
            340617.65613192733,
            294473.4828014903,
            6819405.302053359,
            5094453.655647215,
            358435.5076503984,
            8540593.936981197,
            9235573.032376358,
            2079847.846454497,
            3216139.5840525334,
            2991530.6202412485,
            6725411.648554513,
            1826702.8605924645,
            2148139.311185278,
            299458.88555419655,
            2759157.947232279,
            2746883.4944195147,
            1265948.3630797223,
            1129681.2287176333,
            4891534.676082413,
            4991824.632430448,
            14639.178984443093,
            6819404.8003777275,
            5094453.843160305,
            358435.50062378065,
            8540593.687600188,
            9235572.657949595,
            2079847.9034065981,
            3216139.52316834,
            2991530.808182009,
            6725412.310991118,
            1826702.7354943864,
            2148139.373677492,
            299458.9009406031,
            2759157.759205592,
            2746883.491821975,
            1265948.394329134,
            1129681.2484048025,
            4891534.716515145,
            4991824.5846981555,
            14639.178984371461
        ],
        "shape": [
            89
        ],
        "count": 19943302
    },
    "wandb_run_id": "qwkk58u3",
    "wandb_project": "rlgym-ppo",
    "wandb_entity": "gashfraude-epsi",
    "wandb_group": "unnamed-runs",
    "wandb_config": {
        "n_proc": 48,
        "min_inference_size": 36,
        "timestep_limit": 1e+16,
        "exp_buffer_size": 150000,
        "ts_per_iteration": 50000,
        "standardize_returns": true,
        "standardize_obs": true,
        "policy_layer_sizes": [
            512,
            512,
            256
        ],
        "critic_layer_sizes": [
            512,
            512,
            256
        ],
        "ppo_epochs": 2,
        "ppo_batch_size": 50000,
        "ppo_minibatch_size": 50000,
        "ppo_ent_coef": 0.01,
        "ppo_clip_range": 0.2,
        "gae_lambda": 0.95,
        "gae_gamma": 0.99,
        "policy_lr": 0.0002,
        "critic_lr": 0.0002,
        "shm_buffer_size": 8192
    }
}