{
    "cumulative_timesteps": 606653504,
    "cumulative_model_updates": 72540,
    "policy_average_reward": 383.0505953085978,
    "epoch": 12100,
    "ts_since_last_save": 500404,
    "reward_running_stats": {
        "mean": [
            12.02453030468876
        ],
        "var": [
            4661258698.180474
        ],
        "shape": [
            1
        ],
        "count": 1818600
    },
    "obs_running_stats": {
        "mean": [
            -9.40321503139351e-13,
            5.295378732154703e-13,
            0.12171954715129993,
            8.07224590902673e-13,
            -1.088838601543895e-12,
            -0.010749617908631846,
            -1.101760659786873e-12,
            -6.823623933021486e-13,
            -0.0030934111574491626,
            0.6299199760621125,
            0.35218902527597984,
            -0.1372944869311397,
            -0.10619538003464377,
            0.04163099092236851,
            0.14259214655808142,
            0.5399570746453924,
            0.2180334027279083,
            0.979581951254726,
            0.9752145216663014,
            0.9768215980092058,
            0.9274999805121183,
            0.9382819313302916,
            0.979980556996989,
            0.9800114416605059,
            0.9803633304970816,
            0.9758338820940127,
            0.9777246134862115,
            0.9802115877371927,
            0.9801892889883637,
            0.9795963436629676,
            0.9794986802581991,
            0.9796147541536953,
            0.9288179334412738,
            0.9794931391321404,
            0.9794931363304299,
            0.9288179334412754,
            0.9796147569553418,
            0.9794986830601081,
            0.9795963464647387,
            0.9801892917902247,
            0.9802115877372499,
            0.9777246162877246,
            0.9758338848956543,
            0.9803633304970277,
            0.980011444462304,
            0.9799805569969211,
            0.9382819313301556,
            0.9274999777102426,
            0.9768216008109265,
            0.9752145244681492,
            0.9795819540564685,
            -0.01701636190019692,
            0.010341393527430243,
            0.05589238566530052,
            0.09365073478909468,
            0.002950987748899903,
            -0.021295838574938122,
            0.011868739037337527,
            0.020991691944264607,
            0.5529145941645365,
            -0.001939519576874728,
            0.0017600138723242364,
            -0.0036174722304590785,
            0.053708703442079175,
            -0.07253461452759072,
            0.03483485816968959,
            0.1344709999307922,
            0.4133561314247103,
            0.48853846371543275,
            0.0009241956200996835,
            0.01701636111221614,
            -0.010341393549319119,
            0.05589238461464245,
            -0.0936507347016071,
            -0.0029509874643473444,
            -0.021295839450483415,
            -0.011868738599564815,
            -0.020991691747261502,
            0.5529145913630811,
            0.0019395193798778187,
            -0.0017600139229421898,
            -0.0036174717926864817,
            -0.05370870370474141,
            0.07253461557822932,
            0.0348348581696686,
            0.13447100273250298,
            0.4133561307240995,
            0.488538465816484,
            0.0009241956207834742
        ],
        "var": [
            31253287.841413602,
            26471464.50866182,
            1836296.5261429932,
            5032952.492200241,
            8642895.834500508,
            1829679.2525795577,
            35056795.79469964,
            27119820.66856286,
            14888052.997721259,
            21351399.196370363,
            32880872.219637927,
            30912339.86364471,
            31445135.905034453,
            9872671.311493063,
            10589439.45861094,
            21524024.02923023,
            14786235.345350873,
            1633888.0430951181,
            1995040.9995290246,
            1863198.574973621,
            5687080.551935624,
            4876154.151915513,
            1597319.6249895894,
            1595405.4700699057,
            1559420.0845615878,
            1942191.3349061667,
            1787600.615385777,
            1574164.0491612921,
            1575408.840881915,
            1620306.877096483,
            1625598.9552148674,
            1618715.2283095906,
            5585209.993776895,
            1625570.8151844675,
            1625570.819826053,
            5585209.985964154,
            1618715.2249145913,
            1625598.935007111,
            1620306.8699731445,
            1575408.8344808237,
            1574164.049161202,
            1787600.608253611,
            1942191.3323814126,
            1559420.0845615126,
            1595405.2267261946,
            1597319.6249894798,
            4876154.144102654,
            5687080.510266791,
            1863198.5686445578,
            1995040.1461374818,
            1633887.961121576,
            30305457.460962653,
            25277510.308559902,
            958143.114233142,
            35233017.67974373,
            40301866.81004867,
            10319221.465018287,
            14316015.897378867,
            13922639.704414392,
            31866946.739937276,
            7445565.498571392,
            11314154.87012873,
            922455.7585831467,
            14279114.013878442,
            14002008.915078111,
            7865295.7377135595,
            5909616.49271269,
            21011198.74880866,
            21661467.286859863,
            80015.92467142925,
            30305456.95962252,
            25277510.49605714,
            958143.1041650563,
            35233017.43083726,
            40301866.43538723,
            10319221.519928468,
            14316015.83682182,
            13922639.892880972,
            31866947.38328767,
            7445565.373484771,
            11314154.932611927,
            922455.7736783343,
            14279113.824479615,
            14002008.9044915,
            7865295.768963351,
            5909616.502341148,
            21011198.78685407,
            21661467.245358758,
            80015.92467133503
        ],
        "shape": [
            89
        ],
        "count": 86664860
    },
    "wandb_run_id": "qwkk58u3",
    "wandb_project": "rlgym-ppo",
    "wandb_entity": "gashfraude-epsi",
    "wandb_group": "unnamed-runs",
    "wandb_config": {
        "n_proc": 48,
        "min_inference_size": 36,
        "timestep_limit": 1e+16,
        "exp_buffer_size": 150000,
        "ts_per_iteration": 50000,
        "standardize_returns": true,
        "standardize_obs": true,
        "policy_layer_sizes": [
            512,
            512,
            256
        ],
        "critic_layer_sizes": [
            512,
            512,
            256
        ],
        "ppo_epochs": 2,
        "ppo_batch_size": 50000,
        "ppo_minibatch_size": 50000,
        "ppo_ent_coef": 0.01,
        "ppo_clip_range": 0.2,
        "gae_lambda": 0.95,
        "gae_gamma": 0.99,
        "policy_lr": 0.0002,
        "critic_lr": 0.0002,
        "shm_buffer_size": 8192
    }
}