{
    "cumulative_timesteps": 118584198,
    "cumulative_model_updates": 14158,
    "policy_average_reward": 108.23397516819423,
    "epoch": 2363,
    "ts_since_last_save": 500262,
    "reward_running_stats": {
        "mean": [
            17.941123734599778
        ],
        "var": [
            272603419.0948438
        ],
        "shape": [
            1
        ],
        "count": 355500
    },
    "obs_running_stats": {
        "mean": [
            -4.810479463520614e-12,
            2.7090000903280977e-12,
            0.13174706001736225,
            4.129584714889638e-12,
            -5.5702604966668806e-12,
            -0.019741107343254048,
            -5.636366957790753e-12,
            -3.4908170076748456e-12,
            0.010494615138980054,
            0.44589405272224475,
            0.2204601640082374,
            -0.1810437927333997,
            0.0789486340773747,
            0.03654326929054262,
            0.18012505858959033,
            0.5984109547468126,
            0.5067597799296537,
            0.9790377264496195,
            0.9767351237561754,
            0.9767776277117245,
            0.9444694903231201,
            0.943184256700002,
            0.9769551729462207,
            0.9768811862844096,
            0.9760399805881811,
            0.9770376961626102,
            0.9760864934366713,
            0.9755509352176809,
            0.9750866968135666,
            0.9742032307109514,
            0.9729541677864102,
            0.9738365716123122,
            0.9407170574869399,
            0.9728537456001288,
            0.9728537312670702,
            0.9407170574869066,
            0.9738365859454767,
            0.972954182119641,
            0.9742032450441455,
            0.9750867111466041,
            0.9755509352176849,
            0.9760865077697806,
            0.9770377104957598,
            0.9760399805881695,
            0.9768812006174146,
            0.9769551729462415,
            0.943184256699972,
            0.9444694759900033,
            0.9767776420450938,
            0.9767351380891046,
            0.9790377407829332,
            -0.01450882039155737,
            0.004657193561808331,
            0.0746900270105021,
            0.06240274358351053,
            0.0116115481199503,
            -0.008084796071213922,
            0.005451457339392308,
            0.0047633032594196325,
            0.5908792125979445,
            -0.0016754227059225081,
            0.0013447767332549862,
            -0.0076407429419851885,
            0.025014610560112012,
            -0.025461200757053333,
            0.046368365229576367,
            0.12250086288527058,
            0.4205578462965388,
            0.49358807402127575,
            0.0007188187415145603,
            0.014508816360361524,
            -0.004657193673786559,
            0.07469002163558827,
            -0.062402743135601485,
            -0.011611546664243062,
            -0.008084800550318629,
            -0.005451455099838667,
            -0.0047633022516213284,
            0.5908791982647612,
            0.0016754216981237273,
            -0.0013447769922038664,
            -0.007640740702433181,
            -0.025014611903843523,
            0.025461206131978876,
            0.04636836522957051,
            0.12250087721844578,
            0.42055784271322966,
            0.4935880847711391,
            0.0007188187450138646
        ],
        "var": [
            6036131.4336493425,
            4421512.355665042,
            460319.38308495155,
            827347.2642577734,
            920975.1196750256,
            437418.7967579828,
            5764906.718796741,
            5547145.248975682,
            2613824.4309047367,
            4594295.471585641,
            3923352.5999933323,
            3142966.567966192,
            3920617.217870647,
            1788382.0011822595,
            2495627.235972188,
            4067281.6029619277,
            4244721.979002714,
            248162.31368236008,
            285204.72774877306,
            285272.5085843298,
            747895.0263268816,
            765295.976628902,
            278469.412311154,
            280320.31056025036,
            287202.5966097429,
            278515.4494060369,
            295533.46815033985,
            297197.97330819006,
            304063.0798162483,
            313847.6792858211,
            331063.8278495332,
            319675.20151377365,
            800103.5180080001,
            332184.1880936564,
            332184.18951096083,
            800103.5101955474,
            319675.20092420175,
            331063.8108199603,
            313847.6747811128,
            304063.0758934045,
            297197.9733081867,
            295533.4618133119,
            278515.4462966775,
            287202.5966097322,
            280320.0687366952,
            278469.4123111475,
            765295.968816313,
            747894.9928996942,
            285272.5022759875,
            285203.8736187144,
            248162.2319736249,
            5780300.966991506,
            4323396.4428378325,
            309752.77615430363,
            7255941.632434588,
            7819838.534444367,
            1784942.3441515756,
            2755047.7628333014,
            2568682.0990762515,
            5687276.097219947,
            1561583.935201188,
            1832068.1380493462,
            262254.0988347398,
            2327965.94062178,
            2316193.3802963626,
            1045980.3185303368,
            1018561.12385564,
            4123849.088873239,
            4241112.694369434,
            12163.195122126275,
            5780300.465300819,
            4323396.630347235,
            309752.7695100352,
            7255941.383074519,
            7819838.160211769,
            1784942.4010670928,
            2755047.70178852,
            2568682.2869860223,
            5687276.759012678,
            1561583.8101018828,
            1832068.2005400397,
            262254.11423539865,
            2327965.7525309636,
            2316193.3782815924,
            1045980.3497801473,
            1018561.139297215,
            4123849.12781162,
            4241112.651032769,
            12163.195122056644
        ],
        "shape": [
            89
        ],
        "count": 16940688
    },
    "wandb_run_id": "qwkk58u3",
    "wandb_project": "rlgym-ppo",
    "wandb_entity": "gashfraude-epsi",
    "wandb_group": "unnamed-runs",
    "wandb_config": {
        "n_proc": 48,
        "min_inference_size": 36,
        "timestep_limit": 1e+16,
        "exp_buffer_size": 150000,
        "ts_per_iteration": 50000,
        "standardize_returns": true,
        "standardize_obs": true,
        "policy_layer_sizes": [
            512,
            512,
            256
        ],
        "critic_layer_sizes": [
            512,
            512,
            256
        ],
        "ppo_epochs": 2,
        "ppo_batch_size": 50000,
        "ppo_minibatch_size": 50000,
        "ppo_ent_coef": 0.01,
        "ppo_clip_range": 0.2,
        "gae_lambda": 0.95,
        "gae_gamma": 0.99,
        "policy_lr": 0.0002,
        "critic_lr": 0.0002,
        "shm_buffer_size": 8192
    }
}