{
    "cumulative_timesteps": 111078558,
    "cumulative_model_updates": 13274,
    "policy_average_reward": 1334.4762003707533,
    "epoch": 2215,
    "ts_since_last_save": 500320,
    "reward_running_stats": {
        "mean": [
            18.375221133467804
        ],
        "var": [
            239727044.85910106
        ],
        "shape": [
            1
        ],
        "count": 333000
    },
    "obs_running_stats": {
        "mean": [
            -5.1355236927821436e-12,
            2.8920472975806825e-12,
            0.13239793204923048,
            4.408620865090758e-12,
            -5.946643150637367e-12,
            -0.019814988074762816,
            -6.017216425582555e-12,
            -3.726691606560408e-12,
            0.01087119055734223,
            0.4350049022084565,
            0.203790516044351,
            -0.17469077474001582,
            0.0853851523919122,
            0.029723726145155973,
            0.184136907746273,
            0.5829383955281024,
            0.5174245259108383,
            0.978550570012102,
            0.9762417963155441,
            0.9763145851394839,
            0.943617763510291,
            0.9422543200967507,
            0.9764795500499882,
            0.976405920646188,
            0.9755724051962242,
            0.9765245449796599,
            0.9756204854665569,
            0.9750976416124901,
            0.9746501804377918,
            0.973728255607611,
            0.9725137086285439,
            0.9733479755480903,
            0.9399428127830819,
            0.972357220755676,
            0.972357205454099,
            0.9399428127830628,
            0.9733479908497743,
            0.9725137239303087,
            0.9737282709092856,
            0.9746501957393154,
            0.9750976416124919,
            0.9756205007681699,
            0.9765245602812612,
            0.9755724051962079,
            0.9764059359477281,
            0.9764795500500161,
            0.9422543200967066,
            0.9436177482088228,
            0.9763146004413865,
            0.9762418116170284,
            0.9785505853139237,
            -0.01502622483934591,
            0.005483117089554506,
            0.0755099182561149,
            0.06249018380171339,
            0.013395159803372619,
            -0.005556496256318022,
            0.004754055774620055,
            0.003945730109420991,
            0.5922070256919499,
            -0.0017121854109991036,
            0.0014648713377927577,
            -0.0076197451723392364,
            0.025463028718846894,
            -0.025375955735922547,
            0.045686676067222265,
            0.12652190490894738,
            0.4194304260012413,
            0.49125179932534635,
            0.0007407326855587961,
            0.015026220535762242,
            -0.005483117209098843,
            0.0755099125180118,
            -0.0624901833235417,
            -0.01339515824930233,
            -0.005556501038075923,
            -0.004754053383739521,
            -0.003945729033525407,
            0.5922070103903005,
            0.001712184335103484,
            -0.001464871614238727,
            -0.007619742781460168,
            -0.025463030153372715,
            0.025375961474032226,
            0.04568667606722458,
            0.12652192021060935,
            0.419430422175795,
            0.49125181080161284,
            0.0007407326892945405
        ],
        "var": [
            5652657.561470355,
            4142730.0001767175,
            433832.2752173557,
            781055.5835302643,
            870011.6099384073,
            412504.8856463061,
            5397071.266540078,
            5191556.4892919175,
            2460023.334590494,
            4234028.754473301,
            3466152.4604322105,
            2867500.5161135267,
            3505973.3200246054,
            1659598.8409721134,
            2377752.2512722327,
            3854133.77798375,
            3972620.1903451984,
            233559.61025498735,
            268299.9652255309,
            267954.0726658086,
            703662.834404492,
            720903.6285335134,
            261525.38936553747,
            263294.1005202388,
            269188.1247106384,
            262224.6635676492,
            277543.5116995134,
            278461.91902065615,
            284594.42026608705,
            294045.7743439692,
            309456.9937456836,
            299699.6788977856,
            751126.6213300908,
            311314.6490397746,
            311314.6502159612,
            751126.6135176353,
            299699.67854545364,
            309456.9769300061,
            294045.7700699374,
            284594.41655522893,
            278461.9190206512,
            277543.505588799,
            262224.66070749244,
            269188.12471062696,
            263293.8589274962,
            261525.38936553735,
            720903.620720929,
            703662.8005636985,
            267954.0665823112,
            268299.11133504333,
            233559.528782828,
            5423979.171593341,
            4062776.3890828616,
            291624.7670366577,
            6793706.043611517,
            7325393.709796751,
            1673447.0153013228,
            2583814.2541457433,
            2400531.3360441946,
            5304139.6513516875,
            1480676.348905432,
            1736707.3556165765,
            249518.66526568844,
            2156572.4746287507,
            2154520.667789561,
            959515.912586889,
            979510.005696378,
            3859695.3279301743,
            3972536.744353279,
            11740.241599731313,
            5423978.6699731145,
            4062776.576589272,
            291624.7605416608,
            6793705.79425319,
            7325393.335652643,
            1673447.0726005791,
            2583814.1930479035,
            2400531.523926064,
            5304140.313788901,
            1480676.2238074646,
            1736707.4181060602,
            249518.6806647357,
            2156572.2865174636,
            2154520.665790035,
            959515.9438367762,
            979510.0191852213,
            3859695.3667315654,
            3972536.70186754,
            11740.2415996591
        ],
        "shape": [
            89
        ],
        "count": 15868456
    },
    "wandb_run_id": "qwkk58u3",
    "wandb_project": "rlgym-ppo",
    "wandb_entity": "gashfraude-epsi",
    "wandb_group": "unnamed-runs",
    "wandb_config": {
        "n_proc": 48,
        "min_inference_size": 36,
        "timestep_limit": 1e+16,
        "exp_buffer_size": 150000,
        "ts_per_iteration": 50000,
        "standardize_returns": true,
        "standardize_obs": true,
        "policy_layer_sizes": [
            512,
            512,
            256
        ],
        "critic_layer_sizes": [
            512,
            512,
            256
        ],
        "ppo_epochs": 2,
        "ppo_batch_size": 50000,
        "ppo_minibatch_size": 50000,
        "ppo_ent_coef": 0.01,
        "ppo_clip_range": 0.2,
        "gae_lambda": 0.95,
        "gae_gamma": 0.99,
        "policy_lr": 0.0002,
        "critic_lr": 0.0002,
        "shm_buffer_size": 8192
    }
}