{
    "cumulative_timesteps": 140102874,
    "cumulative_model_updates": 16696,
    "policy_average_reward": 984.4279699068262,
    "epoch": 2788,
    "ts_since_last_save": 500350,
    "reward_running_stats": {
        "mean": [
            16.96989622435475
        ],
        "var": [
            303849762.84425217
        ],
        "shape": [
            1
        ],
        "count": 420000
    },
    "obs_running_stats": {
        "mean": [
            -4.071632236433736e-12,
            2.292921570446419e-12,
            0.13006530605021652,
            3.49531692257263e-12,
            -4.714717609849639e-12,
            -0.018983648599156338,
            -4.770670694688676e-12,
            -2.9546582982590604e-12,
            0.009615996176898445,
            0.478924321614747,
            0.24532506459536346,
            -0.17561727088958956,
            0.06840079544343808,
            0.051906924893271006,
            0.1663547681182827,
            0.6300726273286041,
            0.4513971385117628,
            0.9798255441409772,
            0.9773858636179319,
            0.977442074385028,
            0.945095228170993,
            0.9437055681778445,
            0.9778270267877979,
            0.9775654508709003,
            0.9769761062933804,
            0.977771567780714,
            0.9766448491082894,
            0.976423876194647,
            0.9758682109887163,
            0.9751914350136986,
            0.9740438339408132,
            0.9747948052930663,
            0.9414634227424752,
            0.9739178659974218,
            0.9739178538657663,
            0.9414634227424593,
            0.9747948174247592,
            0.9740438460725769,
            0.9751914471453689,
            0.9758682231203187,
            0.9764238761946405,
            0.9766448612398936,
            0.97777157991244,
            0.9769761062933556,
            0.9775654630025634,
            0.9778270267878012,
            0.9437055681778114,
            0.9450952160393463,
            0.9774420865169123,
            0.9773858757494621,
            0.9798255562728042,
            -0.014589129842320312,
            0.003820126384024069,
            0.07255699286479102,
            0.06097980590397627,
            0.0075993306419493475,
            -0.007749138932182078,
            0.0075942963527171475,
            0.005687513930955834,
            0.5925183957885101,
            -0.0017055039462208225,
            0.0011914524522251536,
            -0.007437411481679269,
            0.023568107396342294,
            -0.02881623053882056,
            0.04983348498800291,
            0.11358249058701836,
            0.43376451764812435,
            0.5064692966686709,
            0.000742665297506091,
            0.01458912643027896,
            -0.003820126478802856,
            0.07255698831542393,
            -0.060979805524866974,
            -0.00759932940982572,
            -0.007749142723337267,
            -0.007594294457139929,
            -0.005687513077946369,
            0.5925183836567801,
            0.0017055030932108372,
            -0.0011914526714018453,
            -0.007437409586101923,
            -0.023568108533686027,
            0.028816235088205154,
            0.04983348498798894,
            0.11358250271875764,
            0.4337645146151746,
            0.5064693057673737,
            0.0007426653004680172
        ],
        "var": [
            7168980.909640342,
            5259062.211596595,
            530973.724131034,
            980180.5247175291,
            1098964.7917769144,
            504649.2723369566,
            6844348.6608703155,
            6567076.95059908,
            3108048.654739615,
            5449879.096982178,
            5165749.573101059,
            4007805.6985050174,
            5033266.121240929,
            2113277.451152499,
            2769493.227161295,
            4661242.992714941,
            4966739.895882302,
            296132.14871095476,
            342632.40800813044,
            342312.5365336835,
            897980.7269707819,
            920775.8972922836,
            331017.9205022949,
            336675.14201283274,
            341237.1200786183,
            333458.35406799574,
            356640.77427526686,
            353886.4956209219,
            363866.2289492792,
            372325.8591952037,
            391303.14206876163,
            379806.09787675965,
            958362.7430462367,
            393204.494973583,
            393204.4969076387,
            958362.7352338316,
            379806.0968218869,
            391303.1245100305,
            372325.8542105914,
            363866.2246469242,
            353886.49562092806,
            356640.7676671502,
            333458.35060225957,
            341237.1200786082,
            336674.8998568816,
            331017.9205022879,
            920775.8894796949,
            897980.6938474007,
            342312.5299026326,
            342631.5535621345,
            296132.0666196182,
            6846345.353184259,
            5115059.986450245,
            359666.97187871934,
            8570206.572935529,
            9270237.921399033,
            2086948.7695001233,
            3226232.3611168163,
            2999560.2577306554,
            6746284.849743353,
            1835485.5306303774,
            2158784.5223040855,
            300657.21897112625,
            2766074.6831867434,
            2754607.6566479923,
            1270661.1936386216,
            1132405.4238166388,
            4911478.582739686,
            5009495.018757474,
            14847.909194186064,
            6846344.851502557,
            5115060.173963357,
            359666.9648459327,
            8570206.323554,
            9270237.546968183,
            2086948.8264667778,
            3226232.3002344198,
            2999560.4456715086,
            6746285.512331503,
            1835485.405532102,
            2158784.5847963127,
            300657.2343563621,
            2766074.4951617946,
            2754607.654022437,
            1270661.2248879916,
            1132405.4435891856,
            4911478.623281241,
            5009494.970729088,
            14847.909194113512
        ],
        "shape": [
            89
        ],
        "count": 20014782
    },
    "wandb_run_id": "qwkk58u3",
    "wandb_project": "rlgym-ppo",
    "wandb_entity": "gashfraude-epsi",
    "wandb_group": "unnamed-runs",
    "wandb_config": {
        "n_proc": 48,
        "min_inference_size": 36,
        "timestep_limit": 1e+16,
        "exp_buffer_size": 150000,
        "ts_per_iteration": 50000,
        "standardize_returns": true,
        "standardize_obs": true,
        "policy_layer_sizes": [
            512,
            512,
            256
        ],
        "critic_layer_sizes": [
            512,
            512,
            256
        ],
        "ppo_epochs": 2,
        "ppo_batch_size": 50000,
        "ppo_minibatch_size": 50000,
        "ppo_ent_coef": 0.01,
        "ppo_clip_range": 0.2,
        "gae_lambda": 0.95,
        "gae_gamma": 0.99,
        "policy_lr": 0.0002,
        "critic_lr": 0.0002,
        "shm_buffer_size": 8192
    }
}