{
    "cumulative_timesteps": 180134462,
    "cumulative_model_updates": 21458,
    "policy_average_reward": 3413.4942687355924,
    "epoch": 3583,
    "ts_since_last_save": 500060,
    "reward_running_stats": {
        "mean": [
            23.0905379240192
        ],
        "var": [
            744887420.3781818
        ],
        "shape": [
            1
        ],
        "count": 540000
    },
    "obs_running_stats": {
        "mean": [
            -3.166790267681096e-12,
            1.7833638428164735e-12,
            0.13345076154489233,
            2.7185499455116254e-12,
            -3.666962280693546e-12,
            -0.016060546194442936,
            -3.710480852958299e-12,
            -2.2980423099686947e-12,
            0.012385010562018087,
            0.5298641565511711,
            0.2558860892061119,
            -0.18881410499075263,
            0.07819545637055564,
            0.05619554053945208,
            0.13361849459962952,
            0.6874087244992722,
            0.37292155076228545,
            0.9790176702238824,
            0.9760710653791614,
            0.9764710893420623,
            0.9384106910715869,
            0.9379504852014404,
            0.9783175385924663,
            0.9782489361917933,
            0.9782015815864246,
            0.9764391753330244,
            0.975158590342853,
            0.9776326064007883,
            0.977084741655889,
            0.9765308922914051,
            0.9762620611800279,
            0.976218170187782,
            0.9355550522116696,
            0.9759727418291738,
            0.9759727323936289,
            0.9355550522116851,
            0.9762181796233563,
            0.9762620706158034,
            0.9765309017269851,
            0.9770847510915012,
            0.9776326064008045,
            0.9751585997784604,
            0.9764391847686054,
            0.9782015815864279,
            0.9782489456274234,
            0.978317538592441,
            0.9379504852014514,
            0.9384106816360112,
            0.9764710987778428,
            0.9760710748147776,
            0.9790176796596217,
            -0.01395224097404695,
            0.002051941408313683,
            0.0689806559118274,
            0.05303938634421312,
            0.004780468332164266,
            -0.002480417089209903,
            0.010128007562674195,
            0.00534611214007923,
            0.6259657242277757,
            -0.0015041404196583755,
            0.0016008895396507662,
            -0.006374527516040271,
            0.018935928045347224,
            -0.02997975197303318,
            0.058739891367072784,
            0.10325752298448192,
            0.512929345145045,
            0.577833322433801,
            0.0014284173674652175,
            0.013952238320265266,
            -0.0020519414820289205,
            0.06898065237347933,
            -0.053039386049349296,
            -0.004780467373856704,
            -0.002480420037853651,
            -0.010128006088355861,
            -0.005346111476635354,
            0.6259657147919813,
            0.0015041397562137711,
            -0.0016008897101197743,
            -0.006374526041718527,
            -0.018935928929939557,
            0.029979755511404957,
            0.058739891367054854,
            0.10325753242018651,
            0.5129293427861719,
            0.577833329510512,
            0.0014284173697688446
        ],
        "var": [
            9415198.882589007,
            6969151.626386294,
            680395.0666255737,
            1474528.892168032,
            1734178.7817819223,
            651804.1662861087,
            8939437.923086202,
            8446199.643124461,
            4281591.787728098,
            5945078.654030632,
            6698778.994740594,
            5581173.465370955,
            6433276.901996864,
            2582010.1240627957,
            2972862.769541012,
            5525753.496815905,
            6028147.834032769,
            429111.9224848356,
            501293.06298810255,
            492241.9041089112,
            1346708.2684253075,
            1355161.0820195377,
            442939.8999314717,
            445283.982101346,
            439752.1003826019,
            490469.6943382567,
            523488.0226177139,
            455858.86952703487,
            468707.7689829465,
            477876.22767710325,
            481641.9472578484,
            485482.2485524923,
            1406870.5853718806,
            488242.87776966894,
            488242.8807014893,
            1406870.5775596434,
            485482.246806434,
            481641.928621856,
            477876.22204207466,
            468707.7640898364,
            455858.8695270468,
            523488.0167313221,
            490469.6915195601,
            439752.1003825911,
            445283.73961349606,
            442939.89993145043,
            1355161.074206868,
            1346708.2320558126,
            492241.897949402,
            501292.20918058476,
            429111.84078582854,
            9073463.052145524,
            6807800.603280647,
            443052.46671307785,
            10961594.408298528,
            12052165.156647455,
            2636069.6453078305,
            3937031.6318428502,
            3553611.200273634,
            8142138.114727459,
            2549374.0126644024,
            3036888.6828624136,
            396584.77205383073,
            3183590.2737669293,
            3213132.8329504486,
            1609809.1685082314,
            1360778.125118612,
            6424682.386657265,
            6284136.01094721,
            36700.442210801506,
            9073462.550374031,
            6807800.790802361,
            443052.45902899845,
            10961594.15879494,
            12052164.782076782,
            2636069.7030740557,
            3937031.5711522955,
            3553611.3882027934,
            8142138.793558267,
            2549373.887559757,
            3036888.745350944,
            396584.7873584042,
            3183590.0859527616,
            3213132.8301130114,
            1609809.1997576756,
            1360778.1499050597,
            6424682.436810422,
            6284135.93692664,
            36700.442210647096
        ],
        "shape": [
            89
        ],
        "count": 25733574
    },
    "wandb_run_id": "qwkk58u3",
    "wandb_project": "rlgym-ppo",
    "wandb_entity": "gashfraude-epsi",
    "wandb_group": "unnamed-runs",
    "wandb_config": {
        "n_proc": 48,
        "min_inference_size": 36,
        "timestep_limit": 1e+16,
        "exp_buffer_size": 150000,
        "ts_per_iteration": 50000,
        "standardize_returns": true,
        "standardize_obs": true,
        "policy_layer_sizes": [
            512,
            512,
            256
        ],
        "critic_layer_sizes": [
            512,
            512,
            256
        ],
        "ppo_epochs": 2,
        "ppo_batch_size": 50000,
        "ppo_minibatch_size": 50000,
        "ppo_ent_coef": 0.01,
        "ppo_clip_range": 0.2,
        "gae_lambda": 0.95,
        "gae_gamma": 0.99,
        "policy_lr": 0.0002,
        "critic_lr": 0.0002,
        "shm_buffer_size": 8192
    }
}