{
    "cumulative_timesteps": 971040550,
    "cumulative_model_updates": 116194,
    "policy_average_reward": 94.47167962950377,
    "epoch": 19378,
    "ts_since_last_save": 500382,
    "reward_running_stats": {
        "mean": [
            8.617062298726685
        ],
        "var": [
            8702673253.569233
        ],
        "shape": [
            1
        ],
        "count": 2911050
    },
    "obs_running_stats": {
        "mean": [
            -5.874621284500241e-13,
            3.308266814869509e-13,
            0.11981826835816625,
            5.043103565315087e-13,
            -6.802475889880469e-13,
            -0.010218172537490411,
            -6.883205978723812e-13,
            -4.2630319706736416e-13,
            0.01608249513448139,
            0.6367723402014549,
            0.3215804550304527,
            0.059648573996832294,
            -0.270838526162393,
            -0.017481984323607844,
            0.09916277350621877,
            0.38665215418779403,
            0.1748053402620811,
            0.9790473668041659,
            0.9744880241850767,
            0.975614501129483,
            0.930642611644048,
            0.9346517427921561,
            0.979136777832687,
            0.9793987990029734,
            0.9797823943080809,
            0.9771966054229084,
            0.9779637252278182,
            0.9798058172574867,
            0.9799916697290192,
            0.9795114545223536,
            0.9790343790063906,
            0.979571961542436,
            0.9300558490414322,
            0.9791254817010636,
            0.9791254799503648,
            0.9300558490414281,
            0.9795719632925178,
            0.9790343807572829,
            0.979511456272878,
            0.9799916714795914,
            0.979805817257506,
            0.9779637269781718,
            0.977196607172988,
            0.9797823943081552,
            0.9793988007532765,
            0.9791367778326272,
            0.9346517427920965,
            0.930642609893513,
            0.9756145028797119,
            0.9744880259354864,
            0.97904736855445,
            -0.021266952351187692,
            0.019590410093352082,
            0.053447824814175975,
            0.0603983938597956,
            0.0005403800834143062,
            -0.005296222943610881,
            0.01599061989227104,
            0.007790123301172225,
            0.6357223946056203,
            -0.0013944244641607624,
            0.0027821195230700586,
            -0.0040716425002034805,
            0.038588105956909625,
            -0.054681228139000365,
            0.03619981242978898,
            0.19245137024893919,
            0.569358781240393,
            0.6357547991805766,
            0.0006064532546596405,
            0.021266951858900467,
            -0.0195904101070336,
            0.05344782415778015,
            -0.060398393805111694,
            -0.0005403799056412334,
            -0.005296223490605809,
            -0.015990619618769894,
            -0.0077901231780844815,
            0.6357223928555708,
            0.0013944243410886348,
            -0.002782119554693614,
            -0.004071642226706984,
            -0.03858810612101915,
            0.05468122879537606,
            0.03619981242979856,
            0.19245137199930795,
            0.5693587808027801,
            0.6357548004930217,
            0.0006064532550869225
        ],
        "var": [
            48538478.83238579,
            43396214.985350356,
            2772776.57875074,
            7993725.151308621,
            14678205.024852918,
            2843137.0471229446,
            57486785.48179987,
            41992873.4609471,
            23805714.19459009,
            33051760.084263623,
            59078061.90036404,
            58368216.13316189,
            58730498.379289344,
            20185919.497241154,
            12385629.821046336,
            32893972.29824086,
            20020487.801967442,
            2746143.413537359,
            3348988.43033802,
            3201274.9693929674,
            8813370.012711369,
            8330213.224415569,
            2730838.724485097,
            2696653.616438428,
            2638915.870797183,
            2989606.966715146,
            2889622.9557401906,
            2637909.612780468,
            2612553.4108852083,
            2672048.2432676014,
            2732659.104376446,
            2663936.9491435653,
            8879365.497684073,
            2720061.4237688524,
            2720061.428231667,
            8879365.489869788,
            2663936.9457674166,
            2732659.0843946026,
            2672048.236186719,
            2612553.4045794667,
            2637909.6127806148,
            2889622.9484915948,
            2989606.963528395,
            2638915.8707970693,
            2696653.3733941144,
            2730838.724484973,
            8330213.216603088,
            8813369.97256764,
            3201274.963650975,
            3348987.5772991804,
            2746143.3318236656,
            47458606.60767059,
            40790075.032477215,
            1620340.1897777482,
            55448941.22559369,
            67984322.40502417,
            14766299.591481987,
            19625287.568605788,
            19487412.273663938,
            43486634.42038715,
            11743134.226556838,
            18246076.125689186,
            1452021.5264169357,
            17352442.679742567,
            17225686.978402488,
            11347491.718941482,
            12330514.450244743,
            34008294.458490975,
            32130149.400481522,
            84070.92911694004,
            47458606.10691584,
            40790075.21994258,
            1620340.1792641093,
            55448940.97615588,
            67984322.03023493,
            14766299.648821102,
            19625287.508364823,
            19487412.461676717,
            43486635.10392078,
            11743134.10145287,
            18246076.18816397,
            1452021.5415471192,
            17352442.49103109,
            17225686.971069,
            11347491.750191847,
            12330514.431724578,
            34008294.515481256,
            32130149.30537665,
            84070.92911688234
        ],
        "shape": [
            89
        ],
        "count": 138720146
    },
    "wandb_run_id": "qwkk58u3",
    "wandb_project": "rlgym-ppo",
    "wandb_entity": "gashfraude-epsi",
    "wandb_group": "unnamed-runs",
    "wandb_config": {
        "n_proc": 48,
        "min_inference_size": 36,
        "timestep_limit": 1e+16,
        "exp_buffer_size": 150000,
        "ts_per_iteration": 50000,
        "standardize_returns": true,
        "standardize_obs": true,
        "policy_layer_sizes": [
            512,
            512,
            256
        ],
        "critic_layer_sizes": [
            512,
            512,
            256
        ],
        "ppo_epochs": 2,
        "ppo_batch_size": 50000,
        "ppo_minibatch_size": 50000,
        "ppo_ent_coef": 0.01,
        "ppo_clip_range": 0.2,
        "gae_lambda": 0.95,
        "gae_gamma": 0.99,
        "policy_lr": 0.0002,
        "critic_lr": 0.0002,
        "shm_buffer_size": 8192
    }
}