{
    "cumulative_timesteps": 176133260,
    "cumulative_model_updates": 20988,
    "policy_average_reward": 1519.2119570818809,
    "epoch": 3504,
    "ts_since_last_save": 500610,
    "reward_running_stats": {
        "mean": [
            21.739999737200684
        ],
        "var": [
            623328065.0752068
        ],
        "shape": [
            1
        ],
        "count": 528000
    },
    "obs_running_stats": {
        "mean": [
            -3.238729666414199e-12,
            1.8238761967006947e-12,
            0.1331033138307695,
            2.780306751702887e-12,
            -3.750263997550522e-12,
            -0.0163076185092235,
            -3.794771172158763e-12,
            -2.3502465200964245e-12,
            0.012529423333302925,
            0.5260527140217599,
            0.2553429314831913,
            -0.18824133850625954,
            0.07788595491190999,
            0.05687857626922819,
            0.1363201241106275,
            0.6831919975812426,
            0.3788707246393461,
            0.9790930816482805,
            0.9762018270185508,
            0.9765798198680468,
            0.9390058967981472,
            0.9384513400763739,
            0.978274907003186,
            0.9782028782762747,
            0.9781137118523034,
            0.9765717417453603,
            0.9752849973663943,
            0.9775387265572817,
            0.97698207237925,
            0.9764344792688635,
            0.9760916609630578,
            0.9761009816905671,
            0.9361057748157181,
            0.9758021677410518,
            0.9758021580911399,
            0.9361057748157359,
            0.9761009913404587,
            0.9760916706132,
            0.9764344889188208,
            0.9769820820291998,
            0.977538726557301,
            0.9752850070163609,
            0.9765717513952867,
            0.978113711852308,
            0.9782028879262358,
            0.9782749070031778,
            0.9384513400763752,
            0.9390058871482065,
            0.9765798295181741,
            0.976201836668526,
            0.9790930912983661,
            -0.013827166435459712,
            0.0023146031524065125,
            0.06926977541855626,
            0.05392764313207008,
            0.004762253250709728,
            -0.0030228421105142514,
            0.009679422872482388,
            0.005280607199725123,
            0.6228034102885474,
            -0.0015099054520204597,
            0.0015713492670906487,
            -0.006464245556972939,
            0.019217478811768572,
            -0.030250931704117506,
            0.05796147852163218,
            0.10400999468848568,
            0.5058052782370123,
            0.571407337219086,
            0.0013508989409396555,
            0.013827163721392258,
            -0.0023146032277963644,
            0.06926977179982671,
            -0.053927642830509395,
            -0.0047622522706323835,
            -0.00302284512614182,
            -0.009679421364671594,
            -0.005280606521209904,
            0.6228034006384091,
            0.0015099047735044914,
            -0.0015713494414321342,
            -0.006464244049159327,
            -0.01921747971645579,
            0.03025093532286949,
            0.05796147852161501,
            0.10401000433853518,
            0.5058052758245459,
            0.5714073444565816,
            0.00135089894329561
        ],
        "var": [
            9190500.121309064,
            6797983.181079692,
            665008.2761727037,
            1422055.715020623,
            1666023.3684678308,
            636743.3497970983,
            8731831.587657884,
            8258700.807759259,
            4163995.653063852,
            5902941.196029788,
            6561402.850185653,
            5423583.050084755,
            6305519.976603536,
            2538578.2787528443,
            2956320.083069864,
            5442250.420530048,
            5931633.512310308,
            415552.05891159765,
            484809.3903985579,
            476501.7942054548,
            1300531.362834959,
            1310849.469018967,
            431841.062679718,
            434229.9427343956,
            429678.12231586315,
            474140.7349376007,
            506618.37609661056,
            445615.946801402,
            458374.2592925104,
            467087.9611160293,
            472478.7495342082,
            475019.9352408443,
            1360328.9569471343,
            478923.8865105745,
            478923.8893595635,
            1360328.9491348234,
            475019.9335516967,
            472478.7309809649,
            467087.9555278107,
            458374.2544492618,
            445615.9468014123,
            506618.37014884525,
            474140.7320545207,
            429678.1223158482,
            434229.7002689089,
            431841.0626797029,
            1310849.4612062767,
            1300531.3267545307,
            476501.7879931424,
            484808.53652754327,
            415551.9771759726,
            8847215.18142703,
            6637652.01965043,
            434680.44175766956,
            10722585.128768487,
            11773264.35343476,
            2581542.8352818643,
            3868675.636127887,
            3500989.8672218854,
            8015167.928335675,
            2477195.714183461,
            2946988.350234746,
            387184.4882692143,
            3147042.032766615,
            3174716.628877131,
            1577047.599770179,
            1337236.051353524,
            6285236.225765701,
            6168829.571489798,
            33940.029592511055,
            8847214.679639747,
            6637652.2071708925,
            434680.4341262416,
            10722584.879278984,
            11773263.978863496,
            2581542.8929658155,
            3868675.575403181,
            3500990.055148802,
            8015168.605630634,
            2477195.5890790364,
            2946988.412723754,
            387184.50358062756,
            3147041.844939642,
            3174716.6259904504,
            1577047.6310196233,
            1337236.0757746282,
            6285236.275053284,
            6168829.499809728,
            33940.02959236573
        ],
        "shape": [
            89
        ],
        "count": 25161974
    },
    "wandb_run_id": "qwkk58u3",
    "wandb_project": "rlgym-ppo",
    "wandb_entity": "gashfraude-epsi",
    "wandb_group": "unnamed-runs",
    "wandb_config": {
        "n_proc": 48,
        "min_inference_size": 36,
        "timestep_limit": 1e+16,
        "exp_buffer_size": 150000,
        "ts_per_iteration": 50000,
        "standardize_returns": true,
        "standardize_obs": true,
        "policy_layer_sizes": [
            512,
            512,
            256
        ],
        "critic_layer_sizes": [
            512,
            512,
            256
        ],
        "ppo_epochs": 2,
        "ppo_batch_size": 50000,
        "ppo_minibatch_size": 50000,
        "ppo_ent_coef": 0.01,
        "ppo_clip_range": 0.2,
        "gae_lambda": 0.95,
        "gae_gamma": 0.99,
        "policy_lr": 0.0002,
        "critic_lr": 0.0002,
        "shm_buffer_size": 8192
    }
}