{
    "cumulative_timesteps": 27514804,
    "cumulative_model_updates": 3290,
    "policy_average_reward": 315.5226404111334,
    "epoch": 549,
    "ts_since_last_save": 500300,
    "reward_running_stats": {
        "mean": [
            10.908125877380371
        ],
        "var": [
            15706034.0
        ],
        "shape": [
            1
        ],
        "count": 82500
    },
    "obs_running_stats": {
        "mean": [
            -1.928841981968521e-11,
            1.2259451266649624e-11,
            0.1563224047422409,
            1.7563820189914203e-11,
            -2.368238938288414e-11,
            -0.03187849745154381,
            -1.903490733090596e-11,
            -1.5485786264424206e-11,
            0.0006067673675715923,
            0.06503456830978394,
            0.04045036807656288,
            0.1376480609178543,
            0.10722890496253967,
            -0.04230760037899017,
            0.42716822028160095,
            0.2821962833404541,
            0.6327855587005615,
            0.9640234708786011,
            0.9638751745223999,
            0.9642340540885925,
            0.9339743256568909,
            0.9340152740478516,
            0.9617138504981995,
            0.9620670080184937,
            0.9589545726776123,
            0.9630864262580872,
            0.963477611541748,
            0.9599165320396423,
            0.9595591425895691,
            0.9575245976448059,
            0.9547454118728638,
            0.9571420550346375,
            0.9300490617752075,
            0.9545447826385498,
            0.954544723033905,
            0.9300490617752075,
            0.9571421146392822,
            0.9547454714775085,
            0.9575246572494507,
            0.9595592021942139,
            0.9599165320396423,
            0.9634776711463928,
            0.9630864858627319,
            0.9589545726776123,
            0.9620670676231384,
            0.9617138504981995,
            0.9340152740478516,
            0.9339742660522461,
            0.9642341136932373,
            0.9638752341270447,
            0.9640235304832458,
            -0.027636026963591576,
            0.007143179886043072,
            0.11198149621486664,
            0.020088395103812218,
            -0.0035584745928645134,
            0.02821618691086769,
            -0.014347790740430355,
            -0.0076601034961640835,
            0.517536997795105,
            -0.0046838996931910515,
            0.00021781562827527523,
            -0.010630774311721325,
            0.012019973248243332,
            -0.014555041678249836,
            0.006981752347201109,
            0.21670587360858917,
            0.09796444326639175,
            0.20021343231201172,
            0.00012657050683628768,
            0.027636008337140083,
            -0.007143178954720497,
            0.11198147386312485,
            -0.02008839137852192,
            0.003558480879291892,
            0.028216172009706497,
            0.01434780191630125,
            0.0076601081527769566,
            0.5175369381904602,
            0.00468389643356204,
            -0.00021781702525913715,
            -0.010630764998495579,
            -0.012019979767501354,
            0.01455506682395935,
            0.006981751881539822,
            0.21670593321323395,
            0.09796442836523056,
            0.2002134770154953,
            0.0001265705213882029
        ],
        "var": [
            1270062.25,
            923929.8125,
            142513.484375,
            166930.75,
            172763.46875,
            135216.09375,
            1168384.0,
            1164324.75,
            515229.875,
            450079.375,
            459729.3125,
            393572.9375,
            541461.5,
            347905.375,
            955312.5,
            796875.8125,
            923865.125,
            41727.71875,
            42040.09375,
            41441.88671875,
            109401.4296875,
            107325.171875,
            46998.04296875,
            46330.078125,
            51307.0859375,
            43220.03125,
            43405.75,
            49810.3515625,
            50540.3828125,
            53712.97265625,
            60657.7265625,
            55085.3203125,
            119140.375,
            60918.6328125,
            60918.625,
            119140.3671875,
            55085.328125,
            60657.71875,
            53712.9765625,
            50540.38671875,
            49810.3515625,
            43405.75,
            43220.03515625,
            51307.0859375,
            46329.84375,
            46998.04296875,
            107325.1640625,
            109401.3984375,
            41441.88671875,
            42039.24609375,
            41727.64453125,
            1244099.75,
            950383.875,
            89040.9921875,
            1636921.75,
            1693944.875,
            585284.9375,
            793683.25,
            767372.4375,
            1301075.5,
            318051.25,
            359082.0,
            91450.7265625,
            573156.3125,
            581187.875,
            214004.328125,
            331682.0,
            345074.9375,
            635522.3125,
            493.8870849609375,
            1244099.375,
            950384.125,
            89040.9921875,
            1636921.5,
            1693944.5,
            585285.0,
            793683.1875,
            767372.625,
            1301076.125,
            318051.125,
            359082.0625,
            91450.7421875,
            573156.125,
            581187.8125,
            214004.359375,
            331681.96875,
            345074.9375,
            635522.375,
            493.8870849609375
        ],
        "shape": [
            89
        ],
        "count": 3930782
    },
    "wandb_run_id": "qwkk58u3",
    "wandb_project": "rlgym-ppo",
    "wandb_entity": "gashfraude-epsi",
    "wandb_group": "unnamed-runs",
    "wandb_config": {
        "n_proc": 48,
        "min_inference_size": 36,
        "timestep_limit": 1e+16,
        "exp_buffer_size": 150000,
        "ts_per_iteration": 50000,
        "standardize_returns": true,
        "standardize_obs": true,
        "policy_layer_sizes": [
            512,
            512,
            256
        ],
        "critic_layer_sizes": [
            512,
            512,
            256
        ],
        "ppo_epochs": 2,
        "ppo_batch_size": 50000,
        "ppo_minibatch_size": 50000,
        "ppo_ent_coef": 0.01,
        "ppo_clip_range": 0.2,
        "gae_lambda": 0.95,
        "gae_gamma": 0.99,
        "policy_lr": 0.0002,
        "critic_lr": 0.0002,
        "shm_buffer_size": 8192
    }
}