{
    "cumulative_timesteps": 673697528,
    "cumulative_model_updates": 80556,
    "policy_average_reward": 141.04089733684046,
    "epoch": 13437,
    "ts_since_last_save": 500302,
    "reward_running_stats": {
        "mean": [
            11.075545891300145
        ],
        "var": [
            5471922489.994112
        ],
        "shape": [
            1
        ],
        "count": 2019600
    },
    "obs_running_stats": {
        "mean": [
            -8.467440803475522e-13,
            4.768401640240923e-13,
            0.12159967909136558,
            7.26892494632651e-13,
            -9.804812881048805e-13,
            -0.010570365044270492,
            -9.921173883715488e-13,
            -6.144561348398477e-13,
            0.0006644975490818684,
            0.6331425191573073,
            0.3491932798436593,
            -0.12159708766007048,
            -0.13153347111150482,
            0.042253603354733944,
            0.13456948012856312,
            0.4963115313971436,
            0.205055487321301,
            0.9794165491165994,
            0.9749845742924786,
            0.9765489240068028,
            0.9275613524837723,
            0.9377568116969855,
            0.9798350864472801,
            0.9798784520262773,
            0.9802457779877491,
            0.9759853037904462,
            0.9778588609924445,
            0.9801552072091821,
            0.9802037250507444,
            0.9796010965049546,
            0.9794168123134932,
            0.9796448873382739,
            0.928923236293911,
            0.9794689802759399,
            0.9794689777530305,
            0.9289232362938696,
            0.979644889861077,
            0.9794168148366037,
            0.9796010990278861,
            0.9802037275737056,
            0.980155207209216,
            0.9778588635151418,
            0.9759853063132435,
            0.9802457779877132,
            0.9798784545492123,
            0.9798350864472289,
            0.9377568116968926,
            0.9275613499608076,
            0.9765489265296827,
            0.9749845768155848,
            0.9794165516395992,
            -0.01815880666218645,
            0.010352235931144663,
            0.05500631172579546,
            0.08844758873505867,
            0.0007506579396745753,
            -0.01919308705268769,
            0.012179316471257121,
            0.019584143716797626,
            0.5676460964817671,
            -0.0018966279082422836,
            0.0018582776831677062,
            -0.0036631818887563786,
            0.050096675550390136,
            -0.07020603343569343,
            0.03567356043006515,
            0.15791891434588595,
            0.4416573519402509,
            0.5139117905835578,
            0.0008431952614041704,
            0.018158805952619653,
            -0.010352235950853895,
            0.05500631077968605,
            -0.08844758865626244,
            -0.0007506576834401796,
            -0.01919308784110721,
            -0.012179316077050023,
            -0.019584143539389514,
            0.5676460939592907,
            0.001896627730849929,
            -0.0018582777287483821,
            -0.003663181494549754,
            -0.05009667578692292,
            0.07020603438175743,
            0.03567356043004981,
            0.15791891686879064,
            0.44165735130940054,
            0.5139117924754307,
            0.0008431952620200266
        ],
        "var": [
            34511082.49015643,
            29570661.30527256,
            2016422.0040014302,
            5607650.872429513,
            9772413.494302932,
            2024992.7824550103,
            39225443.56021687,
            29930546.24337931,
            16637984.493951004,
            23353729.85150357,
            37397915.067760915,
            34393218.745086625,
            36307146.881667666,
            11161444.022365082,
            11202287.966675052,
            24055509.994270947,
            15698608.34788317,
            1840719.4330478266,
            2247574.0874057137,
            2105068.368609879,
            6326071.749392801,
            5475063.620961208,
            1798659.4866921247,
            1795309.3859361694,
            1754669.2777992345,
            2154183.0860664337,
            1983849.0972229496,
            1765152.5370783505,
            1760056.9580697955,
            1811301.2500297704,
            1825484.6894976804,
            1807197.280349227,
            6209749.531795091,
            1820181.6678060724,
            1820181.6724359137,
            6209749.523982165,
            1807197.276939499,
            1825484.669329932,
            1811301.2429041676,
            1760056.9516616522,
            1765152.5370783417,
            1983849.0900255977,
            2154183.083468076,
            1754669.2777992697,
            1795309.1426570069,
            1798659.4866920363,
            5475063.613148778,
            6326071.7077522,
            2105068.3624130427,
            2247573.2341256132,
            1840719.351154574,
            33463639.6651983,
            28152547.82970017,
            1062256.1184349037,
            39043144.90515345,
            45208995.98762658,
            11191419.216071766,
            15467515.537064523,
            15068451.924150547,
            34629783.5978979,
            8264290.976630994,
            12651971.684275521,
            1012501.6097333968,
            15239462.27113966,
            14973985.744203085,
            8635175.719834672,
            7571381.479417722,
            23728638.02009609,
            24048654.58569683,
            81077.52200395845,
            33463639.16401854,
            28152548.01720131,
            1062256.1082053287,
            39043144.656173676,
            45208995.612863466,
            11191419.271300932,
            15467515.476527933,
            15068452.112567596,
            34629784.248408064,
            8264290.8515417855,
            12651971.746755114,
            1012501.6248320943,
            15239462.081906207,
            14973985.734040424,
            8635175.751084624,
            7571381.477660366,
            23728638.061579157,
            24048654.534953628,
            81077.52200387308
        ],
        "shape": [
            89
        ],
        "count": 96242576
    },
    "wandb_run_id": "qwkk58u3",
    "wandb_project": "rlgym-ppo",
    "wandb_entity": "gashfraude-epsi",
    "wandb_group": "unnamed-runs",
    "wandb_config": {
        "n_proc": 48,
        "min_inference_size": 36,
        "timestep_limit": 1e+16,
        "exp_buffer_size": 150000,
        "ts_per_iteration": 50000,
        "standardize_returns": true,
        "standardize_obs": true,
        "policy_layer_sizes": [
            512,
            512,
            256
        ],
        "critic_layer_sizes": [
            512,
            512,
            256
        ],
        "ppo_epochs": 2,
        "ppo_batch_size": 50000,
        "ppo_minibatch_size": 50000,
        "ppo_ent_coef": 0.01,
        "ppo_clip_range": 0.2,
        "gae_lambda": 0.95,
        "gae_gamma": 0.99,
        "policy_lr": 0.0002,
        "critic_lr": 0.0002,
        "shm_buffer_size": 8192
    }
}