{
    "cumulative_timesteps": 30016404,
    "cumulative_model_updates": 3580,
    "policy_average_reward": 358.602631657828,
    "epoch": 598,
    "ts_since_last_save": 500356,
    "reward_running_stats": {
        "mean": [
            11.095001134595872
        ],
        "var": [
            18288580.533663187
        ],
        "shape": [
            1
        ],
        "count": 90000
    },
    "obs_running_stats": {
        "mean": [
            -1.900418455313632e-11,
            1.0702121902351532e-11,
            0.15542344531436422,
            1.6314255252034437e-11,
            -2.2005760337126705e-11,
            -0.0316710281567396,
            -2.2266919248578065e-11,
            -1.3790752302259996e-11,
            0.0007511519735443454,
            0.0719114748089521,
            0.04686396437109821,
            0.15164267272331988,
            0.12479388300156098,
            -0.04677328799811704,
            0.4135700923259677,
            0.2788705438030008,
            0.6409048286387622,
            0.9647432423138464,
            0.9645828763051255,
            0.9649867906842974,
            0.93449531664983,
            0.9345483134146068,
            0.9623179810014141,
            0.9626970755499722,
            0.9595144450731375,
            0.9637134539375565,
            0.9641772834372623,
            0.9604256149572656,
            0.9601204676674594,
            0.9580485906437961,
            0.9550706212772635,
            0.9577024141573507,
            0.9304169178622701,
            0.9549854515057065,
            0.9549853948815168,
            0.9304169178622688,
            0.9577024707815162,
            0.9550706779014477,
            0.9580486472680207,
            0.9601205242916566,
            0.9604256149572659,
            0.9641773400614891,
            0.963713510561767,
            0.9595144450731402,
            0.962697132174174,
            0.962317981001411,
            0.9345483134146099,
            0.9344952600256239,
            0.964986847308511,
            0.9645829329293386,
            0.9647432989380492,
            -0.026068847352132673,
            0.007653620596359635,
            0.10999214951782839,
            0.020263544240376352,
            -0.0037808144966540386,
            0.028568603363207337,
            -0.013079591387880158,
            -0.006627156571348518,
            0.5117961231984433,
            -0.004387727131615997,
            0.0004818334282407448,
            -0.010615500686195625,
            0.011635736167258591,
            -0.014067413979932787,
            0.008300855263161537,
            0.2198921506710103,
            0.10258947445463601,
            0.2068904186501775,
            0.00013648863859113688,
            0.02606883142657305,
            -0.00765362103873632,
            0.10999212828374717,
            -0.020263542470869207,
            0.0037808202475504735,
            0.028568585668140738,
            0.013079600235413272,
            0.006627160552738092,
            0.511796066574232,
            0.0043877231502260725,
            -0.0004818344512367959,
            -0.010615491838662535,
            -0.011635741475778534,
            0.01406743521401244,
            0.008300855263161874,
            0.21989220729521744,
            0.10258946029858647,
            0.20689046111833667,
            0.00013648865241541454
        ],
        "var": [
            1386904.833316987,
            1010056.3371066366,
            154704.24727071935,
            181810.21558724454,
            188080.95728673492,
            146690.82818426468,
            1277963.2078770301,
            1272624.4066964563,
            563954.3000116472,
            490635.28135248186,
            494482.37288864277,
            427163.1506146524,
            607527.9268456843,
            372141.76348244614,
            1033831.0134918418,
            858530.2851203576,
            997224.3754425609,
            46346.99848388223,
            46746.01020542634,
            45890.30666627468,
            121903.09212944433,
            119779.88929838626,
            52568.107551596644,
            51719.76326576544,
            57608.32478386068,
            48406.45457255425,
            48220.25472727186,
            56125.57236699035,
            56718.923226604624,
            60453.44725991706,
            69288.27810819696,
            61751.65399819764,
            132967.6144005306,
            69131.98165966703,
            69131.97439971405,
            132967.6065880324,
            61751.66124367464,
            69288.26976332594,
            60453.450600364136,
            56718.92657173152,
            56125.57236699041,
            48220.254173644804,
            48406.457933824364,
            57608.324783860815,
            51719.52833041478,
            52568.10755159635,
            119779.88148588665,
            121903.05385856604,
            45890.30608386627,
            46745.16197683016,
            46346.92371691102,
            1361703.460989644,
            1038449.7841595461,
            96487.20608554826,
            1788034.039913473,
            1849745.2671411075,
            634445.4183089923,
            867318.7979378357,
            839260.0852343854,
            1443280.7259777463,
            347702.54918326903,
            394835.7898695995,
            97594.33134622932,
            646117.6286258332,
            656575.5757133592,
            243036.23335671244,
            367318.42787825986,
            390378.8902476106,
            710266.1985872958,
            579.8684974865793,
            1361702.9608758744,
            1038449.9716585501,
            96487.20587015958,
            1788033.789916564,
            1849744.8921490216,
            634445.4807868337,
            867318.7354867068,
            839260.2727548167,
            1443281.3493664318,
            347702.42417651374,
            394835.85236772,
            97594.3469725918,
            646117.4411439466,
            656575.575773563,
            243036.26460670301,
            367318.3960239216,
            390378.890582077,
            710266.2596721761,
            579.8684974856192
        ],
        "shape": [
            89
        ],
        "count": 4288152
    },
    "wandb_run_id": "qwkk58u3",
    "wandb_project": "rlgym-ppo",
    "wandb_entity": "gashfraude-epsi",
    "wandb_group": "unnamed-runs",
    "wandb_config": {
        "n_proc": 48,
        "min_inference_size": 36,
        "timestep_limit": 1e+16,
        "exp_buffer_size": 150000,
        "ts_per_iteration": 50000,
        "standardize_returns": true,
        "standardize_obs": true,
        "policy_layer_sizes": [
            512,
            512,
            256
        ],
        "critic_layer_sizes": [
            512,
            512,
            256
        ],
        "ppo_epochs": 2,
        "ppo_batch_size": 50000,
        "ppo_minibatch_size": 50000,
        "ppo_ent_coef": 0.01,
        "ppo_clip_range": 0.2,
        "gae_lambda": 0.95,
        "gae_gamma": 0.99,
        "policy_lr": 0.0002,
        "critic_lr": 0.0002,
        "shm_buffer_size": 8192
    }
}