{
    "cumulative_timesteps": 313817446,
    "cumulative_model_updates": 37442,
    "policy_average_reward": 191.3285812026216,
    "epoch": 6249,
    "ts_since_last_save": 500206,
    "reward_running_stats": {
        "mean": [
            17.29755537833325
        ],
        "var": [
            1244033288.0089574
        ],
        "shape": [
            1
        ],
        "count": 940650
    },
    "obs_running_stats": {
        "mean": [
            -1.8177729004998145e-12,
            1.0236707204867978e-12,
            0.12734139389994414,
            1.5604779675657541e-12,
            -2.1048772143776227e-12,
            -0.012719332775539043,
            -2.1298573576506e-12,
            -1.319101896373049e-12,
            0.0032500250177480675,
            0.5909832045954423,
            0.29644206994362676,
            -0.20333596538937393,
            0.017906381064720946,
            0.03382120945074073,
            0.1363706659823457,
            0.7340692491903487,
            0.28383742467260603,
            0.9794969225412268,
            0.9764078270191846,
            0.9770771842172714,
            0.9328229877956837,
            0.937145011687367,
            0.9803220211412169,
            0.9801469779691089,
            0.9805130270313611,
            0.9762280364704522,
            0.9762591972081512,
            0.9802206016092803,
            0.979857092718886,
            0.9793674883142942,
            0.9794410758853921,
            0.9791862647853534,
            0.9316457526434849,
            0.9792364364110482,
            0.9792364309949873,
            0.9316457526435122,
            0.9791862702015929,
            0.979441081301588,
            0.9793674937304336,
            0.9798570981350161,
            0.9802206016092901,
            0.9762592026242987,
            0.9762280418865461,
            0.9805130270313397,
            0.9801469833853192,
            0.9803220211411919,
            0.9371450116873276,
            0.9328229823793529,
            0.9770771896333635,
            0.9764078324353137,
            0.9794969279574405,
            -0.011163959786881042,
            0.008102664262693746,
            0.062177298654695824,
            0.07048617109055205,
            0.009496395324605254,
            -0.002786828468822016,
            0.01026260756022067,
            0.007990171135888308,
            0.6019192902077691,
            -0.0013790629363358003,
            0.0014759793047216525,
            -0.004724960316486596,
            0.037864382845610105,
            -0.04981894718051857,
            0.051685401865846664,
            0.08691483075433891,
            0.4714247342374698,
            0.5420525233691211,
            0.0011549847723825027,
            0.011163958263586243,
            -0.008102664305009137,
            0.06217729662363262,
            -0.07048617092132671,
            -0.009496394774528892,
            -0.002786830161376059,
            -0.010262606713945039,
            -0.007990170755065428,
            0.6019192847915551,
            0.0013790625555110628,
            -0.0014759794025732582,
            -0.004724959470209004,
            -0.03786438335338195,
            0.04981894921160404,
            0.05168540186584896,
            0.08691483617049615,
            0.4714247328833157,
            0.5420525274312562,
            0.0011549847737048033
        ],
        "var": [
            16502191.470647631,
            12919921.404579181,
            1071575.1047065859,
            2597094.8527555307,
            3551001.2198513723,
            1029922.2449387285,
            16260643.92839096,
            14630887.812453678,
            7565766.37771929,
            10871855.117412422,
            14422672.698600939,
            12217956.701464888,
            12487737.684331467,
            4370655.160210081,
            5273755.628492725,
            8747733.323067036,
            9123317.619725063,
            800821.3948820927,
            932962.3585217912,
            905104.4903225316,
            2668719.1967402445,
            2498227.397026765,
            761897.3608694354,
            770089.9049496178,
            747627.6776975706,
            938840.3644690699,
            939169.115338596,
            762334.3393818344,
            777369.0625479796,
            794000.6144930751,
            788011.8028799922,
            801727.1570079182,
            2710281.3357464806,
            796318.2542044994,
            796318.2587213753,
            2710281.327934526,
            801727.1538206219,
            788011.782700096,
            794000.607480531,
            777369.0563084985,
            762334.3393818556,
            939169.108917603,
            938840.361752883,
            747627.6776975828,
            770089.661540083,
            761897.3608694486,
            2498227.389214192,
            2668719.1576580643,
            905104.4838687119,
            932961.5045508614,
            800821.312950524,
            16022296.064952485,
            12546079.300212158,
            625828.8090356247,
            18634373.668464605,
            20998026.328371473,
            4961009.105344301,
            6940283.995859789,
            6491845.1589057185,
            15134646.646119239,
            4087085.1052071876,
            5304038.1941651795,
            578359.1603062863,
            6295291.065366278,
            6280648.623717039,
            3276140.0342193516,
            2071519.9917234057,
            11166769.036200669,
            11135142.125433689,
            51714.14409752895,
            16022295.562803015,
            12546079.487713993,
            625828.8001123312,
            18634373.419222962,
            20998025.954027507,
            4961009.163065291,
            6940283.935178176,
            6491845.346925251,
            15134647.313276177,
            4087084.980099904,
            5304038.256653443,
            578359.1754856778,
            6295290.876691651,
            6280648.617267808,
            3276140.0654688105,
            2071520.024446419,
            11166769.081314052,
            11135142.064442785,
            51714.1440974058
        ],
        "shape": [
            89
        ],
        "count": 44831140
    },
    "wandb_run_id": "qwkk58u3",
    "wandb_project": "rlgym-ppo",
    "wandb_entity": "gashfraude-epsi",
    "wandb_group": "unnamed-runs",
    "wandb_config": {
        "n_proc": 48,
        "min_inference_size": 36,
        "timestep_limit": 1e+16,
        "exp_buffer_size": 150000,
        "ts_per_iteration": 50000,
        "standardize_returns": true,
        "standardize_obs": true,
        "policy_layer_sizes": [
            512,
            512,
            256
        ],
        "critic_layer_sizes": [
            512,
            512,
            256
        ],
        "ppo_epochs": 2,
        "ppo_batch_size": 50000,
        "ppo_minibatch_size": 50000,
        "ppo_ent_coef": 0.01,
        "ppo_clip_range": 0.2,
        "gae_lambda": 0.95,
        "gae_gamma": 0.99,
        "policy_lr": 0.0002,
        "critic_lr": 0.0002,
        "shm_buffer_size": 8192
    }
}