{
    "cumulative_timesteps": 136099558,
    "cumulative_model_updates": 16226,
    "policy_average_reward": 220.88696698668525,
    "epoch": 2709,
    "ts_since_last_save": 500440,
    "reward_running_stats": {
        "mean": [
            16.854373275860603
        ],
        "var": [
            291621725.5946045
        ],
        "shape": [
            1
        ],
        "count": 408000
    },
    "obs_running_stats": {
        "mean": [
            -4.1913971414898246e-12,
            2.360366642232537e-12,
            0.13047348847016577,
            3.5981298159324732e-12,
            -4.853398527787138e-12,
            -0.01923325161179353,
            -4.910997444592221e-12,
            -3.041568004551455e-12,
            0.009637147118814804,
            0.47314123489422844,
            0.24382271795466873,
            -0.17488741728409912,
            0.06855387801667473,
            0.05100401504118572,
            0.16942584733064397,
            0.6243776271904631,
            0.46136412520864695,
            0.9797347236630207,
            0.9773651326446883,
            0.977387251088549,
            0.9452245737813862,
            0.9438769472046209,
            0.977660088159136,
            0.9774340216014016,
            0.976799773833451,
            0.97771733276803,
            0.9765982069696068,
            0.9762491473295695,
            0.9757136033174788,
            0.9749957814925626,
            0.9737952913750111,
            0.9746020405759376,
            0.9415009076414875,
            0.9736798135792428,
            0.9736798010907266,
            0.9415009076414772,
            0.9746020530644836,
            0.9737953038636284,
            0.9749957939810916,
            0.9757136158059068,
            0.9762491473295615,
            0.9765982194580747,
            0.9777173452566188,
            0.9767997738334209,
            0.9774340340898426,
            0.9776600881591443,
            0.9438769472045787,
            0.945224561292883,
            0.977387263577253,
            0.9773651451330561,
            0.9797347361517117,
            -0.014640186805684135,
            0.004026876359567837,
            0.07303244180961906,
            0.06074217417592282,
            0.008084912804924313,
            -0.008166997370715886,
            0.007430400096671192,
            0.005742106931304189,
            0.5902908169403575,
            -0.0017196275689591509,
            0.0012295646295760816,
            -0.007527078338606821,
            0.023895322761682908,
            -0.02757702169763389,
            0.04936994739934594,
            0.11525789239744738,
            0.42856481447513983,
            0.5016673745101324,
            0.0007292275644631493,
            0.014640183293279693,
            -0.004026876457134544,
            0.0730324371264328,
            -0.0607421737856601,
            -0.008084911536558265,
            -0.008167001273385733,
            -0.007430398145336643,
            -0.00574210605320386,
            0.5902908044517594,
            0.0017196266908582817,
            -0.0012295648551996982,
            -0.007527076387271957,
            -0.023895323932480384,
            0.02757702638083704,
            0.04936994739933699,
            0.11525790488603077,
            0.42856481135296426,
            0.5016673838765305,
            0.0007292275675122209
        ],
        "var": [
            6951273.732395732,
            5095077.083919545,
            519292.32550591696,
            948877.1755332683,
            1060857.9497156355,
            493420.5476762802,
            6634430.110203004,
            6373518.186625453,
            3011295.9765758,
            5300255.924867433,
            4933370.60177985,
            3841130.4827386863,
            4855017.095270186,
            2062778.2757435355,
            2729842.3207191275,
            4556118.004130302,
            4842021.091160811,
            286521.508832467,
            330376.6397049631,
            330720.40613926615,
            866065.5743526946,
            887435.8772997874,
            321719.61233969347,
            326572.99272723787,
            331642.8098721166,
            322035.9963959509,
            344460.3238122314,
            343957.5972404414,
            353258.7262563273,
            362104.3535882082,
            381424.38400749036,
            369312.7726444961,
            926201.6801884128,
            383063.0069698853,
            383063.0087883412,
            926201.6723760128,
            369312.7716832205,
            381424.3665694627,
            362104.3486986115,
            353258.72202905454,
            343957.5972404486,
            344460.31722676,
            322035.99295654136,
            331642.80987210874,
            326572.7506351029,
            321719.61233968916,
            887435.8694871872,
            866065.5412921044,
            330720.39953484095,
            330375.7852690407,
            286521.4267852333,
            6641752.67709227,
            4959570.8731043255,
            351074.4478053519,
            8326217.63458539,
            8995330.980820786,
            2036421.6543633682,
            3150012.9069923703,
            2932684.154319671,
            6569575.989054344,
            1784870.150598721,
            2097900.687271433,
            293782.40706369764,
            2700791.1529641664,
            2686831.5933891097,
            1231508.6876481173,
            1112766.1031175214,
            4757093.9766690675,
            4867303.119513934,
            14162.609186576072,
            6641752.175418037,
            4959571.060617101,
            351074.440859147,
            8326217.385199967,
            8995330.606414834,
            2036421.711266597,
            3150012.846097691,
            2932684.342262429,
            6569576.650560891,
            1784870.025501054,
            2097900.749763182,
            293782.42245574703,
            2700790.964924521,
            2686831.5909891063,
            1231508.7188976095,
            1112766.1220764394,
            4757094.016579137,
            4867303.073234175,
            14162.609186505102
        ],
        "shape": [
            89
        ],
        "count": 19442880
    },
    "wandb_run_id": "qwkk58u3",
    "wandb_project": "rlgym-ppo",
    "wandb_entity": "gashfraude-epsi",
    "wandb_group": "unnamed-runs",
    "wandb_config": {
        "n_proc": 48,
        "min_inference_size": 36,
        "timestep_limit": 1e+16,
        "exp_buffer_size": 150000,
        "ts_per_iteration": 50000,
        "standardize_returns": true,
        "standardize_obs": true,
        "policy_layer_sizes": [
            512,
            512,
            256
        ],
        "critic_layer_sizes": [
            512,
            512,
            256
        ],
        "ppo_epochs": 2,
        "ppo_batch_size": 50000,
        "ppo_minibatch_size": 50000,
        "ppo_ent_coef": 0.01,
        "ppo_clip_range": 0.2,
        "gae_lambda": 0.95,
        "gae_gamma": 0.99,
        "policy_lr": 0.0002,
        "critic_lr": 0.0002,
        "shm_buffer_size": 8192
    }
}