{
    "cumulative_timesteps": 175632650,
    "cumulative_model_updates": 20934,
    "policy_average_reward": 2558.04661901679,
    "epoch": 3495,
    "ts_since_last_save": 500548,
    "reward_running_stats": {
        "mean": [
            21.65690279518046
        ],
        "var": [
            616804754.6746699
        ],
        "shape": [
            1
        ],
        "count": 526500
    },
    "obs_running_stats": {
        "mean": [
            -3.247960844005854e-12,
            1.8290746936233623e-12,
            0.13305285373003717,
            2.7882313115485473e-12,
            -3.760953174448174e-12,
            -0.016335383322206454,
            -3.805587206714273e-12,
            -2.356945302344769e-12,
            0.01253130611855301,
            0.5255646493799463,
            0.25525889912316213,
            -0.18807092085380198,
            0.07778134743971846,
            0.05691940581391215,
            0.13666913315054272,
            0.6826132833015882,
            0.3796551885751143,
            0.9791018444466074,
            0.9762041425383667,
            0.9765805025672863,
            0.9390721796683486,
            0.9385084298680351,
            0.9782745623183682,
            0.9781947955482962,
            0.978098081369222,
            0.9765903763793673,
            0.9752988086437369,
            0.9775275950152953,
            0.9769651295222495,
            0.976421276455939,
            0.9760655242976528,
            0.9760841579896291,
            0.9361891797584766,
            0.975774926958047,
            0.975774917280644,
            0.9361891797584986,
            0.9760841676670255,
            0.9760655339752983,
            0.9764212861334047,
            0.9769651391997072,
            0.9775275950153135,
            0.9752988183212086,
            0.9765903860568022,
            0.9780980813692225,
            0.9781948052257655,
            0.9782745623183567,
            0.9385084298680448,
            0.9390721699909036,
            0.9765805122449283,
            0.9762041522158535,
            0.9791018541242047,
            -0.013836591056292197,
            0.0023471872168154767,
            0.06930551734769433,
            0.05405349780127833,
            0.004742763660575744,
            -0.0030833079106858804,
            0.009654363569473483,
            0.005275632119253707,
            0.6223896534132294,
            -0.0015083494858915089,
            0.0015687699765532083,
            -0.006473329074027573,
            0.01926539265774476,
            -0.03028790570595182,
            0.05786178542242753,
            0.10410262038853564,
            0.5048726591725378,
            0.5705615824706319,
            0.0013389664449576038,
            0.013836588334489308,
            -0.0023471872924202488,
            0.06930551371865008,
            -0.05405349749885913,
            -0.004742762677704985,
            -0.0030833109349086532,
            -0.009654362057365027,
            -0.005275631438804679,
            0.6223896437355942,
            0.0015083488054415996,
            -0.0015687701513916298,
            -0.006473327561916176,
            -0.019265393565010804,
            0.03028790933501821,
            0.05786178542241103,
            0.10410263006608918,
            0.504872656753199,
            0.5705615897287463,
            0.0013389664473202772
        ],
        "var": [
            9162267.95154628,
            6776647.862797558,
            663043.5050482482,
            1415549.2428381129,
            1657507.6283540216,
            634795.1911581528,
            8706083.158554245,
            8236319.565881131,
            4149091.6313077873,
            5898104.55901563,
            6544502.464162715,
            5404469.738325991,
            6289838.653177209,
            2532799.9824139676,
            2954266.5287292097,
            5432083.449458291,
            5919557.115712478,
            413877.5090002429,
            483092.65766182105,
            474849.8223083955,
            1294975.1793970114,
            1305462.6249877003,
            430329.4400602809,
            432899.07754988334,
            428522.20552478597,
            472058.8869005915,
            504565.1833481689,
            444312.4764694717,
            457171.57196480874,
            465758.0580335051,
            471434.2531501483,
            473753.59805621725,
            1354226.1551611451,
            477885.66419654276,
            477885.6670323107,
            1354226.1473488489,
            473753.59637524263,
            471434.2346096001,
            465758.0524516961,
            457171.5671297872,
            444312.4764694818,
            504565.1773937001,
            472058.884008477,
            428522.2055247709,
            432898.83508832025,
            430329.4400602671,
            1305462.6171749893,
            1294975.1433487546,
            474849.8160957449,
            483091.8037896797,
            413877.42726035835,
            8818920.829914572,
            6616377.401728808,
            433606.4012249015,
            10692779.408111941,
            11738222.570447842,
            2574740.996960822,
            3860315.8690455356,
            3494336.650701854,
            7999355.008037376,
            2468119.0210233363,
            2935467.834997905,
            385941.4798047807,
            3142600.3697944824,
            3170016.903180944,
            1572946.5573115882,
            1334264.505080811,
            6267609.99791835,
            6154328.355745799,
            33544.96542408352,
            8818920.328128487,
            6616377.589249072,
            433606.393599968,
            10692779.158624858,
            11738222.195875585,
            2574741.0546355788,
            3860315.808318853,
            3494336.8386286553,
            7999355.685131422,
            2468118.895918803,
            2935467.8974868255,
            385941.4951168849,
            3142600.181965287,
            3170016.900287486,
            1572946.588561028,
            1334264.5294569256,
            6267610.04709281,
            6154328.284373713,
            33544.96542393967
        ],
        "shape": [
            89
        ],
        "count": 25090460
    },
    "wandb_run_id": "qwkk58u3",
    "wandb_project": "rlgym-ppo",
    "wandb_entity": "gashfraude-epsi",
    "wandb_group": "unnamed-runs",
    "wandb_config": {
        "n_proc": 48,
        "min_inference_size": 36,
        "timestep_limit": 1e+16,
        "exp_buffer_size": 150000,
        "ts_per_iteration": 50000,
        "standardize_returns": true,
        "standardize_obs": true,
        "policy_layer_sizes": [
            512,
            512,
            256
        ],
        "critic_layer_sizes": [
            512,
            512,
            256
        ],
        "ppo_epochs": 2,
        "ppo_batch_size": 50000,
        "ppo_minibatch_size": 50000,
        "ppo_ent_coef": 0.01,
        "ppo_clip_range": 0.2,
        "gae_lambda": 0.95,
        "gae_gamma": 0.99,
        "policy_lr": 0.0002,
        "critic_lr": 0.0002,
        "shm_buffer_size": 8192
    }
}