{
    "cumulative_timesteps": 182636158,
    "cumulative_model_updates": 21748,
    "policy_average_reward": 420.731603601094,
    "epoch": 3632,
    "ts_since_last_save": 500300,
    "reward_running_stats": {
        "mean": [
            22.974133544110845
        ],
        "var": [
            753876561.5711234
        ],
        "shape": [
            1
        ],
        "count": 547500
    },
    "obs_running_stats": {
        "mean": [
            -3.1234127811520083e-12,
            1.7589360036779119e-12,
            0.1333027070784765,
            2.6813122845132876e-12,
            -3.616733627526281e-12,
            -0.015944846588964803,
            -3.659656099910518e-12,
            -2.2665646006712537e-12,
            0.012134899340690557,
            0.5315677113356226,
            0.25506401900035053,
            -0.19068190167786622,
            0.0770990127548047,
            0.055503875703249515,
            0.13218845465728915,
            0.6896414183084827,
            0.37004878558831533,
            0.9790366326914486,
            0.9760935566334334,
            0.9764860315380031,
            0.9382921838700745,
            0.9379600863742799,
            0.978374606822291,
            0.9783190172592615,
            0.9782771022310286,
            0.97643734564792,
            0.9751637615730046,
            0.9777074886107024,
            0.9771731457186345,
            0.9766113218252462,
            0.9763789047059459,
            0.9763079808212448,
            0.9354576082320266,
            0.9760843880797271,
            0.9760843787734311,
            0.9354576082320467,
            0.9763079901275658,
            0.9763789140124706,
            0.9766113311315755,
            0.9771731550249978,
            0.9777074886107167,
            0.9751637708793646,
            0.9764373549542534,
            0.9782771022310297,
            0.9783190265656446,
            0.9783746068222675,
            0.9379600863742855,
            0.9382921745637159,
            0.9764860408445358,
            0.9760935659397997,
            0.9790366419979365,
            -0.014026799891994193,
            0.002068454079296073,
            0.06867061949043539,
            0.052487515431246086,
            0.004629152836998155,
            -0.0021088159048730545,
            0.01018419322903794,
            0.005288751781645933,
            0.6282845250988287,
            -0.001511172696529894,
            0.0016095927165985793,
            -0.006339837563939119,
            0.018614513150716577,
            -0.029729927460819403,
            0.05884503948133929,
            0.10264041675577149,
            0.5166287209562006,
            0.5812099947620221,
            0.00143878519250049,
            0.014026797274562307,
            -0.002068454152001552,
            0.0686706160005589,
            -0.052487515140421256,
            -0.004629151891817404,
            -0.0021088188131274505,
            -0.010184191774914619,
            -0.0052887511272897,
            0.6282845157922393,
            0.0015111720421729126,
            -0.0016095928847326372,
            -0.006339836109811825,
            -0.018614514023190844,
            0.029729930950722384,
            0.05884503948132215,
            0.1026404260622277,
            0.5166287186296304,
            0.581210001741773,
            0.0014387851947725609
        ],
        "var": [
            9553567.039994782,
            7074604.36011486,
            687983.4380813825,
            1499364.3149862753,
            1766246.7628427292,
            659113.311333421,
            9077818.430463757,
            8568602.038476335,
            4341636.190803925,
            6038164.581846126,
            6793331.730335641,
            5684548.69335682,
            6503833.607835461,
            2605872.1783191627,
            2986841.6234670575,
            5580583.0978726,
            6092457.269397607,
            435979.3338509379,
            509081.49776399386,
            500081.3928408894,
            1370074.3935079987,
            1375741.1876414865,
            449096.3671720201,
            451139.31531776814,
            445488.0365148004,
            498737.05643538985,
            532017.1851367027,
            461807.3244324913,
            474508.6097232472,
            484066.7112160571,
            487019.9418754663,
            491547.363824682,
            1430632.3772627234,
            493850.2122711219,
            493850.21525716555,
            1430632.3694504793,
            491547.3620350149,
            487019.9231827169,
            484066.7055419685,
            474508.6047872058,
            461807.3244325073,
            532017.1792477914,
            498737.05361758376,
            445488.03651478497,
            451139.0727958847,
            449096.36717199814,
            1375741.179828812,
            1370074.3570810005,
            500081.38667412754,
            509080.6439455453,
            435979.2521427224,
            9206048.533837726,
            6907047.8991150865,
            447575.10768356844,
            11113574.882302834,
            12231128.993610037,
            2663094.693748191,
            3970921.1984111513,
            3582161.2828408587,
            8221105.0467997575,
            2579839.855686032,
            3075396.251859813,
            400038.40348663356,
            3206850.960535477,
            3236282.027777153,
            1629146.3062200951,
            1373175.0879517149,
            6511115.691307978,
            6357305.155155438,
            37479.93741610948,
            9206048.032076167,
            6907048.086636934,
            447575.0999430353,
            11113574.632791186,
            12231128.619031323,
            2663094.7515706527,
            3970921.1377249015,
            3582161.4707680736,
            8221105.726756667,
            2579839.730581766,
            3075396.3143481566,
            400038.41878858797,
            3206850.7727358285,
            3236282.024985341,
            1629146.3374695403,
            1373175.113037814,
            6511115.741910187,
            6357305.079904696,
            37479.93741595386
        ],
        "shape": [
            89
        ],
        "count": 26090958
    },
    "wandb_run_id": "qwkk58u3",
    "wandb_project": "rlgym-ppo",
    "wandb_entity": "gashfraude-epsi",
    "wandb_group": "unnamed-runs",
    "wandb_config": {
        "n_proc": 48,
        "min_inference_size": 36,
        "timestep_limit": 1e+16,
        "exp_buffer_size": 150000,
        "ts_per_iteration": 50000,
        "standardize_returns": true,
        "standardize_obs": true,
        "policy_layer_sizes": [
            512,
            512,
            256
        ],
        "critic_layer_sizes": [
            512,
            512,
            256
        ],
        "ppo_epochs": 2,
        "ppo_batch_size": 50000,
        "ppo_minibatch_size": 50000,
        "ppo_ent_coef": 0.01,
        "ppo_clip_range": 0.2,
        "gae_lambda": 0.95,
        "gae_gamma": 0.99,
        "policy_lr": 0.0002,
        "critic_lr": 0.0002,
        "shm_buffer_size": 8192
    }
}