{
    "cumulative_timesteps": 608154694,
    "cumulative_model_updates": 72720,
    "policy_average_reward": 281.9400353136205,
    "epoch": 12130,
    "ts_since_last_save": 500378,
    "reward_running_stats": {
        "mean": [
            12.00901724207262
        ],
        "var": [
            4679580676.791372
        ],
        "shape": [
            1
        ],
        "count": 1823100
    },
    "obs_running_stats": {
        "mean": [
            -9.380003802565636e-13,
            5.28230743647749e-13,
            0.12170030952624786,
            8.052320087251614e-13,
            -1.086150873696759e-12,
            -0.010742994194938706,
            -1.0990410340806009e-12,
            -6.806780255798188e-13,
            -0.003086011666264564,
            0.6299987074613898,
            0.35240558657008586,
            -0.13688562616249025,
            -0.10669425214521079,
            0.041515822659212005,
            0.1426486532025133,
            0.5389847024135441,
            0.2178352016806582,
            0.9795836866857619,
            0.9752143535542641,
            0.9768282595185854,
            0.9274822900434189,
            0.9382958565105313,
            0.9799800308610437,
            0.9800149023952422,
            0.9803580841573785,
            0.9758365590140475,
            0.9777293567359184,
            0.9802084079670038,
            0.9801953494163913,
            0.9795949358079931,
            0.9794920576350055,
            0.9796148432230346,
            0.9288178001675168,
            0.9794923888885976,
            0.9794923860938064,
            0.9288178001675222,
            0.9796148460177597,
            0.979492060429979,
            0.9795949386028483,
            0.9801953522113267,
            0.9802084079670588,
            0.9777293595305103,
            0.9758365618087781,
            0.9803580841573317,
            0.9800149051901192,
            0.9799800308609775,
            0.9382958565103944,
            0.9274822872484481,
            0.9768282623133707,
            0.9752143563492016,
            0.9795836894805994,
            -0.017056405661720994,
            0.010328787343515748,
            0.05588043883008654,
            0.09369902408284513,
            0.0028811526170211595,
            -0.02131309458861387,
            0.011870724534599626,
            0.021024488143131983,
            0.5526584498522612,
            -0.0019417176946873043,
            0.0017583743372004607,
            -0.0036137002894753158,
            0.0536963204095673,
            -0.07263910422531628,
            0.03476384492263029,
            0.1347518909611568,
            0.4130771501477241,
            0.4882391864424168,
            0.0009229962633286905,
            0.01705640487568407,
            -0.010328787365350558,
            0.05588043778202265,
            -0.09369902399556768,
            -0.002881152333171137,
            -0.021313095461997857,
            -0.011870724097908285,
            -0.021024487946613924,
            0.5526584470577202,
            0.001941717498176588,
            -0.0017583743876935169,
            -0.003613699852783272,
            -0.05369632067158187,
            0.07263910527336068,
            0.034763844922608464,
            0.13475189375594787,
            0.4130771494488461,
            0.4882391885382658,
            0.0009229962640107924
        ],
        "var": [
            31327839.69901092,
            26540984.880994283,
            1840166.2459384466,
            5044822.169643605,
            8669876.669006595,
            1833670.7536581464,
            35158433.23990525,
            27184850.4527282,
            14925069.845372166,
            21406098.40308645,
            32976124.34459544,
            30998794.985538106,
            31547098.349366903,
            9905188.451041056,
            10619167.706791038,
            21583964.56078234,
            14813084.885479862,
            1638032.793815093,
            2000238.5309237747,
            1867502.1860161023,
            5702815.43403664,
            4887512.58071991,
            1601570.8455069866,
            1599317.8045210622,
            1563986.487471097,
            1947027.3322894261,
            1791877.560839498,
            1578589.1379866728,
            1579067.533075836,
            1624710.6056359452,
            1630457.2230193666,
            1622990.4248428324,
            5599398.7211463135,
            1629940.95636509,
            1629940.961006318,
            5599398.713333498,
            1622990.4214477972,
            1630457.202814812,
            1624710.5985132747,
            1579067.5266717784,
            1578589.1379865974,
            1791877.5537050136,
            1947027.3297633042,
            1563986.4874710243,
            1599317.5611756546,
            1601570.8455068746,
            4887512.572906983,
            5702815.39235932,
            1867502.1796838236,
            2000237.677532299,
            1638032.7118407,
            30377600.4972927,
            25342073.988152076,
            959840.2655863949,
            35319667.31367172,
            40399237.306826316,
            10346862.841315579,
            14356545.62663807,
            13963637.590769986,
            31958667.311111536,
            7462292.5121176215,
            11345454.552873854,
            924278.4916407599,
            14325469.684053741,
            14045836.914808525,
            7889072.104196831,
            5933823.523906153,
            21058995.934822816,
            21714449.310029373,
            80109.93397259999,
            30377599.9959591,
            25342074.175649337,
            959840.2555161259,
            35319667.064766645,
            40399236.93216041,
            10346862.896223092,
            14356545.566080824,
            13963637.77923742,
            31958667.954338018,
            7462292.387031101,
            11345454.61535676,
            924278.5067356552,
            14325469.494655974,
            14045836.904203136,
            7889072.135446874,
            5933823.533398142,
            21058995.972834215,
            21714449.268636968,
            80109.93397250604
        ],
        "shape": [
            89
        ],
        "count": 86879316
    },
    "wandb_run_id": "qwkk58u3",
    "wandb_project": "rlgym-ppo",
    "wandb_entity": "gashfraude-epsi",
    "wandb_group": "unnamed-runs",
    "wandb_config": {
        "n_proc": 48,
        "min_inference_size": 36,
        "timestep_limit": 1e+16,
        "exp_buffer_size": 150000,
        "ts_per_iteration": 50000,
        "standardize_returns": true,
        "standardize_obs": true,
        "policy_layer_sizes": [
            512,
            512,
            256
        ],
        "critic_layer_sizes": [
            512,
            512,
            256
        ],
        "ppo_epochs": 2,
        "ppo_batch_size": 50000,
        "ppo_minibatch_size": 50000,
        "ppo_ent_coef": 0.01,
        "ppo_clip_range": 0.2,
        "gae_lambda": 0.95,
        "gae_gamma": 0.99,
        "policy_lr": 0.0002,
        "critic_lr": 0.0002,
        "shm_buffer_size": 8192
    }
}