{
    "cumulative_timesteps": 607154030,
    "cumulative_model_updates": 72600,
    "policy_average_reward": 234.14814453238887,
    "epoch": 12110,
    "ts_since_last_save": 500526,
    "reward_running_stats": {
        "mean": [
            12.014923233546673
        ],
        "var": [
            4667427559.721452
        ],
        "shape": [
            1
        ],
        "count": 1820100
    },
    "obs_running_stats": {
        "mean": [
            -9.395463180173236e-13,
            5.291013313239519e-13,
            0.12171147260419107,
            8.065591284687545e-13,
            -1.08794098134678e-12,
            -0.010747787409796114,
            -1.1008523866288474e-12,
            -6.817998652686116e-13,
            -0.003084115212605647,
            0.6299479261710896,
            0.35226222007956864,
            -0.13716352425237502,
            -0.10636930837486992,
            0.041599166796028354,
            0.14260918775146486,
            0.5396312241097864,
            0.21796643819122605,
            0.9795834266700133,
            0.975214420910897,
            0.9768231930548118,
            0.9274974791551702,
            0.9382850337059259,
            0.9799827875522448,
            0.980012943474386,
            0.980362812841261,
            0.9758346196634932,
            0.9777246109409996,
            0.980210503424163,
            0.9801903790165407,
            0.9795959625430347,
            0.9794969269724202,
            0.9796156145381457,
            0.9288197297177199,
            0.9794922435744171,
            0.9794922407750218,
            0.9288197297177232,
            0.979615617337483,
            0.9794969297720165,
            0.979595965342493,
            0.9801903818160888,
            0.9802105034242198,
            0.9777246137401979,
            0.9758346224628264,
            0.9803628128412089,
            0.9800129462738781,
            0.9799827875521796,
            0.9382850337057911,
            0.9274974763556041,
            0.9768231958542145,
            0.9752144237104375,
            0.979583429469453,
            -0.017028099626809325,
            0.010339958697251057,
            0.05588809495818258,
            0.09366865267734442,
            0.0029222170532025894,
            -0.02130089200963613,
            0.01186972713617999,
            0.021003852760652957,
            0.5528292150085958,
            -0.0019394808268957677,
            0.001760237834166011,
            -0.00361668338055298,
            0.053701151069537524,
            -0.07257169804278346,
            0.03481048555168053,
            0.13456716938272434,
            0.4132673264936954,
            0.48844126740790317,
            0.000923618195807152,
            0.017028098839477077,
            -0.010339958719121618,
            0.05588809390839088,
            -0.09366865258992552,
            -0.0029222167688847094,
            -0.021300892884459657,
            -0.01186972669876854,
            -0.02100385256381171,
            0.5528292122094399,
            0.0019394806300612431,
            -0.0017602378847422287,
            -0.0036166829431412777,
            -0.05370115133198328,
            0.07257169909255477,
            0.034810485551659234,
            0.13456717218212488,
            0.41326732579365355,
            0.48844126950721994,
            0.0009236181964903788
        ],
        "var": [
            31278202.47821062,
            26494673.14626385,
            1837534.1810917228,
            5036811.601702193,
            8651947.28475933,
            1830972.9576924401,
            35090797.34264625,
            27141257.564828765,
            14900598.070057783,
            21369608.178086493,
            32912563.891965996,
            30941079.830652267,
            31479053.16352254,
            9883395.535578225,
            10599238.048512883,
            21544035.27954866,
            14795150.548443168,
            1635195.4590071263,
            1996777.6399870606,
            1864685.5734564373,
            5692074.249284494,
            4880058.999044116,
            1598536.7136543032,
            1596681.1084840933,
            1560839.749325936,
            1943816.6684443254,
            1789158.1257774874,
            1575641.3272575121,
            1576706.5240241585,
            1621767.7603458345,
            1627180.6661027125,
            1620071.5567323517,
            5589803.871523681,
            1627081.5596016636,
            1627081.5642428296,
            5589803.86371083,
            1620071.5533369419,
            1627180.645895803,
            1621767.7532226772,
            1576706.517622547,
            1575641.3272574255,
            1789158.1186453241,
            1943816.665919161,
            1560839.7493258666,
            1596680.8651396467,
            1598536.7136541908,
            4880058.991231238,
            5692074.207614402,
            1864685.5671266268,
            1996776.786595526,
            1635195.3770328693,
            30329506.538210593,
            25299167.385818396,
            958696.0926891837,
            35261873.01133492,
            40334357.21512277,
            10328424.421423882,
            14329477.612561958,
            13936306.47648724,
            31897563.08921284,
            7451049.918887257,
            11324731.188872544,
            923068.1786168356,
            14294554.204153126,
            14016462.27431659,
            7873249.691718138,
            5917798.833184026,
            21027202.503773443,
            21679139.82228241,
            80031.95614250103,
            30329506.036872543,
            25299167.573314738,
            958696.0826203233,
            35261872.762429215,
            40334356.840459235,
            10328424.476333048,
            14329477.552005004,
            13936306.664954185,
            31897563.732522387,
            7451049.793800767,
            11324731.251355588,
            923068.1937119593,
            14294554.014754718,
            14016462.263723211,
            7873249.722967767,
            5917798.842765843,
            21027202.541807827,
            21679139.78081655,
            80031.95614240685
        ],
        "shape": [
            89
        ],
        "count": 86736364
    },
    "wandb_run_id": "qwkk58u3",
    "wandb_project": "rlgym-ppo",
    "wandb_entity": "gashfraude-epsi",
    "wandb_group": "unnamed-runs",
    "wandb_config": {
        "n_proc": 48,
        "min_inference_size": 36,
        "timestep_limit": 1e+16,
        "exp_buffer_size": 150000,
        "ts_per_iteration": 50000,
        "standardize_returns": true,
        "standardize_obs": true,
        "policy_layer_sizes": [
            512,
            512,
            256
        ],
        "critic_layer_sizes": [
            512,
            512,
            256
        ],
        "ppo_epochs": 2,
        "ppo_batch_size": 50000,
        "ppo_minibatch_size": 50000,
        "ppo_ent_coef": 0.01,
        "ppo_clip_range": 0.2,
        "gae_lambda": 0.95,
        "gae_gamma": 0.99,
        "policy_lr": 0.0002,
        "critic_lr": 0.0002,
        "shm_buffer_size": 8192
    }
}