{
    "cumulative_timesteps": 616259648,
    "cumulative_model_updates": 73684,
    "policy_average_reward": 229.594679528198,
    "epoch": 12291,
    "ts_since_last_save": 100040,
    "reward_running_stats": {
        "mean": [
            11.947587114631862
        ],
        "var": [
            4767708374.920592
        ],
        "shape": [
            1
        ],
        "count": 1847400
    },
    "obs_running_stats": {
        "mean": [
            -9.256639561199246e-13,
            5.212835413958753e-13,
            0.121609249533984,
            7.946417326091453e-13,
            -1.0718660000632346e-12,
            -0.01071253191372591,
            -1.0845866296122024e-12,
            -6.717258636918381e-13,
            -0.0031427603820410105,
            0.6304085681127495,
            0.3536300140783572,
            -0.13489626563191284,
            -0.10936542788987505,
            0.04145127338458877,
            0.14296117185958065,
            0.5338468332812005,
            0.2168049153551695,
            0.9795947164407426,
            0.9752019958272378,
            0.9768387937026914,
            0.9273827937746921,
            0.9383536746204234,
            0.9799741937952335,
            0.9800033589212285,
            0.9803505690615191,
            0.975824014768194,
            0.9777646039439591,
            0.9802013847381493,
            0.9801986186570256,
            0.9795885408221863,
            0.9794706362397332,
            0.9796194316689375,
            0.9288204843756386,
            0.979483912213283,
            0.9794839094552182,
            0.928820484375643,
            0.9796194344268928,
            0.9794706389979172,
            0.9795885435803147,
            0.9801986214151748,
            0.9802013847382026,
            0.9777646067017838,
            0.9758240175261719,
            0.9803505690614867,
            0.9800033616793092,
            0.9799741937951657,
            0.9383536746202964,
            0.927382791016474,
            0.9768387964607287,
            0.975201998585463,
            0.9795947191988424,
            -0.01726491320911782,
            0.010323908636155898,
            0.0558178923670568,
            0.09405641643476768,
            0.0025195893700179343,
            -0.02143772101370466,
            0.011884406705834433,
            0.02117471092177715,
            0.551210659942539,
            -0.00196305679534576,
            0.0017590638180391969,
            -0.003595940870809915,
            0.05356432227398291,
            -0.07322480169087954,
            0.03441004898069314,
            0.13622761326558036,
            0.4115188948729378,
            0.48660344839490116,
            0.0009159118550970867,
            0.017264912433418662,
            -0.01032390865770335,
            0.05581789133277613,
            -0.09405641634862809,
            -0.002519589089901147,
            -0.02143772187560253,
            -0.0118844062748858,
            -0.021174710727842917,
            0.5512106571847949,
            0.001963056601419546,
            -0.001759063867868057,
            -0.0035959404398612192,
            -0.053564322532553395,
            0.07322480272513095,
            0.03441004898067315,
            0.13622761602361452,
            0.41151889418324467,
            0.4866034504631516,
            0.0009159118557702707
        ],
        "var": [
            31730192.21071031,
            26918169.24492796,
            1861235.0819946027,
            5108840.854466883,
            8813326.031806117,
            1855679.8250802392,
            35693913.13043003,
            27537771.652604282,
            15131102.872214876,
            21703449.617658183,
            33487348.882396713,
            31458431.275255177,
            32094441.73967302,
            10083241.475478034,
            10780427.97949582,
            21904610.76281937,
            14959082.759306505,
            1660257.8109341394,
            2029259.2869363884,
            1892825.471290349,
            5788179.220955774,
            4950086.052565936,
            1624780.2015222728,
            1622970.7228220783,
            1586917.7878570133,
            1975379.9121111527,
            1814124.3937021259,
            1601645.1210737228,
            1601267.7955008983,
            1648394.535959656,
            1655523.8680539865,
            1645724.7423982627,
            5675747.64603662,
            1653914.3940748998,
            1653914.3987120315,
            5675747.638223604,
            1645724.7390009845,
            1655523.8478598483,
            1648394.5288400752,
            1601267.7890952125,
            1601645.1210736497,
            1814124.3865505296,
            1975379.9095911176,
            1586917.787856955,
            1622970.479482262,
            1624780.2015221843,
            4950086.044752831,
            5788179.179229481,
            1892825.4649528498,
            2029258.4335508777,
            1660257.7289544016,
            30764888.49663786,
            25690875.32250712,
            969024.0379768879,
            35783311.51488319,
            40925845.894779384,
            10497554.500624206,
            14578759.303702643,
            14185024.015161658,
            32458710.2511062,
            7554054.60016913,
            11513540.154244004,
            934231.6508829267,
            14577030.000654463,
            14286853.612632189,
            8017248.885363027,
            6063064.608465876,
            21315647.521889947,
            22000128.8549594,
            80555.09448545089,
            30764887.9953308,
            25690875.510004077,
            969024.0278952016,
            35783311.265981905,
            40925845.520093165,
            10497554.555511812,
            14578759.243145317,
            14185024.203634137,
            32458710.893631008,
            7554054.475083646,
            11513540.21672624,
            934231.6659764525,
            14577029.811263498,
            14286853.601920867,
            8017248.916613305,
            6063064.617241765,
            21315647.559710026,
            22000128.814163562,
            80555.0944853571
        ],
        "shape": [
            89
        ],
        "count": 88037166
    },
    "wandb_run_id": "qwkk58u3",
    "wandb_project": "rlgym-ppo",
    "wandb_entity": "gashfraude-epsi",
    "wandb_group": "unnamed-runs",
    "wandb_config": {
        "n_proc": 48,
        "min_inference_size": 36,
        "timestep_limit": 1e+16,
        "exp_buffer_size": 150000,
        "ts_per_iteration": 50000,
        "standardize_returns": true,
        "standardize_obs": true,
        "policy_layer_sizes": [
            512,
            512,
            256
        ],
        "critic_layer_sizes": [
            512,
            512,
            256
        ],
        "ppo_epochs": 2,
        "ppo_batch_size": 50000,
        "ppo_minibatch_size": 50000,
        "ppo_ent_coef": 0.01,
        "ppo_clip_range": 0.2,
        "gae_lambda": 0.95,
        "gae_gamma": 0.99,
        "policy_lr": 0.0002,
        "critic_lr": 0.0002,
        "shm_buffer_size": 8192
    }
}