{
    "cumulative_timesteps": 274239462,
    "cumulative_model_updates": 32712,
    "policy_average_reward": 1193.3009966178552,
    "epoch": 5460,
    "ts_since_last_save": 500594,
    "reward_running_stats": {
        "mean": [
            18.984508517733644
        ],
        "var": [
            970466948.0010267
        ],
        "shape": [
            1
        ],
        "count": 822000
    },
    "obs_running_stats": {
        "mean": [
            -2.0801115909408026e-12,
            1.1714055895018547e-12,
            0.12992843540200036,
            1.7856841782791525e-12,
            -2.40865044258069e-12,
            -0.013146658884070855,
            -2.4372356861426283e-12,
            -1.5094730169314333e-12,
            0.0038395720248945568,
            0.5819367796124028,
            0.2784278994458702,
            -0.21166400766232643,
            0.02545618363760023,
            0.04164722690142094,
            0.13296348040449169,
            0.7325604255416693,
            0.30190565506096306,
            0.9790850161005888,
            0.9761921131921947,
            0.9767631360889534,
            0.932759416079118,
            0.9366075847504169,
            0.9799778098900249,
            0.9797952446434834,
            0.980175017011615,
            0.9758647484597299,
            0.9757460560761019,
            0.9798492463266085,
            0.9794399383393729,
            0.9789606659450778,
            0.9791233376984172,
            0.978794562530412,
            0.9312512971125059,
            0.9788837280697622,
            0.9788837218720163,
            0.9312512971126219,
            0.9787945687282522,
            0.9791233438963117,
            0.9789606721428536,
            0.9794399445371652,
            0.9798492463266144,
            0.9757460622738957,
            0.9758647546575082,
            0.980175017011615,
            0.9797952508413267,
            0.9799778098899801,
            0.9366075847504067,
            0.9327594098811215,
            0.9767631422867706,
            0.9761921193899608,
            0.9790850222985171,
            -0.012192264845393725,
            0.008829432639377424,
            0.06356122753633955,
            0.06726153838578175,
            0.011862384878475773,
            0.002170429050070911,
            0.010703851512480041,
            0.006260626988990489,
            0.6162674289550384,
            -0.00145831673956307,
            0.0016614875118283997,
            -0.005009083900190201,
            0.03425509671863532,
            -0.04743668894433903,
            0.05509420997799908,
            0.08859067802247131,
            0.49401580319549365,
            0.5600551577347178,
            0.00123011223147223,
            0.012192263102255838,
            -0.008829432687798627,
            0.06356122521216422,
            -0.06726153819210633,
            -0.011862384249012212,
            0.0021704271132490277,
            -0.010703850544070347,
            -0.006260626553208281,
            0.6162674227571343,
            0.001458316303778136,
            -0.0016614876238017033,
            -0.0050090829317802465,
            -0.034255097299686385,
            0.04743669126853942,
            0.05509420997799738,
            0.08859068422030915,
            0.4940158016458644,
            0.5600551623831305,
            0.0012301122329852665
        ],
        "var": [
            14462105.754522992,
            11176770.780522076,
            966444.9763868481,
            2313025.6082664044,
            3041690.9562475407,
            929378.1201505789,
            14021568.463130219,
            12813263.239287315,
            6651658.98452263,
            9342479.56075586,
            11931983.489656031,
            10084927.057257358,
            10390900.089217512,
            3722491.756351583,
            4510331.503027879,
            7671590.927358498,
            8267245.293848552,
            702742.8237275996,
            810769.7393404103,
            790205.4875011075,
            2316571.4978070245,
            2183579.798751594,
            665777.3520608711,
            673297.3925232136,
            652317.1586739526,
            821179.6293540164,
            827263.9951049688,
            666681.392326356,
            681452.8910534139,
            695025.3519840704,
            686093.7804797041,
            701196.7167151666,
            2363558.7791723227,
            694598.1364846609,
            694598.1408301899,
            2363558.771360245,
            701196.713718045,
            686093.7604541357,
            695025.3451691028,
            681452.8850165262,
            666681.3923263786,
            827263.9889331748,
            821179.6268142328,
            652317.1586739733,
            673297.1492844585,
            665777.3520608613,
            2183579.7909390153,
            2316571.4586941977,
            790205.4811997878,
            810768.8854742043,
            702742.7419960283,
            14044966.841736294,
            10888717.834325567,
            576702.6627715852,
            16397226.117069079,
            18395967.014835235,
            4190406.330393293,
            5950070.545269478,
            5489831.081176241,
            12838153.140316991,
            3679330.328184481,
            4652174.333596749,
            527232.3569388395,
            5181704.671261902,
            5215025.785674291,
            2689105.221856664,
            1833770.683782682,
            9788473.758396186,
            9659626.02510618,
            48127.666464058275,
            14044966.33972457,
            10888718.02182487,
            576702.654100438,
            16397225.86778243,
            18395966.640608333,
            4190406.3888656506,
            5950070.484623251,
            5489831.269137218,
            12838153.81443871,
            3679330.203079567,
            4652174.396083674,
            527232.3721397392,
            5181704.482751238,
            5215025.77965767,
            2689105.25310626,
            1833770.7156918033,
            9788473.806253774,
            9659625.957559183,
            48127.66646392718
        ],
        "shape": [
            89
        ],
        "count": 39177144
    },
    "wandb_run_id": "qwkk58u3",
    "wandb_project": "rlgym-ppo",
    "wandb_entity": "gashfraude-epsi",
    "wandb_group": "unnamed-runs",
    "wandb_config": {
        "n_proc": 48,
        "min_inference_size": 36,
        "timestep_limit": 1e+16,
        "exp_buffer_size": 150000,
        "ts_per_iteration": 50000,
        "standardize_returns": true,
        "standardize_obs": true,
        "policy_layer_sizes": [
            512,
            512,
            256
        ],
        "critic_layer_sizes": [
            512,
            512,
            256
        ],
        "ppo_epochs": 2,
        "ppo_batch_size": 50000,
        "ppo_minibatch_size": 50000,
        "ppo_ent_coef": 0.01,
        "ppo_clip_range": 0.2,
        "gae_lambda": 0.95,
        "gae_gamma": 0.99,
        "policy_lr": 0.0002,
        "critic_lr": 0.0002,
        "shm_buffer_size": 8192
    }
}