{
    "cumulative_timesteps": 162121014,
    "cumulative_model_updates": 19324,
    "policy_average_reward": 1627.396424310214,
    "epoch": 3226,
    "ts_since_last_save": 500370,
    "reward_running_stats": {
        "mean": [
            19.63071226650164
        ],
        "var": [
            474229567.25689656
        ],
        "shape": [
            1
        ],
        "count": 486000
    },
    "obs_running_stats": {
        "mean": [
            -3.5186541187299537e-12,
            1.9815144050009767e-12,
            0.13166839985380857,
            3.0206095645802774e-12,
            -4.0744005287037836e-12,
            -0.017211357990294544,
            -4.122754481335165e-12,
            -2.5533790846885856e-12,
            0.01161618455926907,
            0.5098431015700097,
            0.25280362161246006,
            -0.18202488305342723,
            0.07518234439524854,
            0.05693404464147269,
            0.14676692382079506,
            0.6653514067369288,
            0.40233806518384574,
            0.9793758361969772,
            0.9765772595241128,
            0.9768623623413317,
            0.9412199638571038,
            0.940206038527173,
            0.9781157497614894,
            0.9779585671571365,
            0.977733500148273,
            0.9770118746210907,
            0.9758111511821974,
            0.9771739303096879,
            0.976582981120597,
            0.9759865913265614,
            0.975381891524108,
            0.9756693898985864,
            0.9382005724280472,
            0.9751147861688719,
            0.9751147756850131,
            0.9382005724280426,
            0.9756694003825556,
            0.9753819020082898,
            0.9759866018106256,
            0.9765829916046016,
            0.9771739303096951,
            0.9758111616662642,
            0.9770118851050599,
            0.977733500148243,
            0.9779585776411158,
            0.9781157497614889,
            0.9402060385271767,
            0.9412199533731109,
            0.9768623728255682,
            0.9765772700081173,
            0.9793758466811592,
            -0.013676674743854351,
            0.003135871589776508,
            0.07038226568770908,
            0.05681391404826266,
            0.004694002539119782,
            -0.004627850221104955,
            0.00865966949045573,
            0.005078875272310834,
            0.6108580642613376,
            -0.0015803965946869555,
            0.0014475466991181617,
            -0.006781606023132204,
            0.02059549413170461,
            -0.03109426204781799,
            0.0550144284901449,
            0.1071856029653267,
            0.47846278802011505,
            0.5467455485548413,
            0.0010902865044571306,
            0.013676671795209589,
            -0.003135871671682407,
            0.07038226175621111,
            -0.056813913720639354,
            -0.004694001474334644,
            -0.0046278534973745785,
            -0.008659667852322505,
            -0.005078874535151427,
            0.6108580537771899,
            0.0015803958575266058,
            -0.0014475468885279102,
            -0.00678160438499688,
            -0.020595495114585444,
            0.031094265979339862,
            0.055014428490134264,
            0.10718561344943421,
            0.4784627853991156,
            0.5467455564179047,
            0.001090286507016857
        ],
        "var": [
            8401840.25765484,
            6198711.625704519,
            610326.9158780348,
            1241399.8862685207,
            1433253.039860706,
            583056.6585537071,
            8003633.306759894,
            7610654.158247369,
            3750144.605377126,
            5731639.144231168,
            6042417.222690004,
            4870904.195347496,
            5849472.65317174,
            2381431.822868317,
            2894097.896027005,
            5153006.530197378,
            5579482.2154144775,
            368299.9934856552,
            430020.67600468517,
            424479.4242015176,
            1140747.2336928542,
            1159519.827382705,
            392823.09690231987,
            396958.9495683474,
            395243.1777162189,
            418621.6088730302,
            446778.0399420198,
            409730.2231966222,
            422172.6340719926,
            430907.05313806795,
            441405.2666899377,
            437837.16664577386,
            1198183.1810068393,
            446796.58115756133,
            446796.58367276145,
            1198183.1731944594,
            437837.1651662148,
            441405.248481387,
            430907.04776736186,
            422172.629422558,
            409730.2231966361,
            446778.0337387479,
            418621.60577623214,
            395243.17771620955,
            396958.70722148335,
            392823.0969023083,
            1159519.819570065,
            1140747.1986875287,
            424479.4178519935,
            430019.82195132755,
            368299.9116127319,
            8059513.075405011,
            6043341.66741044,
            405471.2602522596,
            9886552.801182857,
            10797065.517513713,
            2390240.985887778,
            3626625.2986286655,
            3315292.3547460786,
            7559641.092979149,
            2225489.248827123,
            2634440.2050932995,
            352872.7383835554,
            3015511.369763112,
            3033712.6188979973,
            1460813.0161329822,
            1257497.8744514096,
            5774904.809383369,
            5746085.686652311,
            25218.41724790917,
            8059512.573597893,
            6043341.854926825,
            405471.25282342447,
            9886552.55173839,
            10797065.14293857,
            2390241.04332796,
            3626625.2378269066,
            3315292.542666274,
            7559641.764473186,
            2225489.1237246827,
            2634440.267583161,
            352872.75371906394,
            3015511.1818730813,
            3033712.6158576696,
            1460813.047382558,
            1257497.8973304792,
            5774904.855350723,
            5746085.623954862,
            25218.417247795165
        ],
        "shape": [
            89
        ],
        "count": 23160228
    },
    "wandb_run_id": "qwkk58u3",
    "wandb_project": "rlgym-ppo",
    "wandb_entity": "gashfraude-epsi",
    "wandb_group": "unnamed-runs",
    "wandb_config": {
        "n_proc": 48,
        "min_inference_size": 36,
        "timestep_limit": 1e+16,
        "exp_buffer_size": 150000,
        "ts_per_iteration": 50000,
        "standardize_returns": true,
        "standardize_obs": true,
        "policy_layer_sizes": [
            512,
            512,
            256
        ],
        "critic_layer_sizes": [
            512,
            512,
            256
        ],
        "ppo_epochs": 2,
        "ppo_batch_size": 50000,
        "ppo_minibatch_size": 50000,
        "ppo_ent_coef": 0.01,
        "ppo_clip_range": 0.2,
        "gae_lambda": 0.95,
        "gae_gamma": 0.99,
        "policy_lr": 0.0002,
        "critic_lr": 0.0002,
        "shm_buffer_size": 8192
    }
}