{
    "cumulative_timesteps": 273738868,
    "cumulative_model_updates": 32652,
    "policy_average_reward": 442.0262441196414,
    "epoch": 5450,
    "ts_since_last_save": 500480,
    "reward_running_stats": {
        "mean": [
            18.997534169426295
        ],
        "var": [
            969124152.0970521
        ],
        "shape": [
            1
        ],
        "count": 820500
    },
    "obs_running_stats": {
        "mean": [
            -2.0839155724170737e-12,
            1.1735477843998328e-12,
            0.12994558438032547,
            1.7889497288736947e-12,
            -2.41305523629392e-12,
            -0.013159360083192151,
            -2.4416927550502444e-12,
            -1.5122334491513885e-12,
            0.0038644753525734345,
            0.5817352822156785,
            0.2783824511113959,
            -0.21170282597381157,
            0.025594520114055587,
            0.04166151771046416,
            0.1329619908577884,
            0.7326426982546269,
            0.3021682893930556,
            0.9790834123888279,
            0.9761968542686746,
            0.9767656993749613,
            0.9327866591354647,
            0.9366307925293488,
            0.9799700139050594,
            0.9797913085638336,
            0.9801667377987914,
            0.9758706808950701,
            0.9757476288280098,
            0.9798441304136765,
            0.9794324884594056,
            0.9789458443724396,
            0.9791070491581776,
            0.9787847816969176,
            0.9312646073509945,
            0.9788736755767946,
            0.9788736693677171,
            0.9312646073511149,
            0.9787847879061121,
            0.9791070553674108,
            0.9789458505815515,
            0.9794324946685286,
            0.9798441304136831,
            0.975747635037137,
            0.9758706871041807,
            0.9801667377987842,
            0.9797913147730098,
            0.9799700139050169,
            0.9366307925293387,
            0.9327866529261378,
            0.9767657055841124,
            0.9761968604777727,
            0.9790834185980865,
            -0.01223115707216822,
            0.008827922816132091,
            0.06358855457219144,
            0.06719483270875456,
            0.011811084971023914,
            0.0021768666763589523,
            0.010712591015807068,
            0.006235245442997078,
            0.6163476039904511,
            -0.001458427222673686,
            0.0016642286121941105,
            -0.005014930765222386,
            0.03415688316568165,
            -0.04734945097602785,
            0.05512750442962433,
            0.08859843169249985,
            0.49411995817649323,
            0.5601603800403138,
            0.001229702322365071,
            0.012231155325842713,
            -0.008827922864642096,
            0.06358855224376701,
            -0.06719483251472524,
            -0.01181108434040914,
            0.002176864735995164,
            -0.010712590045626653,
            -0.006235245006417868,
            0.6163475977812026,
            0.0014584267860918325,
            -0.0016642287243721664,
            -0.005014929795041383,
            -0.03415688374779542,
            0.047349453304479025,
            0.05512750442962205,
            0.08859843790166894,
            0.4941199566240313,
            0.5601603846972238,
            0.0012297023238808688
        ],
        "var": [
            14435133.01852948,
            11153335.5119936,
            965081.943494582,
            2308334.866909067,
            3033498.642441441,
            927985.4260398507,
            13992769.252229169,
            12790454.818323439,
            6638866.173260624,
            9325393.401292847,
            11901135.664515302,
            10058373.460599124,
            10367997.24028798,
            3715201.6054123123,
            4502044.30963603,
            7656083.505441755,
            8256239.452184016,
            701338.4831333397,
            808931.1018001699,
            788486.7598363912,
            2311164.0751921367,
            2178541.2279123985,
            664666.8105892875,
            672029.3662825,
            651238.4259123411,
            819274.4839763873,
            825513.0467928592,
            665461.3670082762,
            680292.1393867042,
            694107.6102334496,
            685242.3426439373,
            700078.6491645924,
            2358531.343003471,
            693496.4184106408,
            693496.4227512882,
            2358531.3351913854,
            700078.6461722141,
            685242.3226262827,
            694107.6034256725,
            680292.1333534382,
            665461.3670082964,
            825513.040620303,
            819274.4814337275,
            651238.4259123623,
            672029.1230456543,
            664666.8105892774,
            2178541.220099809,
            2311164.036092656,
            788486.7535338224,
            808930.2479316615,
            701338.4014025441,
            14018293.736741971,
            10865511.755809197,
            576174.3270374248,
            16368797.395030934,
            18362016.522501852,
            4182002.617836584,
            5939196.742380255,
            5478612.185851431,
            12812043.289739307,
            3673168.716233762,
            4642344.902275792,
            526612.8517072941,
            5170120.2182804495,
            5204073.38644525,
            2682740.2393792956,
            1830383.2677051856,
            9770646.142947868,
            9641510.788032379,
            48023.81410755629,
            14018293.234735636,
            10865511.943308484,
            576174.3183712503,
            16368797.145743268,
            18362016.148273148,
            4182002.6763099744,
            5939196.681734674,
            5478612.373811454,
            12812043.963900128,
            3673168.5911288937,
            4642344.964762476,
            526612.8669086383,
            5170120.029774319,
            5204073.380444473,
            2682740.270628904,
            1830383.2996105372,
            9770646.190817868,
            9641510.720446901,
            48023.81410742527
        ],
        "shape": [
            89
        ],
        "count": 39105630
    },
    "wandb_run_id": "qwkk58u3",
    "wandb_project": "rlgym-ppo",
    "wandb_entity": "gashfraude-epsi",
    "wandb_group": "unnamed-runs",
    "wandb_config": {
        "n_proc": 48,
        "min_inference_size": 36,
        "timestep_limit": 1e+16,
        "exp_buffer_size": 150000,
        "ts_per_iteration": 50000,
        "standardize_returns": true,
        "standardize_obs": true,
        "policy_layer_sizes": [
            512,
            512,
            256
        ],
        "critic_layer_sizes": [
            512,
            512,
            256
        ],
        "ppo_epochs": 2,
        "ppo_batch_size": 50000,
        "ppo_minibatch_size": 50000,
        "ppo_ent_coef": 0.01,
        "ppo_clip_range": 0.2,
        "gae_lambda": 0.95,
        "gae_gamma": 0.99,
        "policy_lr": 0.0002,
        "critic_lr": 0.0002,
        "shm_buffer_size": 8192
    }
}