{
    "cumulative_timesteps": 332128222,
    "cumulative_model_updates": 39628,
    "policy_average_reward": 208.36517919305817,
    "epoch": 6614,
    "ts_since_last_save": 500374,
    "reward_running_stats": {
        "mean": [
            16.645278257146522
        ],
        "var": [
            1451559445.3367436
        ],
        "shape": [
            1
        ],
        "count": 995550
    },
    "obs_running_stats": {
        "mean": [
            -1.7175562897017917e-12,
            9.67234183490881e-13,
            0.12668228301042916,
            1.4744464204497954e-12,
            -1.988832100113833e-12,
            -0.012504894453842768,
            -2.0124350473145935e-12,
            -1.2463777795945062e-12,
            0.002579387147877035,
            0.5957419575666484,
            0.3020824808908692,
            -0.20139994026979918,
            0.00929064469389754,
            0.034089746151742505,
            0.1367273239769008,
            0.7323813654367077,
            0.2769275042073682,
            0.9795170595955418,
            0.9762751730583265,
            0.9769721206282093,
            0.9323753140682904,
            0.9371986418194989,
            0.9803460085426264,
            0.9801654198550649,
            0.9805430709258182,
            0.9762306767389715,
            0.9764022150357955,
            0.9802567351122458,
            0.9799174822581983,
            0.9794649027505027,
            0.9794808366404442,
            0.9792730157122477,
            0.9314751343661571,
            0.9793173020268543,
            0.9793172969094248,
            0.9314751343661788,
            0.9792730208298739,
            0.9794808417580502,
            0.9794649078680189,
            0.9799174873757551,
            0.9802567351122513,
            0.976402220153369,
            0.9762306818565083,
            0.9805430709258023,
            0.9801654249726567,
            0.9803460085425946,
            0.9371986418194489,
            0.9323753089505442,
            0.9769721257457079,
            0.9762751781758925,
            0.9795170647131316,
            -0.011717236963914563,
            0.009188102224876067,
            0.06152362791550142,
            0.07275676002895187,
            0.009455017448210557,
            -0.0036716032504160202,
            0.010548907449486227,
            0.008800983953224137,
            0.5982226764083526,
            -0.0014473392116603075,
            0.0015420220189724565,
            -0.004620219379215432,
            0.039745020536056636,
            -0.05164505988763873,
            0.05017765897975428,
            0.08700793047611356,
            0.4666313161799925,
            0.5380549862476293,
            0.0011341143772349732,
            0.011717235524604498,
            -0.009188102264858408,
            0.06152362599641647,
            -0.07275675986904782,
            -0.00945501692846082,
            -0.0036716048496569704,
            -0.010548906649864869,
            -0.008800983593396884,
            0.5982226712908124,
            0.0014473388518312822,
            -0.001542022111429236,
            -0.00462021857959471,
            -0.03974502101583645,
            0.05164506180674577,
            0.050177658979750676,
            0.0870079355936616,
            0.4666313149004426,
            0.5380549900857607,
            0.0011341143784842338
        ],
        "var": [
            17408281.430763103,
            13769048.624762762,
            1121197.328613505,
            2741766.199431093,
            3863358.839589514,
            1080074.5368717383,
            17375248.41720194,
            15400227.900221042,
            8016643.753843282,
            11521189.57941025,
            15534574.186604425,
            13307208.53024318,
            13483615.605779968,
            4692924.759786475,
            5594131.801241547,
            9295728.155002655,
            9511040.646715308,
            852437.9245342173,
            999215.6008958282,
            968447.9294170808,
            2851015.3440368236,
            2650085.6750200004,
            811265.2189105127,
            820150.6246895521,
            796238.8533624979,
            999426.1016043344,
            993331.9980372874,
            811403.7233245436,
            826247.9846367209,
            842426.3342886473,
            838875.6691478429,
            851093.9362072377,
            2883849.3329592575,
            845826.5277590947,
            845826.5323152698,
            2883849.3251472632,
            851093.9329778206,
            838875.6489486303,
            842426.3272287749,
            826247.9783679063,
            811403.7233245511,
            993331.9915468761,
            999426.0988868249,
            796238.8533624941,
            820150.3812710176,
            811265.2189105015,
            2650085.6672073486,
            2851015.3047370575,
            968447.9230143774,
            999214.7469893213,
            852437.8425928785,
            16907255.50434966,
            13366093.617234347,
            648290.323724186,
            19633696.5587348,
            22251995.00919143,
            5294623.2883105045,
            7373063.414572249,
            6932234.372430619,
            16138696.564499332,
            4297302.535374796,
            5680382.999194193,
            600906.2128279002,
            6751615.643570783,
            6732638.658320792,
            3544346.3686431427,
            2200105.5461902553,
            11804500.989478635,
            11799666.335210167,
            53743.921365346956,
            16907255.00227576,
            13366093.804732703,
            648290.3146817262,
            19633696.309531283,
            22251994.634849392,
            5294623.345897089,
            7373063.353913364,
            6932234.560478447,
            16138697.229859628,
            4297302.410269712,
            5680383.061682381,
            600906.227999404,
            6751615.454810564,
            6732638.651539093,
            3544346.399892761,
            2200105.578867988,
            11804501.034010846,
            11799666.275674142,
            53743.921365226124
        ],
        "shape": [
            89
        ],
        "count": 47446964
    },
    "wandb_run_id": "qwkk58u3",
    "wandb_project": "rlgym-ppo",
    "wandb_entity": "gashfraude-epsi",
    "wandb_group": "unnamed-runs",
    "wandb_config": {
        "n_proc": 48,
        "min_inference_size": 36,
        "timestep_limit": 1e+16,
        "exp_buffer_size": 150000,
        "ts_per_iteration": 50000,
        "standardize_returns": true,
        "standardize_obs": true,
        "policy_layer_sizes": [
            512,
            512,
            256
        ],
        "critic_layer_sizes": [
            512,
            512,
            256
        ],
        "ppo_epochs": 2,
        "ppo_batch_size": 50000,
        "ppo_minibatch_size": 50000,
        "ppo_ent_coef": 0.01,
        "ppo_clip_range": 0.2,
        "gae_lambda": 0.95,
        "gae_gamma": 0.99,
        "policy_lr": 0.0002,
        "critic_lr": 0.0002,
        "shm_buffer_size": 8192
    }
}