{
    "cumulative_timesteps": 616159608,
    "cumulative_model_updates": 73672,
    "policy_average_reward": 271.314707385332,
    "epoch": 12289,
    "ts_since_last_save": 500370,
    "reward_running_stats": {
        "mean": [
            11.94845120256595
        ],
        "var": [
            4767104563.762222
        ],
        "shape": [
            1
        ],
        "count": 1847100
    },
    "obs_running_stats": {
        "mean": [
            -9.258142535517868e-13,
            5.213681809591262e-13,
            0.12161206336509119,
            7.947707561189917e-13,
            -1.0720400356825723e-12,
            -0.010713060268213665,
            -1.0847627307025636e-12,
            -6.718349295977425e-13,
            -0.00314949005649719,
            0.6304033141705478,
            0.35361352100752463,
            -0.13491839358670127,
            -0.1093322907276242,
            0.04145114487549473,
            0.14295692524827774,
            0.5339101547644495,
            0.21681752089506662,
            0.9795945502076717,
            0.9752030135959192,
            0.9768382708844946,
            0.9273851131137392,
            0.9383534695682468,
            0.9799741346194518,
            0.9800034408091005,
            0.9803509345384854,
            0.9758249063184875,
            0.977764049675755,
            0.980201464696808,
            0.9801981982964915,
            0.9795882940616181,
            0.9794709951729456,
            0.9796193830556361,
            0.9288219578831127,
            0.9794831713157898,
            0.9794831685572755,
            0.9288219578831165,
            0.9796193858140385,
            0.9794709979315799,
            0.979588296820191,
            0.980198201055091,
            0.9802014646968599,
            0.9777640524340255,
            0.9758249090769113,
            0.9803509345384529,
            0.9800034435676274,
            0.9799741346193839,
            0.9383534695681192,
            0.9273851103550728,
            0.9768382736429764,
            0.9752030163545924,
            0.9795945529662176,
            -0.01726148966153559,
            0.01032314282459526,
            0.05581872388666287,
            0.09405086591902566,
            0.00252295931697595,
            -0.0214365144273138,
            0.011884367683820637,
            0.021171981846550923,
            0.5512291694692918,
            -0.0019631485531649375,
            0.0017588438100547864,
            -0.0035961852620545135,
            0.0535655136442294,
            -0.07321804283849603,
            0.03441387389912644,
            0.136207622480836,
            0.4115373835676551,
            0.4866227790121277,
            0.0009160605688533892,
            0.017261488885710257,
            -0.010323142846146265,
            0.05581872285221372,
            -0.09405086583287198,
            -0.0025229590368137113,
            -0.021436515289351334,
            -0.011884367252802066,
            -0.021171981652585072,
            0.5512291667110978,
            0.0019631483592072335,
            -0.0017588438598917498,
            -0.0035961848310358028,
            -0.053565513902841894,
            0.07321804387291599,
            0.034413873899106155,
            0.13620762523931737,
            0.4115373828778488,
            0.4866227810807162,
            0.0009160605695266816
        ],
        "var": [
            31725210.575773213,
            26913376.04148744,
            1861021.8210133298,
            5108037.267386915,
            8811652.104913926,
            1855450.8429045996,
            35687335.42236087,
            27533351.337042347,
            15128573.946645249,
            21699794.358992435,
            33481001.50939073,
            31452813.13435155,
            32087719.494369682,
            10080959.568101019,
            10778409.953794302,
            21900676.47608783,
            14957284.408798067,
            1659986.1646187648,
            2028828.5187359855,
            1892546.0063322864,
            5787042.236210039,
            4949275.140669107,
            1624504.7244626442,
            1622683.7259732217,
            1586611.5702458746,
            1974968.05991335,
            1813860.290169887,
            1601361.0020180137,
            1601025.9339474684,
            1648129.6036996525,
            1655206.1886974233,
            1645443.5044110334,
            5674691.520901279,
            1653689.7337189226,
            1653689.7383556936,
            5674691.513088256,
            1645443.5010137756,
            1655206.1685031208,
            1648129.5965801936,
            1601025.9275419868,
            1601361.0020179402,
            1813860.2830185613,
            1974968.0573928698,
            1586611.5702458166,
            1622683.4826333725,
            1624504.7244625543,
            4949275.132856037,
            5787042.194484933,
            1892545.999995038,
            2028827.66534998,
            1659986.0826391068,
            30760164.128769413,
            25686403.558779422,
            968905.9713577819,
            35777530.88290853,
            40919394.27205753,
            10495722.811789993,
            14575998.709970282,
            14182286.591971602,
            32452481.16979242,
            7552922.307911387,
            11511526.292066993,
            934112.4750949959,
            14573896.450060459,
            14283837.141855825,
            8015672.24992522,
            6061417.369948296,
            21312474.37578883,
            21996603.976461165,
            80555.08249402282,
            30760163.627461914,
            25686403.746276256,
            968905.9612762529,
            35777530.634007044,
            40919393.89737229,
            10495722.86667786,
            14575998.649412896,
            14182286.780444035,
            32452481.812326264,
            7552922.1828259155,
            11511526.354549238,
            934112.4901885382,
            14573896.260669366,
            14283837.131145723,
            8015672.281175505,
            6061417.3787339395,
            21312474.413611453,
            21996603.935658216,
            80555.08249392903
        ],
        "shape": [
            89
        ],
        "count": 88022874
    },
    "wandb_run_id": "qwkk58u3",
    "wandb_project": "rlgym-ppo",
    "wandb_entity": "gashfraude-epsi",
    "wandb_group": "unnamed-runs",
    "wandb_config": {
        "n_proc": 48,
        "min_inference_size": 36,
        "timestep_limit": 1e+16,
        "exp_buffer_size": 150000,
        "ts_per_iteration": 50000,
        "standardize_returns": true,
        "standardize_obs": true,
        "policy_layer_sizes": [
            512,
            512,
            256
        ],
        "critic_layer_sizes": [
            512,
            512,
            256
        ],
        "ppo_epochs": 2,
        "ppo_batch_size": 50000,
        "ppo_minibatch_size": 50000,
        "ppo_ent_coef": 0.01,
        "ppo_clip_range": 0.2,
        "gae_lambda": 0.95,
        "gae_gamma": 0.99,
        "policy_lr": 0.0002,
        "critic_lr": 0.0002,
        "shm_buffer_size": 8192
    }
}