{
    "cumulative_timesteps": 616760026,
    "cumulative_model_updates": 73738,
    "policy_average_reward": -648.3952899081077,
    "epoch": 12300,
    "ts_since_last_save": 500378,
    "reward_running_stats": {
        "mean": [
            11.933922819818502
        ],
        "var": [
            4773771456.9319515
        ],
        "shape": [
            1
        ],
        "count": 1848900
    },
    "obs_running_stats": {
        "mean": [
            -9.249129709194518e-13,
            5.208606269330276e-13,
            0.12159912267074799,
            7.939970446509558e-13,
            -1.0709964018774634e-12,
            -0.010711490251837765,
            -1.083706711036769e-12,
            -6.711808963302674e-13,
            -0.00311636057597541,
            0.6304233882448838,
            0.3537134780615109,
            -0.1347808354430297,
            -0.10951678797548418,
            0.041443374791587495,
            0.14298068015475737,
            0.5335356329625057,
            0.21674719515317675,
            0.9795940991401466,
            0.9752031944716006,
            0.9768382217877605,
            0.9273878990980163,
            0.9383599578019683,
            0.9799766735141238,
            0.9800041011854581,
            0.9803499968205603,
            0.9758262863701452,
            0.9777687287442967,
            0.9802018641986504,
            0.9801976703090323,
            0.9795892904866796,
            0.9794722192850206,
            0.9796206556553205,
            0.9288259668583074,
            0.9794836117999448,
            0.9794836090441129,
            0.9288259668583112,
            0.9796206584110411,
            0.9794722220409662,
            0.9795892932425704,
            0.9801976730649509,
            0.980201864198705,
            0.9777687314998823,
            0.9758262891258758,
            0.9803499968205298,
            0.9800041039412989,
            0.9799766735140584,
            0.9383599578018411,
            0.9273878963420368,
            0.9768382245435605,
            0.9752031972275863,
            0.9795941018960063,
            -0.017281383310904043,
            0.01031811129007886,
            0.05581521523471707,
            0.09407434975904615,
            0.0025046688432047316,
            -0.021448622068332868,
            0.011885052423605205,
            0.021185351984238147,
            0.5511211171888621,
            -0.0019635964455912993,
            0.0017574123833817815,
            -0.003595809556038815,
            0.05355538839958509,
            -0.07325269388982307,
            0.034393782495798865,
            0.13630258882939783,
            0.41141129824242695,
            0.48649831243028535,
            0.0009152482288520685,
            0.017281382535834514,
            -0.010318111311608757,
            0.05581521420127529,
            -0.09407434967297648,
            -0.002504668563315243,
            -0.02144862292953118,
            -0.011885051993006263,
            -0.02118535179046144,
            0.5511211144333542,
            0.0019635962518224524,
            -0.0017574124331702088,
            -0.0035958091254397148,
            -0.053555388657947206,
            0.07325269492323723,
            0.03439378249577931,
            0.13630259158519573,
            0.4114112975532914,
            0.48649831449685893,
            0.0009152482295247058
        ],
        "var": [
            31754676.01906764,
            26941107.152672727,
            1862526.073659272,
            5112363.020242107,
            8820857.000650233,
            1856936.4692383276,
            35726897.886908166,
            27559561.63348044,
            15142798.627152598,
            21722601.826135937,
            33518943.026009504,
            31487207.528510828,
            32129166.984658435,
            10094404.809050022,
            10790413.546754127,
            21924246.96190486,
            14968339.686675383,
            1661738.827872953,
            2030887.567477258,
            1894490.7911353076,
            5792608.605383931,
            4953735.653363712,
            1625973.28500941,
            1624308.7551333867,
            1588343.2071940757,
            1976875.8095207538,
            1815331.212630393,
            1602991.7739396135,
            1602735.4585939492,
            1649760.4509636695,
            1656827.4682733607,
            1647048.4467972245,
            5680059.245278252,
            1655376.2205072963,
            1655376.2251442778,
            5680059.237465284,
            1647048.44339935,
            1656827.4480784559,
            1649760.4438437386,
            1602735.4521887333,
            1602991.773939542,
            1815331.2054767974,
            1976875.8069996145,
            1588343.2071940168,
            1624308.511793209,
            1625973.285009324,
            4953735.645550669,
            5792608.563660091,
            1894490.7847980878,
            2030886.7140911128,
            1661738.745893518,
            30788340.200621657,
            25711847.68955639,
            969652.6239751962,
            35812065.594752245,
            40958128.39693739,
            10507002.392261608,
            14592590.669382824,
            14198740.708844405,
            32489539.210292116,
            7559408.664386218,
            11522623.895247843,
            934849.2222390356,
            14592750.617685426,
            14302051.729184696,
            8025289.377473991,
            6070370.7966752155,
            21331279.739976227,
            22017737.35743892,
            80562.14158973939,
            30788339.699316774,
            25711847.87705438,
            969652.6138930029,
            35812065.34585226,
            40958128.02224861,
            10507002.447147407,
            14592590.608825434,
            14198740.897317097,
            32489539.852773335,
            7559408.539300728,
            11522623.957730075,
            934849.237332545,
            14592750.42829477,
            14302051.718468415,
            8025289.40872412,
            6070370.805414538,
            21331279.777782593,
            22017737.316681117,
            80562.14158964562
        ],
        "shape": [
            89
        ],
        "count": 88108648
    },
    "wandb_run_id": "qwkk58u3",
    "wandb_project": "rlgym-ppo",
    "wandb_entity": "gashfraude-epsi",
    "wandb_group": "unnamed-runs",
    "wandb_config": {
        "n_proc": 48,
        "min_inference_size": 36,
        "timestep_limit": 1e+16,
        "exp_buffer_size": 150000,
        "ts_per_iteration": 50000,
        "standardize_returns": true,
        "standardize_obs": true,
        "policy_layer_sizes": [
            512,
            512,
            256
        ],
        "critic_layer_sizes": [
            512,
            512,
            256
        ],
        "ppo_epochs": 2,
        "ppo_batch_size": 50000,
        "ppo_minibatch_size": 50000,
        "ppo_ent_coef": 0.01,
        "ppo_clip_range": 0.2,
        "gae_lambda": 0.95,
        "gae_gamma": 0.99,
        "policy_lr": 0.0002,
        "critic_lr": 0.0002,
        "shm_buffer_size": 8192
    }
}