{
    "cumulative_timesteps": 147609290,
    "cumulative_model_updates": 17590,
    "policy_average_reward": 1863.9408343314929,
    "epoch": 2937,
    "ts_since_last_save": 500466,
    "reward_running_stats": {
        "mean": [
            17.69263621614753
        ],
        "var": [
            351345946.98013103
        ],
        "shape": [
            1
        ],
        "count": 442500
    },
    "obs_running_stats": {
        "mean": [
            -3.864577449432998e-12,
            2.1763195890271333e-12,
            0.1304319777965834,
            3.3175695084728147e-12,
            -4.4749599913653255e-12,
            -0.01834178292027906,
            -4.528067690135847e-12,
            -2.804405006696553e-12,
            0.010404458506859405,
            0.49033092658583993,
            0.24862718593122707,
            -0.1765897241914017,
            0.07112912622155056,
            0.05404115435240601,
            0.15922351953263117,
            0.6423129107375165,
            0.43222250024670067,
            0.9796765412229671,
            0.9771202102265355,
            0.9771675398745281,
            0.943821645542519,
            0.9423776013509725,
            0.9779182698897289,
            0.9776893916180383,
            0.9772492366513853,
            0.977547712046273,
            0.9763329884936323,
            0.9766455145015439,
            0.9760979520714541,
            0.9754618993629933,
            0.974520188041267,
            0.9750959197888331,
            0.940327817416343,
            0.9743259358266326,
            0.9743259243118901,
            0.9403278174163547,
            0.9750959313035853,
            0.9745201995560964,
            0.9754619108777385,
            0.9760979635861283,
            0.9766455145015347,
            0.9763330000084283,
            0.9775477235609427,
            0.9772492366513672,
            0.9776894031327076,
            0.9779182698897267,
            0.9423776013509534,
            0.9438216340278227,
            0.9771675513895075,
            0.9771202217412316,
            0.9796765527378786,
            -0.014164218815542765,
            0.003587694201641516,
            0.07174617151925332,
            0.05979230106092061,
            0.006172563585230263,
            -0.00653821429412197,
            0.00807069263477701,
            0.005481493691426046,
            0.5983967647529445,
            -0.0016503514236290567,
            0.0012342541467833892,
            -0.007188690407687898,
            0.022746455614104568,
            -0.03051002114879757,
            0.05161859578865789,
            0.11126414038038585,
            0.4486330787828677,
            0.5198653701086126,
            0.0008473076904149528,
            0.014164215577013976,
            -0.003587694291600477,
            0.07174616720123304,
            -0.05979230070109107,
            -0.006172562415764436,
            -0.006538217892485653,
            -0.008070690835595938,
            -0.005481492881795139,
            0.5983967532381277,
            0.0016503506139973864,
            -0.0012342543548142294,
            -0.007188688608506336,
            -0.022746456693613745,
            0.030510025466832735,
            0.051618595788647297,
            0.11126415189519724,
            0.4486330759041724,
            0.5198653787446132,
            0.0008473076932262839
        ],
        "var": [
            7585899.927870929,
            5578827.790367173,
            556705.05739326,
            1064292.2528152443,
            1206092.6551404987,
            530251.9616588865,
            7244051.356138121,
            6925951.227142002,
            3324275.828442916,
            5556775.502295097,
            5488091.483292861,
            4304849.452708967,
            5331453.311235684,
            2209284.4968964607,
            2816788.938170271,
            4840880.03972146,
            5185235.7599529615,
            320344.4492049741,
            371681.16128019005,
            371483.09208637336,
            977497.839193048,
            1002557.5581036755,
            352428.8609771973,
            357696.36552446743,
            359862.3115719878,
            361274.5912857829,
            387367.6210048009,
            374117.79106852756,
            384507.4603941766,
            392847.30872436194,
            408886.35098597367,
            400122.0115821674,
            1038575.6191135923,
            412284.3663640113,
            412284.36849622085,
            1038575.6113011747,
            400122.0103810787,
            408886.33319591195,
            392847.303608445,
            384507.45598026994,
            374117.7910685423,
            387367.6145481217,
            361274.5879287704,
            359862.31157197163,
            357696.1233083194,
            352428.86097718985,
            1002557.5502910812,
            977497.8054511304,
            371483.08558865124,
            371680.3069631913,
            320344.36718600447,
            7256338.717100575,
            5429689.615711144,
            375026.7734172231,
            9018440.133942863,
            9790149.685263881,
            2190837.0123919197,
            3367239.5599810393,
            3111266.1053497815,
            7041610.636551055,
            1968383.2327705715,
            2320203.65596617,
            318096.00154048984,
            2860676.257671317,
            2859897.1709385617,
            1337018.5229789761,
            1175761.5391177014,
            5211732.556145659,
            5270096.999088993,
            17846.809294941915,
            7256338.21536042,
            5429689.803225365,
            375026.76623676566,
            9018439.884543616,
            9790149.310762728,
            2190837.0695422892,
            3367239.4991346067,
            3111266.2932835775,
            7041611.301993712,
            1968383.1076703954,
            2320203.718458062,
            318096.0169068681,
            2860676.06968378,
            2859897.1680048252,
            1337018.554228361,
            1175761.5600161066,
            5211732.598492194,
            5270096.946181961,
            17846.80929485689
        ],
        "shape": [
            89
        ],
        "count": 21087126
    },
    "wandb_run_id": "qwkk58u3",
    "wandb_project": "rlgym-ppo",
    "wandb_entity": "gashfraude-epsi",
    "wandb_group": "unnamed-runs",
    "wandb_config": {
        "n_proc": 48,
        "min_inference_size": 36,
        "timestep_limit": 1e+16,
        "exp_buffer_size": 150000,
        "ts_per_iteration": 50000,
        "standardize_returns": true,
        "standardize_obs": true,
        "policy_layer_sizes": [
            512,
            512,
            256
        ],
        "critic_layer_sizes": [
            512,
            512,
            256
        ],
        "ppo_epochs": 2,
        "ppo_batch_size": 50000,
        "ppo_minibatch_size": 50000,
        "ppo_ent_coef": 0.01,
        "ppo_clip_range": 0.2,
        "gae_lambda": 0.95,
        "gae_gamma": 0.99,
        "policy_lr": 0.0002,
        "critic_lr": 0.0002,
        "shm_buffer_size": 8192
    }
}