{
    "cumulative_timesteps": 614658558,
    "cumulative_model_updates": 73492,
    "policy_average_reward": 256.53928369423755,
    "epoch": 12259,
    "ts_since_last_save": 500304,
    "reward_running_stats": {
        "mean": [
            11.958097099905624
        ],
        "var": [
            4750362626.549603
        ],
        "shape": [
            1
        ],
        "count": 1842600
    },
    "obs_running_stats": {
        "mean": [
            -9.280751529805634e-13,
            5.226413959256911e-13,
            0.1216316960112967,
            7.967116386496149e-13,
            -1.0746580279382997e-12,
            -0.010719458104076143,
            -1.0874117927169897e-12,
            -6.734755952615338e-13,
            -0.0031173285022799654,
            0.6303303520154704,
            0.35339051383210207,
            -0.1352576391406917,
            -0.10884794447937263,
            0.04145335455874949,
            0.14289665570366172,
            0.5348518693664709,
            0.2170073437443974,
            0.9795946000636938,
            0.9752016319863304,
            0.9768370220043111,
            0.9274077407716873,
            0.938343366756885,
            0.9799739156608082,
            0.9800075413013407,
            0.9803530706918825,
            0.9758286763201081,
            0.9777577730151953,
            0.9801995573730983,
            0.9801985492929715,
            0.9795890688874684,
            0.9794732373649145,
            0.9796196302162347,
            0.9288234840201965,
            0.9794833022184358,
            0.979483299453184,
            0.928823484020201,
            0.9796196329813799,
            0.979473240130289,
            0.9795890716527644,
            0.9801985520583075,
            0.9801995573731528,
            0.9777577757802026,
            0.9758286790852723,
            0.9803530706918481,
            0.9800075440666148,
            0.9799739156607371,
            0.938343366756757,
            0.9274077380062856,
            0.9768370247695284,
            0.9752016347517299,
            0.9795946028289635,
            -0.017230049226966422,
            0.01031681171338297,
            0.05583109996273206,
            0.0939892707627375,
            0.0025812424598063927,
            -0.021413949286239565,
            0.011880030617975266,
            0.021139995454636656,
            0.5514994784806002,
            -0.0019581388466412557,
            0.0017597723099070318,
            -0.0035999900182938035,
            0.05359090252058294,
            -0.07311231056285245,
            0.03447681941446567,
            0.1359419545080959,
            0.41182648570076213,
            0.48692685535142244,
            0.0009179787732084788,
            0.017230048449247793,
            -0.010316811734986596,
            0.0558310989257567,
            -0.09398927067637713,
            -0.002581242178959919,
            -0.021413950150381604,
            -0.011880030185904675,
            -0.021139995260196724,
            0.5514994757156758,
            0.0019581386522099643,
            -0.0017597723598656897,
            -0.0035999895862225783,
            -0.053590902779825395,
            0.07311231159980237,
            0.03447681941444531,
            0.13594195727331165,
            0.4118264850092565,
            0.4869268574250615,
            0.0009179787738834102
        ],
        "var": [
            31649636.827151418,
            26844069.75354968,
            1857240.782319155,
            5095877.925609502,
            8785172.691617493,
            1851404.6696375506,
            35589649.825290106,
            27466725.69726331,
            15089714.856600381,
            21644593.858397618,
            33386302.490175653,
            31367896.31069033,
            31986789.366555247,
            10047512.06166604,
            10748358.0604506,
            21841628.587965794,
            14930308.902477123,
            1655695.6298192004,
            2023758.355414172,
            1887798.9627469815,
            5770903.441906103,
            4937648.669336641,
            1620314.9500073022,
            1618135.8684215567,
            1582300.7310026463,
            1969594.3871807146,
            1809724.8005075234,
            1597360.4242842812,
            1596834.2365430421,
            1643776.7224157492,
            1650705.6429690206,
            1641141.4583914538,
            5660399.987418064,
            1649369.4692765134,
            1649369.4739133664,
            5660399.979605081,
            1641141.4549940855,
            1650705.6227736091,
            1643776.7152958943,
            1596834.2301373943,
            1597360.4242842009,
            1809724.7933592505,
            1969594.3846584074,
            1582300.7310025895,
            1618135.6250797221,
            1620314.9500072089,
            4937648.661523487,
            5770903.400192253,
            1887798.9564103521,
            2023757.5020288522,
            1655695.5478395068,
            30687540.12209897,
            25622233.290862635,
            967248.7286860426,
            35691546.59485517,
            40821706.8502593,
            10468033.024590885,
            14534490.80506211,
            14141542.092402516,
            32359536.69398908,
            7535621.993387448,
            11480839.319705915,
            932290.4251594169,
            14527345.287649669,
            14238582.155479621,
            7992071.419304088,
            6037763.6992526185,
            21265027.973349825,
            21943740.08660198,
            80526.95352438996,
            30687539.62078684,
            25622233.478360336,
            967248.7186067585,
            35691546.34595422,
            40821706.47557696,
            10468033.079482485,
            14534490.744504614,
            14141542.280874113,
            32359537.336653773,
            7535621.8683017865,
            11480839.382188391,
            932290.4402532362,
            14527345.098257288,
            14238582.144788697,
            7992071.450554338,
            6037763.708166992,
            21265028.01120796,
            21943740.045687746,
            80526.95352429594
        ],
        "shape": [
            89
        ],
        "count": 87808440
    },
    "wandb_run_id": "qwkk58u3",
    "wandb_project": "rlgym-ppo",
    "wandb_entity": "gashfraude-epsi",
    "wandb_group": "unnamed-runs",
    "wandb_config": {
        "n_proc": 48,
        "min_inference_size": 36,
        "timestep_limit": 1e+16,
        "exp_buffer_size": 150000,
        "ts_per_iteration": 50000,
        "standardize_returns": true,
        "standardize_obs": true,
        "policy_layer_sizes": [
            512,
            512,
            256
        ],
        "critic_layer_sizes": [
            512,
            512,
            256
        ],
        "ppo_epochs": 2,
        "ppo_batch_size": 50000,
        "ppo_minibatch_size": 50000,
        "ppo_ent_coef": 0.01,
        "ppo_clip_range": 0.2,
        "gae_lambda": 0.95,
        "gae_gamma": 0.99,
        "policy_lr": 0.0002,
        "critic_lr": 0.0002,
        "shm_buffer_size": 8192
    }
}