{
    "cumulative_timesteps": 148109716,
    "cumulative_model_updates": 17650,
    "policy_average_reward": 1821.2153773799039,
    "epoch": 2947,
    "ts_since_last_save": 500426,
    "reward_running_stats": {
        "mean": [
            17.76738230692303
        ],
        "var": [
            356118188.4373768
        ],
        "shape": [
            1
        ],
        "count": 444000
    },
    "obs_running_stats": {
        "mean": [
            -3.85151994835652e-12,
            2.168966315961269e-12,
            0.13045639103440335,
            3.306360219160862e-12,
            -4.459840151334258e-12,
            -0.018295455244906757,
            -4.5127684104117234e-12,
            -2.7949295802128573e-12,
            0.010404061603706022,
            0.4910259260779612,
            0.24885503483352708,
            -0.17654320073571067,
            0.07133373193784677,
            0.054201734744821935,
            0.1587610181378623,
            0.6431321538303256,
            0.431054579502602,
            0.9796661399787646,
            0.977101951762516,
            0.9771586684329495,
            0.9437268468354666,
            0.9423202452970312,
            0.9779195754044955,
            0.9776982289348675,
            0.9772643346177051,
            0.9775264495055591,
            0.9763222105983587,
            0.9766682292276988,
            0.9761214771170665,
            0.9754779320191272,
            0.9745509817263003,
            0.9751108731626404,
            0.940216277244377,
            0.9743554953615126,
            0.9743554838856785,
            0.9402162772443917,
            0.9751108846385301,
            0.9745509932022276,
            0.9754779434949571,
            0.9761214885928355,
            0.9766682292276909,
            0.9763222220742411,
            0.9775264609813211,
            0.9772643346176907,
            0.9776982404106246,
            0.9779195754044997,
            0.9423202452970146,
            0.9437268353596789,
            0.9771586799090213,
            0.9771019632382961,
            0.9796661514547742,
            -0.01412064552257651,
            0.003574510065553587,
            0.07168311418523099,
            0.05967803115615218,
            0.0060970504776309276,
            -0.006463527428773382,
            0.008105370298454992,
            0.005473290253561137,
            0.598842751923576,
            -0.0016485463594440612,
            0.0012489176925821763,
            -0.007173312602446801,
            0.022661827476617522,
            -0.03056614887863064,
            0.051756016610251906,
            0.11111920501195537,
            0.44969175961520114,
            0.5208217570807512,
            0.0008573001196557026,
            0.014120642294989978,
            -0.003574510155208622,
            0.07168310988179678,
            -0.0596780307975383,
            -0.006097049312116444,
            -0.006463531014979149,
            -0.008105368505352751,
            -0.0054732894466658945,
            0.5988427404476578,
            0.0016485455525479691,
            -0.0012489178999101544,
            -0.007173310809344323,
            -0.022661828552478752,
            0.030566153182075836,
            0.05175601661024166,
            0.11111921648786104,
            0.44969175674622547,
            0.5208217656875854,
            0.000857300122457537
        ],
        "var": [
            7613872.915090337,
            5600036.478856332,
            558373.5364762226,
            1070341.5829137939,
            1213550.2685591646,
            531954.6961822413,
            7270438.821595341,
            6949786.694870489,
            3339047.628083953,
            5562544.411236229,
            5506535.491479512,
            4325446.826758037,
            5350678.571161979,
            2215389.3993929424,
            2819685.27597589,
            4852356.736260328,
            5199401.209667322,
            321978.9730652408,
            373648.05228359497,
            373257.2495213986,
            983068.6599206792,
            1007513.259159486,
            353946.22213883844,
            359077.1222933002,
            361146.8392797011,
            363273.34129978076,
            389236.7807330005,
            375290.23611821246,
            385701.4007257552,
            394235.9059040112,
            410043.1209585503,
            401557.42674661,
            1044665.139513779,
            413479.3398157889,
            413479.3419623565,
            1044665.1317013598,
            401557.4255382819,
            410043.1031535334,
            394235.9007803058,
            385701.3963004243,
            375290.2361182272,
            389236.7742815545,
            363273.3379530908,
            361146.83927968575,
            359076.880072859,
            353946.22213883157,
            1007513.2513468915,
            983068.6261327376,
            373257.243027984,
            373647.197975461,
            321978.8910513259,
            7283915.882534195,
            5450541.749536512,
            375972.5102024819,
            9048511.774470406,
            9824863.925147755,
            2197608.7716678954,
            3376224.024635374,
            3118248.499746889,
            7060220.24389017,
            1977252.125066923,
            2330759.5402000914,
            319215.38487860607,
            2866468.4943784447,
            2866308.8038776307,
            1341324.609834451,
            1178668.3172280795,
            5231693.971558922,
            5287117.949207847,
            18118.39757173785,
            7283915.380788124,
            5450541.937050977,
            375972.5030105393,
            9048511.525069488,
            9824863.550642945,
            2197608.828829583,
            3376223.963791582,
            3118248.6876804084,
            7060220.909549312,
            1977251.9999666733,
            2330759.602691841,
            319215.4002438211,
            2866468.3063946976,
            2866308.800933642,
            1341324.6410838505,
            1178668.3381968858,
            5231694.01403389,
            5287117.895952449,
            18118.397571651647
        ],
        "shape": [
            89
        ],
        "count": 21158616
    },
    "wandb_run_id": "qwkk58u3",
    "wandb_project": "rlgym-ppo",
    "wandb_entity": "gashfraude-epsi",
    "wandb_group": "unnamed-runs",
    "wandb_config": {
        "n_proc": 48,
        "min_inference_size": 36,
        "timestep_limit": 1e+16,
        "exp_buffer_size": 150000,
        "ts_per_iteration": 50000,
        "standardize_returns": true,
        "standardize_obs": true,
        "policy_layer_sizes": [
            512,
            512,
            256
        ],
        "critic_layer_sizes": [
            512,
            512,
            256
        ],
        "ppo_epochs": 2,
        "ppo_batch_size": 50000,
        "ppo_minibatch_size": 50000,
        "ppo_ent_coef": 0.01,
        "ppo_clip_range": 0.2,
        "gae_lambda": 0.95,
        "gae_gamma": 0.99,
        "policy_lr": 0.0002,
        "critic_lr": 0.0002,
        "shm_buffer_size": 8192
    }
}